起站,訖站,優惠票價[金額],敬老卡愛心卡愛心陪伴卡及臺北市與新北市兒童優惠票價[金額],距離
松山機場,松山機場,20,8,0
松山機場,中山國中,20,8,1.48
松山機場,科技大樓,25,10,5.32
松山機場,六張犁,25,10,6.45
松山機場,麟光,25,10,7.27
松山機場,辛亥,30,12,8.87
松山機場,萬芳醫院,30,12,9.63
松山機場,萬芳社區,30,12,10.77
松山機場,木柵,35,14,11.29
松山機場,動物園,35,14,11.97
松山機場,大安,20,8,4.57
松山機場,大安,20,8,4.57
松山機場,忠孝復興,20,8,3.68
松山機場,忠孝復興,20,8,3.68
松山機場,南京復興,20,8,2.41
松山機場,南京復興,20,8,2.41
松山機場,大直,20,8,2.59
松山機場,劍南路,20,8,3.91
松山機場,西湖,25,10,5.2
松山機場,港墘,25,10,6.03
松山機場,文德,25,10,7.04
松山機場,內湖,30,12,8.17
松山機場,大湖公園,30,12,9.03
松山機場,葫洲,30,12,10.66
松山機場,東湖,35,14,11.51
松山機場,南港軟體園區,35,14,12.24
松山機場,南港展覽館,35,14,11.59
松山機場,南港展覽館,35,14,11.59
松山機場,台大醫院,25,10,5.99
松山機場,台北車站,25,10,5.36
松山機場,台北車站,25,10,5.36
松山機場,中山,20,8,4.7
松山機場,中山,20,8,4.7
松山機場,民權西路,25,10,5.78
松山機場,民權西路,25,10,5.78
松山機場,小碧潭,40,16,15.67
松山機場,新店,40,16,15.73
松山機場,七張,35,14,13.72
松山機場,大坪林,35,14,12.87
松山機場,大坪林,35,14,12.87
松山機場,景美,35,14,11.72
松山機場,萬隆,30,12,10.66
松山機場,公館,30,12,9.1
松山機場,台電大樓,30,12,8.2
松山機場,古亭,25,10,7.32
松山機場,中正紀念堂,25,10,6.98
松山機場,頂溪,30,12,9.46
松山機場,永安市場,30,12,10.79
松山機場,景安,35,14,11.87
松山機場,景安,35,14,11.87
松山機場,南勢角,35,14,12.68
松山機場,雙連,25,10,5.25
松山機場,圓山,25,10,6.81
松山機場,劍潭,30,12,8.33
松山機場,士林,30,12,9.42
松山機場,芝山,30,12,10.52
松山機場,明德,35,14,11.4
松山機場,石牌,35,14,12
松山機場,唭哩岸,35,14,13.26
松山機場,奇岩,40,16,14.09
松山機場,北投,40,16,14.85
松山機場,新北投,40,16,15.88
松山機場,復興崗,40,16,16.46
松山機場,忠義,45,18,17.91
松山機場,關渡,45,18,18.78
松山機場,竹圍,50,20,20.92
松山機場,紅樹林,50,20,22.83
松山機場,淡水,55,22,24.92
松山機場,西門,25,10,6.71
松山機場,象山,25,10,7.29
松山機場,台北101/世貿,25,10,6.55
松山機場,信義安和,25,10,5.56
松山機場,大安森林公園,25,10,5.36
松山機場,北門,25,10,5.96
松山機場,東門,25,10,5.75
松山機場,新店區公所,40,16,14.62
松山機場,小南門,25,10,7.53
松山機場,松江南京,20,8,3.4
松山機場,松江南京,20,8,3.4
松山機場,忠孝新生,20,8,4.55
松山機場,忠孝新生,20,8,4.55
松山機場,頂埔,50,20,21.34
松山機場,永寧,45,18,19.4
松山機場,土城,45,18,18.29
松山機場,海山,40,16,16.82
松山機場,亞東醫院,40,16,15.18
松山機場,府中,35,14,13.89
松山機場,板橋,35,14,13.24
松山機場,板橋,35,14,13.24
松山機場,新埔,35,14,11.96
松山機場,江子翠,35,14,11.1
松山機場,龍山寺,30,12,8.02
松山機場,善導寺,25,10,5.48
松山機場,忠孝敦化,20,8,4.34
松山機場,國父紀念館,25,10,5.07
松山機場,市政府,25,10,5.91
松山機場,永春,25,10,6.9
松山機場,後山埤,25,10,7.72
松山機場,昆陽,30,12,9.08
松山機場,南港,30,12,10.5
松山機場,台北小巨蛋,20,8,3.35
松山機場,南京三民,20,8,4.55
松山機場,松山,25,10,5.9
松山機場,輔大,40,16,15.38
松山機場,新莊,35,14,13.64
松山機場,頭前庄,35,14,12.62
松山機場,頭前庄,35,14,12.62
松山機場,先嗇宮,35,14,11.35
松山機場,三重,30,12,9.63
松山機場,菜寮,30,12,8.76
松山機場,台北橋,25,10,7.77
松山機場,大橋頭,25,10,6.44
松山機場,中山國小,25,10,5.15
松山機場,行天宮,20,8,4.2
松山機場,蘆洲,35,14,12.45
松山機場,三民高中,35,14,11.28
松山機場,徐匯中學,30,12,10.38
松山機場,三和國中,30,12,9.55
松山機場,三重國小,30,12,8.32
松山機場,迴龍,45,18,18.15
松山機場,丹鳳,40,16,16.75
松山機場,十四張,40,16,14.42
松山機場,秀朗橋,35,14,13.86
松山機場,景平,35,14,12.96
松山機場,中和,35,14,13.4
松山機場,橋和,40,16,14.03
松山機場,中原,40,16,14.77
松山機場,板新,40,16,14.14
松山機場,新埔民生,35,14,11.96
松山機場,幸福,35,14,13.78
松山機場,新北產業園區,40,16,15.02
松山機場,廣慈/奉天宮,25,10,8.65
中山國中,松山機場,20,8,1.48
中山國中,中山國中,20,8,0
中山國中,科技大樓,20,8,3.84
中山國中,六張犁,20,8,4.97
中山國中,麟光,25,10,5.79
中山國中,辛亥,25,10,7.39
中山國中,萬芳醫院,30,12,8.15
中山國中,萬芳社區,30,12,9.29
中山國中,木柵,30,12,9.81
中山國中,動物園,30,12,10.49
中山國中,大安,20,8,3.09
中山國中,大安,20,8,3.09
中山國中,忠孝復興,20,8,2.2
中山國中,忠孝復興,20,8,2.2
中山國中,南京復興,20,8,0.93
中山國中,南京復興,20,8,0.93
中山國中,大直,20,8,4.06
中山國中,劍南路,25,10,5.39
中山國中,西湖,25,10,6.68
中山國中,港墘,25,10,7.5
中山國中,文德,30,12,8.52
中山國中,內湖,30,12,9.64
中山國中,大湖公園,30,12,10.51
中山國中,葫洲,35,14,12.14
中山國中,東湖,35,14,11.8
中山國中,南港軟體園區,30,12,10.76
中山國中,南港展覽館,30,12,10.11
中山國中,南港展覽館,30,12,10.11
中山國中,台大醫院,20,8,4.51
中山國中,台北車站,20,8,3.88
中山國中,台北車站,20,8,3.88
中山國中,中山,20,8,3.22
中山國中,中山,20,8,3.22
中山國中,民權西路,20,8,4.3
中山國中,民權西路,20,8,4.3
中山國中,小碧潭,40,16,14.19
中山國中,新店,40,16,14.25
中山國中,七張,35,14,12.24
中山國中,大坪林,35,14,11.39
中山國中,大坪林,35,14,11.39
中山國中,景美,30,12,10.24
中山國中,萬隆,30,12,9.18
中山國中,公館,25,10,7.62
中山國中,台電大樓,25,10,6.72
中山國中,古亭,25,10,5.84
中山國中,中正紀念堂,25,10,5.5
中山國中,頂溪,25,10,7.98
中山國中,永安市場,30,12,9.31
中山國中,景安,30,12,10.39
中山國中,景安,30,12,10.39
中山國中,南勢角,35,14,11.2
中山國中,雙連,20,8,3.77
中山國中,圓山,25,10,5.33
中山國中,劍潭,25,10,6.85
中山國中,士林,25,10,7.94
中山國中,芝山,30,12,9.04
中山國中,明德,30,12,9.92
中山國中,石牌,30,12,10.52
中山國中,唭哩岸,35,14,11.78
中山國中,奇岩,35,14,12.61
中山國中,北投,35,14,13.37
中山國中,新北投,40,16,14.4
中山國中,復興崗,40,16,14.98
中山國中,忠義,40,16,16.43
中山國中,關渡,45,18,17.3
中山國中,竹圍,45,18,19.44
中山國中,紅樹林,50,20,21.35
中山國中,淡水,55,22,23.44
中山國中,西門,25,10,5.23
中山國中,象山,25,10,5.81
中山國中,台北101/世貿,25,10,5.07
中山國中,信義安和,20,8,4.08
中山國中,大安森林公園,20,8,3.88
中山國中,北門,20,8,4.48
中山國中,東門,20,8,4.27
中山國中,新店區公所,35,14,13.14
中山國中,小南門,25,10,6.05
中山國中,松江南京,20,8,1.92
中山國中,松江南京,20,8,1.92
中山國中,忠孝新生,20,8,3.07
中山國中,忠孝新生,20,8,3.07
中山國中,頂埔,45,18,19.87
中山國中,永寧,45,18,17.92
中山國中,土城,40,16,16.81
中山國中,海山,40,16,15.34
中山國中,亞東醫院,35,14,13.7
中山國中,府中,35,14,12.42
中山國中,板橋,35,14,11.76
中山國中,板橋,35,14,11.76
中山國中,新埔,30,12,10.49
中山國中,江子翠,30,12,9.62
中山國中,龍山寺,25,10,6.54
中山國中,善導寺,20,8,4.01
中山國中,忠孝敦化,20,8,2.87
中山國中,國父紀念館,20,8,3.59
中山國中,市政府,20,8,4.44
中山國中,永春,25,10,5.42
中山國中,後山埤,25,10,6.24
中山國中,昆陽,25,10,7.6
中山國中,南港,30,12,9.02
中山國中,台北小巨蛋,20,8,1.87
中山國中,南京三民,20,8,3.07
中山國中,松山,20,8,4.42
中山國中,輔大,35,14,13.9
中山國中,新莊,35,14,12.16
中山國中,頭前庄,35,14,11.15
中山國中,頭前庄,35,14,11.15
中山國中,先嗇宮,30,12,9.87
中山國中,三重,30,12,8.15
中山國中,菜寮,25,10,7.28
中山國中,台北橋,25,10,6.29
中山國中,大橋頭,20,8,4.96
中山國中,中山國小,20,8,3.67
中山國中,行天宮,20,8,2.72
中山國中,蘆洲,30,12,10.97
中山國中,三民高中,30,12,9.8
中山國中,徐匯中學,30,12,8.9
中山國中,三和國中,30,12,8.07
中山國中,三重國小,25,10,6.84
中山國中,迴龍,40,16,16.67
中山國中,丹鳳,40,16,15.27
中山國中,十四張,35,14,12.94
中山國中,秀朗橋,35,14,12.38
中山國中,景平,35,14,11.48
中山國中,中和,35,14,11.92
中山國中,橋和,35,14,12.55
中山國中,中原,35,14,13.29
中山國中,板新,35,14,12.66
中山國中,新埔民生,30,12,10.49
中山國中,幸福,35,14,12.3
中山國中,新北產業園區,35,14,13.54
中山國中,廣慈/奉天宮,25,10,7.17
科技大樓,松山機場,25,10,5.32
科技大樓,中山國中,20,8,3.84
科技大樓,科技大樓,20,8,0
科技大樓,六張犁,20,8,1.14
科技大樓,麟光,20,8,1.96
科技大樓,辛亥,20,8,3.55
科技大樓,萬芳醫院,20,8,4.31
科技大樓,萬芳社區,25,10,5.46
科技大樓,木柵,25,10,5.97
科技大樓,動物園,25,10,6.65
科技大樓,大安,20,8,0.75
科技大樓,大安,20,8,0.75
科技大樓,忠孝復興,20,8,1.64
科技大樓,忠孝復興,20,8,1.64
科技大樓,南京復興,20,8,2.91
科技大樓,南京復興,20,8,2.91
科技大樓,大直,25,10,7.9
科技大樓,劍南路,30,12,9.23
科技大樓,西湖,30,12,10.51
科技大樓,港墘,35,14,11.34
科技大樓,文德,35,14,12.35
科技大樓,內湖,35,14,13.48
科技大樓,大湖公園,35,14,13.72
科技大樓,葫洲,35,14,12.09
科技大樓,東湖,35,14,11.24
科技大樓,南港軟體園區,30,12,10.2
科技大樓,南港展覽館,30,12,9.55
科技大樓,南港展覽館,30,12,9.55
科技大樓,台大醫院,20,8,4.75
科技大樓,台北車站,20,8,4.38
科技大樓,台北車站,20,8,4.38
科技大樓,中山,25,10,5.04
科技大樓,中山,25,10,5.04
科技大樓,民權西路,25,10,6.12
科技大樓,民權西路,25,10,6.12
科技大樓,小碧潭,35,14,12.12
科技大樓,新店,35,14,12.19
科技大樓,七張,30,12,10.18
科技大樓,大坪林,30,12,9.33
科技大樓,大坪林,30,12,9.33
科技大樓,景美,30,12,8.18
科技大樓,萬隆,25,10,7.12
科技大樓,公館,25,10,5.56
科技大樓,台電大樓,20,8,4.66
科技大樓,古亭,20,8,3.78
科技大樓,中正紀念堂,20,8,3.76
科技大樓,頂溪,25,10,5.92
科技大樓,永安市場,25,10,7.25
科技大樓,景安,30,12,8.33
科技大樓,景安,30,12,8.33
科技大樓,南勢角,30,12,9.14
科技大樓,雙連,25,10,5.59
科技大樓,圓山,25,10,7.15
科技大樓,劍潭,30,12,8.67
科技大樓,士林,30,12,9.76
科技大樓,芝山,30,12,10.86
科技大樓,明德,35,14,11.74
科技大樓,石牌,35,14,12.34
科技大樓,唭哩岸,35,14,13.6
科技大樓,奇岩,40,16,14.43
科技大樓,北投,40,16,15.19
科技大樓,新北投,40,16,16.22
科技大樓,復興崗,40,16,16.8
科技大樓,忠義,45,18,18.25
科技大樓,關渡,45,18,19.12
科技大樓,竹圍,50,20,21.26
科技大樓,紅樹林,55,22,23.17
科技大樓,淡水,55,22,25.26
科技大樓,西門,25,10,5.34
科技大樓,象山,20,8,3.46
科技大樓,台北101/世貿,20,8,2.73
科技大樓,信義安和,20,8,1.73
科技大樓,大安森林公園,20,8,1.53
科技大樓,北門,25,10,6.16
科技大樓,東門,20,8,2.2
科技大樓,新店區公所,35,14,11.08
科技大樓,小南門,20,8,4.52
科技大樓,松江南京,20,8,3.9
科技大樓,松江南京,20,8,3.9
科技大樓,忠孝新生,20,8,2.76
科技大樓,忠孝新生,20,8,2.76
科技大樓,頂埔,45,18,19.98
科技大樓,永寧,45,18,18.03
科技大樓,土城,40,16,16.92
科技大樓,海山,40,16,15.46
科技大樓,亞東醫院,35,14,13.81
科技大樓,府中,35,14,12.53
科技大樓,板橋,35,14,11.88
科技大樓,板橋,35,14,11.88
科技大樓,新埔,30,12,10.6
科技大樓,江子翠,30,12,9.74
科技大樓,龍山寺,25,10,6.66
科技大樓,善導寺,20,8,3.7
科技大樓,忠孝敦化,20,8,2.31
科技大樓,國父紀念館,20,8,3.03
科技大樓,市政府,20,8,3.88
科技大樓,永春,20,8,4.86
科技大樓,後山埤,25,10,5.68
科技大樓,昆陽,25,10,7.04
科技大樓,南港,30,12,8.46
科技大樓,台北小巨蛋,20,8,3.85
科技大樓,南京三民,25,10,5.04
科技大樓,松山,25,10,6.4
科技大樓,輔大,40,16,14.99
科技大樓,新莊,35,14,13.25
科技大樓,頭前庄,35,14,12.23
科技大樓,頭前庄,35,14,12.23
科技大樓,先嗇宮,35,14,11.69
科技大樓,三重,30,12,9.97
科技大樓,菜寮,30,12,9.1
科技大樓,台北橋,30,12,8.11
科技大樓,大橋頭,25,10,6.78
科技大樓,中山國小,25,10,5.64
科技大樓,行天宮,20,8,4.7
科技大樓,蘆洲,35,14,12.79
科技大樓,三民高中,35,14,11.62
科技大樓,徐匯中學,30,12,10.72
科技大樓,三和國中,30,12,9.89
科技大樓,三重國小,30,12,8.66
科技大樓,迴龍,45,18,17.76
科技大樓,丹鳳,40,16,16.36
科技大樓,十四張,30,12,10.88
科技大樓,秀朗橋,30,12,10.31
科技大樓,景平,30,12,9.41
科技大樓,中和,30,12,9.85
科技大樓,橋和,30,12,10.48
科技大樓,中原,35,14,11.22
科技大樓,板新,35,14,12.63
科技大樓,新埔民生,30,12,10.6
科技大樓,幸福,35,14,13.39
科技大樓,新北產業園區,40,16,14.63
科技大樓,廣慈/奉天宮,20,8,4.83
六張犁,松山機場,25,10,6.45
六張犁,中山國中,20,8,4.97
六張犁,科技大樓,20,8,1.14
六張犁,六張犁,20,8,0
六張犁,麟光,20,8,0.82
六張犁,辛亥,20,8,2.42
六張犁,萬芳醫院,20,8,3.18
六張犁,萬芳社區,20,8,4.32
六張犁,木柵,20,8,4.84
六張犁,動物園,25,10,5.52
六張犁,大安,20,8,1.88
六張犁,大安,20,8,1.88
六張犁,忠孝復興,20,8,2.77
六張犁,忠孝復興,20,8,2.77
六張犁,南京復興,20,8,4.04
六張犁,南京復興,20,8,4.04
六張犁,大直,30,12,9.04
六張犁,劍南路,30,12,10.36
六張犁,西湖,35,14,11.65
六張犁,港墘,35,14,12.48
六張犁,文德,35,14,13.49
六張犁,內湖,40,16,14.62
六張犁,大湖公園,40,16,14.85
六張犁,葫洲,35,14,13.22
六張犁,東湖,35,14,12.37
六張犁,南港軟體園區,35,14,11.33
六張犁,南港展覽館,30,12,10.69
六張犁,南港展覽館,30,12,10.69
六張犁,台大醫院,25,10,5.89
六張犁,台北車站,25,10,5.51
六張犁,台北車站,25,10,5.51
六張犁,中山,25,10,6.17
六張犁,中山,25,10,6.17
六張犁,民權西路,25,10,7.25
六張犁,民權西路,25,10,7.25
六張犁,小碧潭,35,14,13.25
六張犁,新店,35,14,13.32
六張犁,七張,35,14,11.31
六張犁,大坪林,30,12,10.46
六張犁,大坪林,30,12,10.46
六張犁,景美,30,12,9.31
六張犁,萬隆,30,12,8.25
六張犁,公館,25,10,6.69
六張犁,台電大樓,25,10,5.79
六張犁,古亭,20,8,4.91
六張犁,中正紀念堂,20,8,4.9
六張犁,頂溪,25,10,7.05
六張犁,永安市場,30,12,8.38
六張犁,景安,30,12,9.46
六張犁,景安,30,12,9.46
六張犁,南勢角,30,12,10.27
六張犁,雙連,25,10,6.72
六張犁,圓山,30,12,8.28
六張犁,劍潭,30,12,9.8
六張犁,士林,30,12,10.89
六張犁,芝山,35,14,11.99
六張犁,明德,35,14,12.87
六張犁,石牌,35,14,13.47
六張犁,唭哩岸,40,16,14.73
六張犁,奇岩,40,16,15.56
六張犁,北投,40,16,16.32
六張犁,新北投,45,18,17.35
六張犁,復興崗,45,18,17.93
六張犁,忠義,45,18,19.38
六張犁,關渡,50,20,20.25
六張犁,竹圍,50,20,22.39
六張犁,紅樹林,55,22,24.3
六張犁,淡水,55,22,26.39
六張犁,西門,25,10,6.48
六張犁,象山,20,8,4.6
六張犁,台北101/世貿,20,8,3.86
六張犁,信義安和,20,8,2.87
六張犁,大安森林公園,20,8,2.67
六張犁,北門,25,10,7.29
六張犁,東門,20,8,3.34
六張犁,新店區公所,35,14,12.21
六張犁,小南門,25,10,5.66
六張犁,松江南京,25,10,5.03
六張犁,松江南京,25,10,5.03
六張犁,忠孝新生,20,8,3.89
六張犁,忠孝新生,20,8,3.89
六張犁,頂埔,50,20,21.11
六張犁,永寧,45,18,19.17
六張犁,土城,45,18,18.06
六張犁,海山,40,16,16.59
六張犁,亞東醫院,40,16,14.95
六張犁,府中,35,14,13.67
六張犁,板橋,35,14,13.01
六張犁,板橋,35,14,13.01
六張犁,新埔,35,14,11.74
六張犁,江子翠,30,12,10.87
六張犁,龍山寺,25,10,7.79
六張犁,善導寺,20,8,4.83
六張犁,忠孝敦化,20,8,3.44
六張犁,國父紀念館,20,8,4.17
六張犁,市政府,25,10,5.01
六張犁,永春,25,10,6
六張犁,後山埤,25,10,6.81
六張犁,昆陽,30,12,8.17
六張犁,南港,30,12,9.6
六張犁,台北小巨蛋,20,8,4.98
六張犁,南京三民,25,10,6.18
六張犁,松山,25,10,7.53
六張犁,輔大,40,16,16.13
六張犁,新莊,40,16,14.39
六張犁,頭前庄,35,14,13.37
六張犁,頭前庄,35,14,13.37
六張犁,先嗇宮,35,14,12.83
六張犁,三重,35,14,11.1
六張犁,菜寮,30,12,10.23
六張犁,台北橋,30,12,9.25
六張犁,大橋頭,25,10,7.91
六張犁,中山國小,25,10,6.78
六張犁,行天宮,25,10,5.83
六張犁,蘆洲,35,14,13.93
六張犁,三民高中,35,14,12.76
六張犁,徐匯中學,35,14,11.86
六張犁,三和國中,35,14,11.02
六張犁,三重國小,30,12,9.79
六張犁,迴龍,45,18,18.9
六張犁,丹鳳,45,18,17.49
六張犁,十四張,35,14,12.01
六張犁,秀朗橋,35,14,11.45
六張犁,景平,30,12,10.55
六張犁,中和,30,12,10.99
六張犁,橋和,35,14,11.62
六張犁,中原,35,14,12.36
六張犁,板新,35,14,13.76
六張犁,新埔民生,35,14,11.74
六張犁,幸福,40,16,14.52
六張犁,新北產業園區,40,16,15.77
六張犁,廣慈/奉天宮,20,8,5.96
麟光,松山機場,25,10,7.27
麟光,中山國中,25,10,5.79
麟光,科技大樓,20,8,1.96
麟光,六張犁,20,8,0.82
麟光,麟光,20,8,0
麟光,辛亥,20,8,1.6
麟光,萬芳醫院,20,8,2.36
麟光,萬芳社區,20,8,3.5
麟光,木柵,20,8,4.01
麟光,動物園,20,8,4.7
麟光,大安,20,8,2.7
麟光,大安,20,8,2.7
麟光,忠孝復興,20,8,3.59
麟光,忠孝復興,20,8,3.59
麟光,南京復興,20,8,4.86
麟光,南京復興,20,8,4.86
麟光,大直,30,12,9.86
麟光,劍南路,35,14,11.19
麟光,西湖,35,14,12.47
麟光,港墘,35,14,13.3
麟光,文德,40,16,14.31
麟光,內湖,40,16,15.44
麟光,大湖公園,40,16,15.67
麟光,葫洲,40,16,14.05
麟光,東湖,35,14,13.19
麟光,南港軟體園區,35,14,12.15
麟光,南港展覽館,35,14,11.51
麟光,南港展覽館,35,14,11.51
麟光,台大醫院,25,10,6.71
麟光,台北車站,25,10,6.33
麟光,台北車站,25,10,6.33
麟光,中山,25,10,6.99
麟光,中山,25,10,6.99
麟光,民權西路,30,12,8.07
麟光,民權西路,30,12,8.07
麟光,小碧潭,40,16,14.08
麟光,新店,40,16,14.14
麟光,七張,35,14,12.13
麟光,大坪林,35,14,11.28
麟光,大坪林,35,14,11.28
麟光,景美,30,12,10.13
麟光,萬隆,30,12,9.07
麟光,公館,25,10,7.51
麟光,台電大樓,25,10,6.61
麟光,古亭,25,10,5.73
麟光,中正紀念堂,25,10,5.72
麟光,頂溪,25,10,7.87
麟光,永安市場,30,12,9.2
麟光,景安,30,12,10.28
麟光,景安,30,12,10.28
麟光,南勢角,35,14,11.09
麟光,雙連,25,10,7.54
麟光,圓山,30,12,9.1
麟光,劍潭,30,12,10.62
麟光,士林,35,14,11.71
麟光,芝山,35,14,12.81
麟光,明德,35,14,13.69
麟光,石牌,40,16,14.29
麟光,唭哩岸,40,16,15.55
麟光,奇岩,40,16,16.38
麟光,北投,45,18,17.14
麟光,新北投,45,18,18.17
麟光,復興崗,45,18,18.75
麟光,忠義,50,20,20.2
麟光,關渡,50,20,21.07
麟光,竹圍,55,22,23.21
麟光,紅樹林,55,22,25.12
麟光,淡水,60,24,27.21
麟光,西門,25,10,7.3
麟光,象山,25,10,5.42
麟光,台北101/世貿,20,8,4.68
麟光,信義安和,20,8,3.69
麟光,大安森林公園,20,8,3.49
麟光,北門,30,12,8.11
麟光,東門,20,8,4.16
麟光,新店區公所,35,14,13.03
麟光,小南門,25,10,6.48
麟光,松江南京,25,10,5.85
麟光,松江南京,25,10,5.85
麟光,忠孝新生,20,8,4.71
麟光,忠孝新生,20,8,4.71
麟光,頂埔,50,20,21.94
麟光,永寧,45,18,19.99
麟光,土城,45,18,18.88
麟光,海山,45,18,17.41
麟光,亞東醫院,40,16,15.77
麟光,府中,40,16,14.49
麟光,板橋,35,14,13.83
麟光,板橋,35,14,13.83
麟光,新埔,35,14,12.56
麟光,江子翠,35,14,11.69
麟光,龍山寺,30,12,8.61
麟光,善導寺,25,10,5.65
麟光,忠孝敦化,20,8,4.26
麟光,國父紀念館,20,8,4.99
麟光,市政府,25,10,5.83
麟光,永春,25,10,6.82
麟光,後山埤,25,10,7.63
麟光,昆陽,30,12,8.99
麟光,南港,30,12,10.42
麟光,台北小巨蛋,25,10,5.8
麟光,南京三民,25,10,7
麟光,松山,30,12,8.35
麟光,輔大,40,16,16.95
麟光,新莊,40,16,15.21
麟光,頭前庄,40,16,14.19
麟光,頭前庄,40,16,14.19
麟光,先嗇宮,35,14,13.65
麟光,三重,35,14,11.92
麟光,菜寮,35,14,11.06
麟光,台北橋,30,12,10.07
麟光,大橋頭,30,12,8.74
麟光,中山國小,25,10,7.6
麟光,行天宮,25,10,6.65
麟光,蘆洲,40,16,14.75
麟光,三民高中,35,14,13.58
麟光,徐匯中學,35,14,12.68
麟光,三和國中,35,14,11.85
麟光,三重國小,30,12,10.61
麟光,迴龍,45,18,19.72
麟光,丹鳳,45,18,18.32
麟光,十四張,35,14,12.83
麟光,秀朗橋,35,14,12.27
麟光,景平,35,14,11.37
麟光,中和,35,14,11.81
麟光,橋和,35,14,12.44
麟光,中原,35,14,13.18
麟光,板新,40,16,14.58
麟光,新埔民生,35,14,12.56
麟光,幸福,40,16,15.35
麟光,新北產業園區,40,16,16.59
麟光,廣慈/奉天宮,25,10,6.78
辛亥,松山機場,30,12,8.87
辛亥,中山國中,25,10,7.39
辛亥,科技大樓,20,8,3.55
辛亥,六張犁,20,8,2.42
辛亥,麟光,20,8,1.6
辛亥,辛亥,20,8,0
辛亥,萬芳醫院,20,8,0.76
辛亥,萬芳社區,20,8,1.9
辛亥,木柵,20,8,2.42
辛亥,動物園,20,8,3.1
辛亥,大安,20,8,4.3
辛亥,大安,20,8,4.3
辛亥,忠孝復興,25,10,5.19
辛亥,忠孝復興,25,10,5.19
辛亥,南京復興,25,10,6.46
辛亥,南京復興,25,10,6.46
辛亥,大直,35,14,11.45
辛亥,劍南路,35,14,12.78
辛亥,西湖,40,16,14.07
辛亥,港墘,40,16,14.89
辛亥,文德,40,16,15.9
辛亥,內湖,45,18,17.03
辛亥,大湖公園,45,18,17.27
辛亥,葫洲,40,16,15.64
辛亥,東湖,40,16,14.79
辛亥,南港軟體園區,35,14,13.75
辛亥,南港展覽館,35,14,13.1
辛亥,南港展覽館,35,14,13.1
辛亥,台大醫院,30,12,8.3
辛亥,台北車站,25,10,7.93
辛亥,台北車站,25,10,7.93
辛亥,中山,30,12,8.59
辛亥,中山,30,12,8.59
辛亥,民權西路,30,12,9.67
辛亥,民權西路,30,12,9.67
辛亥,小碧潭,40,16,15.67
辛亥,新店,40,16,15.74
辛亥,七張,35,14,13.73
辛亥,大坪林,35,14,12.88
辛亥,大坪林,35,14,12.88
辛亥,景美,35,14,11.73
辛亥,萬隆,30,12,10.67
辛亥,公館,30,12,9.11
辛亥,台電大樓,30,12,8.21
辛亥,古亭,25,10,7.33
辛亥,中正紀念堂,25,10,7.31
辛亥,頂溪,30,12,9.47
辛亥,永安市場,30,12,10.8
辛亥,景安,35,14,11.88
辛亥,景安,35,14,11.88
辛亥,南勢角,35,14,12.69
辛亥,雙連,30,12,9.14
辛亥,圓山,30,12,10.7
辛亥,劍潭,35,14,12.22
辛亥,士林,35,14,13.31
辛亥,芝山,40,16,14.41
辛亥,明德,40,16,15.29
辛亥,石牌,40,16,15.89
辛亥,唭哩岸,45,18,17.15
辛亥,奇岩,45,18,17.98
辛亥,北投,45,18,18.74
辛亥,新北投,45,18,19.77
辛亥,復興崗,50,20,20.35
辛亥,忠義,50,20,21.8
辛亥,關渡,50,20,22.67
辛亥,竹圍,55,22,24.81
辛亥,紅樹林,55,22,26.72
辛亥,淡水,60,24,28.81
辛亥,西門,30,12,8.89
辛亥,象山,25,10,7.01
辛亥,台北101/世貿,25,10,6.28
辛亥,信義安和,25,10,5.29
辛亥,大安森林公園,25,10,5.09
辛亥,北門,30,12,9.71
辛亥,東門,25,10,5.75
辛亥,新店區公所,40,16,14.63
辛亥,小南門,30,12,8.08
辛亥,松江南京,25,10,7.45
辛亥,松江南京,25,10,7.45
辛亥,忠孝新生,25,10,6.31
辛亥,忠孝新生,25,10,6.31
辛亥,頂埔,55,22,23.53
辛亥,永寧,50,20,21.58
辛亥,土城,50,20,20.47
辛亥,海山,45,18,19.01
辛亥,亞東醫院,45,18,17.36
辛亥,府中,40,16,16.08
辛亥,板橋,40,16,15.43
辛亥,板橋,40,16,15.43
辛亥,新埔,40,16,14.15
辛亥,江子翠,35,14,13.29
辛亥,龍山寺,30,12,10.21
辛亥,善導寺,25,10,7.25
辛亥,忠孝敦化,25,10,5.86
辛亥,國父紀念館,25,10,6.59
辛亥,市政府,25,10,7.43
辛亥,永春,30,12,8.41
辛亥,後山埤,30,12,9.23
辛亥,昆陽,30,12,10.59
辛亥,南港,35,14,12.01
辛亥,台北小巨蛋,25,10,7.4
辛亥,南京三民,30,12,8.59
辛亥,松山,30,12,9.95
辛亥,輔大,45,18,18.54
辛亥,新莊,40,16,16.8
辛亥,頭前庄,40,16,15.79
辛亥,頭前庄,40,16,15.79
辛亥,先嗇宮,40,16,15.24
辛亥,三重,35,14,13.52
辛亥,菜寮,35,14,12.65
辛亥,台北橋,35,14,11.66
辛亥,大橋頭,30,12,10.33
辛亥,中山國小,30,12,9.2
辛亥,行天宮,30,12,8.25
辛亥,蘆洲,40,16,16.34
辛亥,三民高中,40,16,15.18
辛亥,徐匯中學,40,16,14.27
辛亥,三和國中,35,14,13.44
辛亥,三重國小,35,14,12.21
辛亥,迴龍,50,20,21.31
辛亥,丹鳳,45,18,19.91
辛亥,十四張,40,16,14.43
辛亥,秀朗橋,35,14,13.86
辛亥,景平,35,14,12.96
辛亥,中和,35,14,13.4
辛亥,橋和,40,16,14.03
辛亥,中原,40,16,14.77
辛亥,板新,40,16,16.18
辛亥,新埔民生,40,16,14.15
辛亥,幸福,40,16,16.94
辛亥,新北產業園區,45,18,18.18
辛亥,廣慈/奉天宮,25,10,8.38
萬芳醫院,松山機場,30,12,9.63
萬芳醫院,中山國中,30,12,8.15
萬芳醫院,科技大樓,20,8,4.31
萬芳醫院,六張犁,20,8,3.18
萬芳醫院,麟光,20,8,2.36
萬芳醫院,辛亥,20,8,0.76
萬芳醫院,萬芳醫院,20,8,0
萬芳醫院,萬芳社區,20,8,1.14
萬芳醫院,木柵,20,8,1.66
萬芳醫院,動物園,20,8,2.34
萬芳醫院,大安,25,10,5.06
萬芳醫院,大安,25,10,5.06
萬芳醫院,忠孝復興,25,10,5.95
萬芳醫院,忠孝復興,25,10,5.95
萬芳醫院,南京復興,25,10,7.22
萬芳醫院,南京復興,25,10,7.22
萬芳醫院,大直,35,14,12.22
萬芳醫院,劍南路,35,14,13.54
萬芳醫院,西湖,40,16,14.83
萬芳醫院,港墘,40,16,15.66
萬芳醫院,文德,40,16,16.67
萬芳醫院,內湖,45,18,17.8
萬芳醫院,大湖公園,45,18,18.03
萬芳醫院,葫洲,40,16,16.4
萬芳醫院,東湖,40,16,15.55
萬芳醫院,南港軟體園區,40,16,14.51
萬芳醫院,南港展覽館,35,14,13.87
萬芳醫院,南港展覽館,35,14,13.87
萬芳醫院,台大醫院,30,12,9.06
萬芳醫院,台北車站,30,12,8.69
萬芳醫院,台北車站,30,12,8.69
萬芳醫院,中山,30,12,9.35
萬芳醫院,中山,30,12,9.35
萬芳醫院,民權西路,30,12,10.43
萬芳醫院,民權西路,30,12,10.43
萬芳醫院,小碧潭,40,16,16.43
萬芳醫院,新店,40,16,16.5
萬芳醫院,七張,40,16,14.49
萬芳醫院,大坪林,35,14,13.64
萬芳醫院,大坪林,35,14,13.64
萬芳醫院,景美,35,14,12.49
萬芳醫院,萬隆,35,14,11.43
萬芳醫院,公館,30,12,9.87
萬芳醫院,台電大樓,30,12,8.97
萬芳醫院,古亭,30,12,8.09
萬芳醫院,中正紀念堂,30,12,8.07
萬芳醫院,頂溪,30,12,10.23
萬芳醫院,永安市場,35,14,11.56
萬芳醫院,景安,35,14,12.64
萬芳醫院,景安,35,14,12.64
萬芳醫院,南勢角,35,14,13.45
萬芳醫院,雙連,30,12,9.9
萬芳醫院,圓山,35,14,11.46
萬芳醫院,劍潭,35,14,12.98
萬芳醫院,士林,40,16,14.07
萬芳醫院,芝山,40,16,15.17
萬芳醫院,明德,40,16,16.05
萬芳醫院,石牌,40,16,16.65
萬芳醫院,唭哩岸,45,18,17.91
萬芳醫院,奇岩,45,18,18.74
萬芳醫院,北投,45,18,19.5
萬芳醫院,新北投,50,20,20.53
萬芳醫院,復興崗,50,20,21.11
萬芳醫院,忠義,50,20,22.56
萬芳醫院,關渡,55,22,23.43
萬芳醫院,竹圍,55,22,25.57
萬芳醫院,紅樹林,60,24,27.48
萬芳醫院,淡水,60,24,29.57
萬芳醫院,西門,30,12,9.66
萬芳醫院,象山,25,10,7.78
萬芳醫院,台北101/世貿,25,10,7.04
萬芳醫院,信義安和,25,10,6.05
萬芳醫院,大安森林公園,25,10,5.85
萬芳醫院,北門,30,12,10.47
萬芳醫院,東門,25,10,6.51
萬芳醫院,新店區公所,40,16,15.39
萬芳醫院,小南門,30,12,8.84
萬芳醫院,松江南京,30,12,8.21
萬芳醫院,松江南京,30,12,8.21
萬芳醫院,忠孝新生,25,10,7.07
萬芳醫院,忠孝新生,25,10,7.07
萬芳醫院,頂埔,55,22,24.29
萬芳醫院,永寧,50,20,22.35
萬芳醫院,土城,50,20,21.24
萬芳醫院,海山,45,18,19.77
萬芳醫院,亞東醫院,45,18,18.13
萬芳醫院,府中,40,16,16.84
萬芳醫院,板橋,40,16,16.19
萬芳醫院,板橋,40,16,16.19
萬芳醫院,新埔,40,16,14.91
萬芳醫院,江子翠,40,16,14.05
萬芳醫院,龍山寺,30,12,10.97
萬芳醫院,善導寺,30,12,8.01
萬芳醫院,忠孝敦化,25,10,6.62
萬芳醫院,國父紀念館,25,10,7.35
萬芳醫院,市政府,30,12,8.19
萬芳醫院,永春,30,12,9.18
萬芳醫院,後山埤,30,12,9.99
萬芳醫院,昆陽,35,14,11.35
萬芳醫院,南港,35,14,12.78
萬芳醫院,台北小巨蛋,30,12,8.16
萬芳醫院,南京三民,30,12,9.36
萬芳醫院,松山,30,12,10.71
萬芳醫院,輔大,45,18,19.31
萬芳醫院,新莊,45,18,17.57
萬芳醫院,頭前庄,40,16,16.55
萬芳醫院,頭前庄,40,16,16.55
萬芳醫院,先嗇宮,40,16,16.01
萬芳醫院,三重,40,16,14.28
萬芳醫院,菜寮,35,14,13.41
萬芳醫院,台北橋,35,14,12.43
萬芳醫院,大橋頭,35,14,11.09
萬芳醫院,中山國小,30,12,9.96
萬芳醫院,行天宮,30,12,9.01
萬芳醫院,蘆洲,45,18,17.1
萬芳醫院,三民高中,40,16,15.94
萬芳醫院,徐匯中學,40,16,15.04
萬芳醫院,三和國中,40,16,14.2
萬芳醫院,三重國小,35,14,12.97
萬芳醫院,迴龍,50,20,22.07
萬芳醫院,丹鳳,50,20,20.67
萬芳醫院,十四張,40,16,15.19
萬芳醫院,秀朗橋,40,16,14.63
萬芳醫院,景平,35,14,13.72
萬芳醫院,中和,40,16,14.17
萬芳醫院,橋和,40,16,14.8
萬芳醫院,中原,40,16,15.53
萬芳醫院,板新,40,16,16.94
萬芳醫院,新埔民生,40,16,14.91
萬芳醫院,幸福,45,18,17.7
萬芳醫院,新北產業園區,45,18,18.95
萬芳醫院,廣慈/奉天宮,25,10,9.14
萬芳社區,松山機場,30,12,10.77
萬芳社區,中山國中,30,12,9.29
萬芳社區,科技大樓,25,10,5.46
萬芳社區,六張犁,20,8,4.32
萬芳社區,麟光,20,8,3.5
萬芳社區,辛亥,20,8,1.9
萬芳社區,萬芳醫院,20,8,1.14
萬芳社區,萬芳社區,20,8,0
萬芳社區,木柵,20,8,0.51
萬芳社區,動物園,20,8,1.2
萬芳社區,大安,25,10,6.2
萬芳社區,大安,25,10,6.2
萬芳社區,忠孝復興,25,10,7.09
萬芳社區,忠孝復興,25,10,7.09
萬芳社區,南京復興,30,12,8.36
萬芳社區,南京復興,30,12,8.36
萬芳社區,大直,35,14,13.36
萬芳社區,劍南路,40,16,14.69
萬芳社區,西湖,40,16,15.97
萬芳社區,港墘,40,16,16.8
萬芳社區,文德,45,18,17.81
萬芳社區,內湖,45,18,18.94
萬芳社區,大湖公園,45,18,19.17
萬芳社區,葫洲,45,18,17.55
萬芳社區,東湖,40,16,16.69
萬芳社區,南港軟體園區,40,16,15.65
萬芳社區,南港展覽館,40,16,15.01
萬芳社區,南港展覽館,40,16,15.01
萬芳社區,台大醫院,30,12,10.21
萬芳社區,台北車站,30,12,9.83
萬芳社區,台北車站,30,12,9.83
萬芳社區,中山,30,12,10.49
萬芳社區,中山,30,12,10.49
萬芳社區,民權西路,35,14,11.57
萬芳社區,民權西路,35,14,11.57
萬芳社區,小碧潭,45,18,17.58
萬芳社區,新店,45,18,17.64
萬芳社區,七張,40,16,15.63
萬芳社區,大坪林,40,16,14.78
萬芳社區,大坪林,40,16,14.78
萬芳社區,景美,35,14,13.63
萬芳社區,萬隆,35,14,12.57
萬芳社區,公館,35,14,11.01
萬芳社區,台電大樓,30,12,10.11
萬芳社區,古亭,30,12,9.23
萬芳社區,中正紀念堂,30,12,9.22
萬芳社區,頂溪,35,14,11.37
萬芳社區,永安市場,35,14,12.7
萬芳社區,景安,35,14,13.78
萬芳社區,景安,35,14,13.78
萬芳社區,南勢角,40,16,14.59
萬芳社區,雙連,35,14,11.04
萬芳社區,圓山,35,14,12.6
萬芳社區,劍潭,40,16,14.12
萬芳社區,士林,40,16,15.21
萬芳社區,芝山,40,16,16.31
萬芳社區,明德,45,18,17.19
萬芳社區,石牌,45,18,17.79
萬芳社區,唭哩岸,45,18,19.05
萬芳社區,奇岩,45,18,19.88
萬芳社區,北投,50,20,20.64
萬芳社區,新北投,50,20,21.67
萬芳社區,復興崗,50,20,22.25
萬芳社區,忠義,55,22,23.7
萬芳社區,關渡,55,22,24.57
萬芳社區,竹圍,55,22,26.71
萬芳社區,紅樹林,60,24,28.62
萬芳社區,淡水,60,24,30.71
萬芳社區,西門,30,12,10.8
萬芳社區,象山,30,12,8.92
萬芳社區,台北101/世貿,30,12,8.18
萬芳社區,信義安和,25,10,7.19
萬芳社區,大安森林公園,25,10,6.99
萬芳社區,北門,35,14,11.61
萬芳社區,東門,25,10,7.66
萬芳社區,新店區公所,40,16,16.53
萬芳社區,小南門,30,12,9.98
萬芳社區,松江南京,30,12,9.35
萬芳社區,松江南京,30,12,9.35
萬芳社區,忠孝新生,30,12,8.21
萬芳社區,忠孝新生,30,12,8.21
萬芳社區,頂埔,55,22,25.44
萬芳社區,永寧,55,22,23.49
萬芳社區,土城,50,20,22.38
萬芳社區,海山,50,20,20.91
萬芳社區,亞東醫院,45,18,19.27
萬芳社區,府中,45,18,17.99
萬芳社區,板橋,45,18,17.33
萬芳社區,板橋,45,18,17.33
萬芳社區,新埔,40,16,16.06
萬芳社區,江子翠,40,16,15.19
萬芳社區,龍山寺,35,14,12.11
萬芳社區,善導寺,30,12,9.15
萬芳社區,忠孝敦化,25,10,7.76
萬芳社區,國父紀念館,30,12,8.49
萬芳社區,市政府,30,12,9.33
萬芳社區,永春,30,12,10.32
萬芳社區,後山埤,35,14,11.13
萬芳社區,昆陽,35,14,12.49
萬芳社區,南港,35,14,13.92
萬芳社區,台北小巨蛋,30,12,9.3
萬芳社區,南京三民,30,12,10.5
萬芳社區,松山,35,14,11.85
萬芳社區,輔大,50,20,20.45
萬芳社區,新莊,45,18,18.71
萬芳社區,頭前庄,45,18,17.69
萬芳社區,頭前庄,45,18,17.69
萬芳社區,先嗇宮,45,18,17.15
萬芳社區,三重,40,16,15.42
萬芳社區,菜寮,40,16,14.56
萬芳社區,台北橋,35,14,13.57
萬芳社區,大橋頭,35,14,12.24
萬芳社區,中山國小,35,14,11.1
萬芳社區,行天宮,30,12,10.15
萬芳社區,蘆洲,45,18,18.25
萬芳社區,三民高中,45,18,17.08
萬芳社區,徐匯中學,40,16,16.18
萬芳社區,三和國中,40,16,15.35
萬芳社區,三重國小,40,16,14.11
萬芳社區,迴龍,55,22,23.22
萬芳社區,丹鳳,50,20,21.82
萬芳社區,十四張,40,16,16.33
萬芳社區,秀朗橋,40,16,15.77
萬芳社區,景平,40,16,14.87
萬芳社區,中和,40,16,15.31
萬芳社區,橋和,40,16,15.94
萬芳社區,中原,40,16,16.68
萬芳社區,板新,45,18,18.08
萬芳社區,新埔民生,40,16,16.06
萬芳社區,幸福,45,18,18.85
萬芳社區,新北產業園區,50,20,20.09
萬芳社區,廣慈/奉天宮,30,12,10.28
木柵,松山機場,35,14,11.29
木柵,中山國中,30,12,9.81
木柵,科技大樓,25,10,5.97
木柵,六張犁,20,8,4.84
木柵,麟光,20,8,4.01
木柵,辛亥,20,8,2.42
木柵,萬芳醫院,20,8,1.66
木柵,萬芳社區,20,8,0.51
木柵,木柵,20,8,0
木柵,動物園,20,8,0.68
木柵,大安,25,10,6.72
木柵,大安,25,10,6.72
木柵,忠孝復興,25,10,7.61
木柵,忠孝復興,25,10,7.61
木柵,南京復興,30,12,8.88
木柵,南京復興,30,12,8.88
木柵,大直,35,14,13.87
木柵,劍南路,40,16,15.2
木柵,西湖,40,16,16.48
木柵,港墘,45,18,17.31
木柵,文德,45,18,18.32
木柵,內湖,45,18,19.45
木柵,大湖公園,45,18,19.69
木柵,葫洲,45,18,18.06
木柵,東湖,45,18,17.21
木柵,南港軟體園區,40,16,16.17
木柵,南港展覽館,40,16,15.52
木柵,南港展覽館,40,16,15.52
木柵,台大醫院,30,12,10.72
木柵,台北車站,30,12,10.35
木柵,台北車站,30,12,10.35
木柵,中山,35,14,11.01
木柵,中山,35,14,11.01
木柵,民權西路,35,14,12.09
木柵,民權西路,35,14,12.09
木柵,小碧潭,45,18,18.09
木柵,新店,45,18,18.16
木柵,七張,40,16,16.15
木柵,大坪林,40,16,15.3
木柵,大坪林,40,16,15.3
木柵,景美,40,16,14.15
木柵,萬隆,35,14,13.09
木柵,公館,35,14,11.53
木柵,台電大樓,30,12,10.63
木柵,古亭,30,12,9.75
木柵,中正紀念堂,30,12,9.73
木柵,頂溪,35,14,11.89
木柵,永安市場,35,14,13.22
木柵,景安,40,16,14.3
木柵,景安,40,16,14.3
木柵,南勢角,40,16,15.11
木柵,雙連,35,14,11.56
木柵,圓山,35,14,13.12
木柵,劍潭,40,16,14.64
木柵,士林,40,16,15.73
木柵,芝山,40,16,16.83
木柵,明德,45,18,17.71
木柵,石牌,45,18,18.31
木柵,唭哩岸,45,18,19.57
木柵,奇岩,50,20,20.4
木柵,北投,50,20,21.16
木柵,新北投,50,20,22.19
木柵,復興崗,50,20,22.77
木柵,忠義,55,22,24.22
木柵,關渡,55,22,25.09
木柵,竹圍,60,24,27.23
木柵,紅樹林,60,24,29.14
木柵,淡水,65,26,31.23
木柵,西門,35,14,11.31
木柵,象山,30,12,9.43
木柵,台北101/世貿,30,12,8.7
木柵,信義安和,25,10,7.7
木柵,大安森林公園,25,10,7.5
木柵,北門,35,14,12.13
木柵,東門,30,12,8.17
木柵,新店區公所,45,18,17.05
木柵,小南門,30,12,10.49
木柵,松江南京,30,12,9.87
木柵,松江南京,30,12,9.87
木柵,忠孝新生,30,12,8.73
木柵,忠孝新生,30,12,8.73
木柵,頂埔,55,22,25.95
木柵,永寧,55,22,24
木柵,土城,50,20,22.89
木柵,海山,50,20,21.43
木柵,亞東醫院,45,18,19.78
木柵,府中,45,18,18.5
木柵,板橋,45,18,17.85
木柵,板橋,45,18,17.85
木柵,新埔,40,16,16.57
木柵,江子翠,40,16,15.71
木柵,龍山寺,35,14,12.63
木柵,善導寺,30,12,9.67
木柵,忠孝敦化,30,12,8.28
木柵,國父紀念館,30,12,9
木柵,市政府,30,12,9.85
木柵,永春,30,12,10.83
木柵,後山埤,35,14,11.65
木柵,昆陽,35,14,13.01
木柵,南港,40,16,14.43
木柵,台北小巨蛋,30,12,9.82
木柵,南京三民,35,14,11.01
木柵,松山,35,14,12.37
木柵,輔大,50,20,20.96
木柵,新莊,45,18,19.22
木柵,頭前庄,45,18,18.2
木柵,頭前庄,45,18,18.2
木柵,先嗇宮,45,18,17.66
木柵,三重,40,16,15.94
木柵,菜寮,40,16,15.07
木柵,台北橋,40,16,14.08
木柵,大橋頭,35,14,12.75
木柵,中山國小,35,14,11.61
木柵,行天宮,30,12,10.67
木柵,蘆洲,45,18,18.76
木柵,三民高中,45,18,17.59
木柵,徐匯中學,40,16,16.69
木柵,三和國中,40,16,15.86
木柵,三重國小,40,16,14.63
木柵,迴龍,55,22,23.73
木柵,丹鳳,50,20,22.33
木柵,十四張,40,16,16.85
木柵,秀朗橋,40,16,16.28
木柵,景平,40,16,15.38
木柵,中和,40,16,15.82
木柵,橋和,40,16,16.45
木柵,中原,45,18,17.19
木柵,板新,45,18,18.6
木柵,新埔民生,40,16,16.57
木柵,幸福,45,18,19.36
木柵,新北產業園區,50,20,20.6
木柵,廣慈/奉天宮,30,12,10.8
動物園,松山機場,35,14,11.97
動物園,中山國中,30,12,10.49
動物園,科技大樓,25,10,6.65
動物園,六張犁,25,10,5.52
動物園,麟光,20,8,4.7
動物園,辛亥,20,8,3.1
動物園,萬芳醫院,20,8,2.34
動物園,萬芳社區,20,8,1.2
動物園,木柵,20,8,0.68
動物園,動物園,20,8,0
動物園,大安,25,10,7.4
動物園,大安,25,10,7.4
動物園,忠孝復興,30,12,8.29
動物園,忠孝復興,30,12,8.29
動物園,南京復興,30,12,9.56
動物園,南京復興,30,12,9.56
動物園,大直,40,16,14.55
動物園,劍南路,40,16,15.88
動物園,西湖,45,18,17.17
動物園,港墘,45,18,17.99
動物園,文德,45,18,19
動物園,內湖,50,20,20.13
動物園,大湖公園,50,20,20.37
動物園,葫洲,45,18,18.74
動物園,東湖,45,18,17.89
動物園,南港軟體園區,40,16,16.85
動物園,南港展覽館,40,16,16.2
動物園,南港展覽館,40,16,16.2
動物園,台大醫院,35,14,11.4
動物園,台北車站,35,14,11.03
動物園,台北車站,35,14,11.03
動物園,中山,35,14,11.69
動物園,中山,35,14,11.69
動物園,民權西路,35,14,12.77
動物園,民權西路,35,14,12.77
動物園,小碧潭,45,18,18.77
動物園,新店,45,18,18.84
動物園,七張,40,16,16.83
動物園,大坪林,40,16,15.98
動物園,大坪林,40,16,15.98
動物園,景美,40,16,14.83
動物園,萬隆,35,14,13.77
動物園,公館,35,14,12.21
動物園,台電大樓,35,14,11.31
動物園,古亭,30,12,10.43
動物園,中正紀念堂,30,12,10.41
動物園,頂溪,35,14,12.57
動物園,永安市場,35,14,13.9
動物園,景安,40,16,14.98
動物園,景安,40,16,14.98
動物園,南勢角,40,16,15.79
動物園,雙連,35,14,12.24
動物園,圓山,35,14,13.8
動物園,劍潭,40,16,15.32
動物園,士林,40,16,16.41
動物園,芝山,45,18,17.51
動物園,明德,45,18,18.39
動物園,石牌,45,18,18.99
動物園,唭哩岸,50,20,20.25
動物園,奇岩,50,20,21.08
動物園,北投,50,20,21.84
動物園,新北投,50,20,22.87
動物園,復興崗,55,22,23.45
動物園,忠義,55,22,24.9
動物園,關渡,55,22,25.77
動物園,竹圍,60,24,27.91
動物園,紅樹林,60,24,29.82
動物園,淡水,65,26,31.91
動物園,西門,35,14,11.99
動物園,象山,30,12,10.11
動物園,台北101/世貿,30,12,9.38
動物園,信義安和,30,12,8.39
動物園,大安森林公園,30,12,8.19
動物園,北門,35,14,12.81
動物園,東門,30,12,8.85
動物園,新店區公所,45,18,17.73
動物園,小南門,35,14,11.18
動物園,松江南京,30,12,10.55
動物園,松江南京,30,12,10.55
動物園,忠孝新生,30,12,9.41
動物園,忠孝新生,30,12,9.41
動物園,頂埔,55,22,26.63
動物園,永寧,55,22,24.68
動物園,土城,55,22,23.57
動物園,海山,50,20,22.11
動物園,亞東醫院,50,20,20.46
動物園,府中,45,18,19.18
動物園,板橋,45,18,18.53
動物園,板橋,45,18,18.53
動物園,新埔,45,18,17.25
動物園,江子翠,40,16,16.39
動物園,龍山寺,35,14,13.31
動物園,善導寺,30,12,10.35
動物園,忠孝敦化,30,12,8.96
動物園,國父紀念館,30,12,9.69
動物園,市政府,30,12,10.53
動物園,永春,35,14,11.51
動物園,後山埤,35,14,12.33
動物園,昆陽,35,14,13.69
動物園,南港,40,16,15.11
動物園,台北小巨蛋,30,12,10.5
動物園,南京三民,35,14,11.69
動物園,松山,35,14,13.05
動物園,輔大,50,20,21.64
動物園,新莊,45,18,19.9
動物園,頭前庄,45,18,18.89
動物園,頭前庄,45,18,18.89
動物園,先嗇宮,45,18,18.34
動物園,三重,40,16,16.62
動物園,菜寮,40,16,15.75
動物園,台北橋,40,16,14.76
動物園,大橋頭,35,14,13.43
動物園,中山國小,35,14,12.3
動物園,行天宮,35,14,11.35
動物園,蘆洲,45,18,19.44
動物園,三民高中,45,18,18.28
動物園,徐匯中學,45,18,17.37
動物園,三和國中,40,16,16.54
動物園,三重國小,40,16,15.31
動物園,迴龍,55,22,24.41
動物園,丹鳳,55,22,23.01
動物園,十四張,45,18,17.53
動物園,秀朗橋,40,16,16.96
動物園,景平,40,16,16.06
動物園,中和,40,16,16.5
動物園,橋和,45,18,17.13
動物園,中原,45,18,17.87
動物園,板新,45,18,19.28
動物園,新埔民生,45,18,17.25
動物園,幸福,50,20,20.04
動物園,新北產業園區,50,20,21.28
動物園,廣慈/奉天宮,30,12,11.48
大安,松山機場,20,8,4.57
大安,松山機場,20,8,4.57
大安,中山國中,20,8,3.09
大安,中山國中,20,8,3.09
大安,科技大樓,20,8,0.75
大安,科技大樓,20,8,0.75
大安,六張犁,20,8,1.88
大安,六張犁,20,8,1.88
大安,麟光,20,8,2.7
大安,麟光,20,8,2.7
大安,辛亥,20,8,4.3
大安,辛亥,20,8,4.3
大安,萬芳醫院,25,10,5.06
大安,萬芳醫院,25,10,5.06
大安,萬芳社區,25,10,6.2
大安,萬芳社區,25,10,6.2
大安,木柵,25,10,6.72
大安,木柵,25,10,6.72
大安,動物園,25,10,7.4
大安,動物園,25,10,7.4
大安,大安,20,8,0
大安,大安,20,8,0
大安,大安,20,8,0
大安,大安,20,8,0
大安,忠孝復興,20,8,0.89
大安,忠孝復興,20,8,0.89
大安,忠孝復興,20,8,0.89
大安,忠孝復興,20,8,0.89
大安,南京復興,20,8,2.16
大安,南京復興,20,8,2.16
大安,南京復興,20,8,2.16
大安,南京復興,20,8,2.16
大安,大直,25,10,7.16
大安,大直,25,10,7.16
大安,劍南路,30,12,8.48
大安,劍南路,30,12,8.48
大安,西湖,30,12,9.77
大安,西湖,30,12,9.77
大安,港墘,30,12,10.6
大安,港墘,30,12,10.6
大安,文德,35,14,11.61
大安,文德,35,14,11.61
大安,內湖,35,14,12.74
大安,內湖,35,14,12.74
大安,大湖公園,35,14,12.97
大安,大湖公園,35,14,12.97
大安,葫洲,35,14,11.34
大安,葫洲,35,14,11.34
大安,東湖,30,12,10.49
大安,東湖,30,12,10.49
大安,南港軟體園區,30,12,9.45
大安,南港軟體園區,30,12,9.45
大安,南港展覽館,30,12,8.81
大安,南港展覽館,30,12,8.81
大安,南港展覽館,30,12,8.81
大安,南港展覽館,30,12,8.81
大安,台大醫院,20,8,4.01
大安,台大醫院,20,8,4.01
大安,台北車站,20,8,3.63
大安,台北車站,20,8,3.63
大安,台北車站,20,8,3.63
大安,台北車站,20,8,3.63
大安,中山,20,8,4.29
大安,中山,20,8,4.29
大安,中山,20,8,4.29
大安,中山,20,8,4.29
大安,民權西路,25,10,5.37
大安,民權西路,25,10,5.37
大安,民權西路,25,10,5.37
大安,民權西路,25,10,5.37
大安,小碧潭,35,14,11.37
大安,小碧潭,35,14,11.37
大安,新店,35,14,11.44
大安,新店,35,14,11.44
大安,七張,30,12,9.43
大安,七張,30,12,9.43
大安,大坪林,30,12,8.58
大安,大坪林,30,12,8.58
大安,大坪林,30,12,8.58
大安,大坪林,30,12,8.58
大安,景美,25,10,7.43
大安,景美,25,10,7.43
大安,萬隆,25,10,6.37
大安,萬隆,25,10,6.37
大安,公館,20,8,4.81
大安,公館,20,8,4.81
大安,台電大樓,20,8,3.91
大安,台電大樓,20,8,3.91
大安,古亭,20,8,3.03
大安,古亭,20,8,3.03
大安,中正紀念堂,20,8,3.02
大安,中正紀念堂,20,8,3.02
大安,頂溪,25,10,5.17
大安,頂溪,25,10,5.17
大安,永安市場,25,10,6.5
大安,永安市場,25,10,6.5
大安,景安,25,10,7.58
大安,景安,25,10,7.58
大安,景安,25,10,7.58
大安,景安,25,10,7.58
大安,南勢角,30,12,8.39
大安,南勢角,30,12,8.39
大安,雙連,20,8,4.84
大安,雙連,20,8,4.84
大安,圓山,25,10,6.4
大安,圓山,25,10,6.4
大安,劍潭,25,10,7.92
大安,劍潭,25,10,7.92
大安,士林,30,12,9.01
大安,士林,30,12,9.01
大安,芝山,30,12,10.11
大安,芝山,30,12,10.11
大安,明德,30,12,10.99
大安,明德,30,12,10.99
大安,石牌,35,14,11.59
大安,石牌,35,14,11.59
大安,唭哩岸,35,14,12.85
大安,唭哩岸,35,14,12.85
大安,奇岩,35,14,13.68
大安,奇岩,35,14,13.68
大安,北投,40,16,14.44
大安,北投,40,16,14.44
大安,新北投,40,16,15.47
大安,新北投,40,16,15.47
大安,復興崗,40,16,16.05
大安,復興崗,40,16,16.05
大安,忠義,45,18,17.5
大安,忠義,45,18,17.5
大安,關渡,45,18,18.37
大安,關渡,45,18,18.37
大安,竹圍,50,20,20.51
大安,竹圍,50,20,20.51
大安,紅樹林,50,20,22.42
大安,紅樹林,50,20,22.42
大安,淡水,55,22,24.51
大安,淡水,55,22,24.51
大安,西門,20,8,4.6
大安,西門,20,8,4.6
大安,象山,20,8,2.72
大安,象山,20,8,2.72
大安,台北101/世貿,20,8,1.98
大安,台北101/世貿,20,8,1.98
大安,信義安和,20,8,0.99
大安,信義安和,20,8,0.99
大安,大安森林公園,20,8,0.79
大安,大安森林公園,20,8,0.79
大安,北門,25,10,5.41
大安,北門,25,10,5.41
大安,東門,20,8,1.46
大安,東門,20,8,1.46
大安,新店區公所,30,12,10.33
大安,新店區公所,30,12,10.33
大安,小南門,20,8,3.78
大安,小南門,20,8,3.78
大安,松江南京,20,8,3.15
大安,松江南京,20,8,3.15
大安,松江南京,20,8,3.15
大安,松江南京,20,8,3.15
大安,忠孝新生,20,8,2.01
大安,忠孝新生,20,8,2.01
大安,忠孝新生,20,8,2.01
大安,忠孝新生,20,8,2.01
大安,頂埔,45,18,19.23
大安,頂埔,45,18,19.23
大安,永寧,45,18,17.29
大安,永寧,45,18,17.29
大安,土城,40,16,16.18
大安,土城,40,16,16.18
大安,海山,40,16,14.71
大安,海山,40,16,14.71
大安,亞東醫院,35,14,13.07
大安,亞東醫院,35,14,13.07
大安,府中,35,14,11.79
大安,府中,35,14,11.79
大安,板橋,35,14,11.13
大安,板橋,35,14,11.13
大安,板橋,35,14,11.13
大安,板橋,35,14,11.13
大安,新埔,30,12,9.86
大安,新埔,30,12,9.86
大安,江子翠,30,12,8.99
大安,江子翠,30,12,8.99
大安,龍山寺,25,10,5.91
大安,龍山寺,25,10,5.91
大安,善導寺,20,8,2.95
大安,善導寺,20,8,2.95
大安,忠孝敦化,20,8,1.56
大安,忠孝敦化,20,8,1.56
大安,國父紀念館,20,8,2.29
大安,國父紀念館,20,8,2.29
大安,市政府,20,8,3.13
大安,市政府,20,8,3.13
大安,永春,20,8,4.12
大安,永春,20,8,4.12
大安,後山埤,20,8,4.93
大安,後山埤,20,8,4.93
大安,昆陽,25,10,6.29
大安,昆陽,25,10,6.29
大安,南港,25,10,7.72
大安,南港,25,10,7.72
大安,台北小巨蛋,20,8,3.1
大安,台北小巨蛋,20,8,3.1
大安,南京三民,20,8,4.3
大安,南京三民,20,8,4.3
大安,松山,25,10,5.65
大安,松山,25,10,5.65
大安,輔大,40,16,14.25
大安,輔大,40,16,14.25
大安,新莊,35,14,12.51
大安,新莊,35,14,12.51
大安,頭前庄,35,14,11.49
大安,頭前庄,35,14,11.49
大安,頭前庄,35,14,11.49
大安,頭前庄,35,14,11.49
大安,先嗇宮,30,12,10.95
大安,先嗇宮,30,12,10.95
大安,三重,30,12,9.22
大安,三重,30,12,9.22
大安,菜寮,30,12,8.35
大安,菜寮,30,12,8.35
大安,台北橋,25,10,7.37
大安,台北橋,25,10,7.37
大安,大橋頭,25,10,6.03
大安,大橋頭,25,10,6.03
大安,中山國小,20,8,4.9
大安,中山國小,20,8,4.9
大安,行天宮,20,8,3.95
大安,行天宮,20,8,3.95
大安,蘆洲,35,14,12.05
大安,蘆洲,35,14,12.05
大安,三民高中,30,12,10.88
大安,三民高中,30,12,10.88
大安,徐匯中學,30,12,9.98
大安,徐匯中學,30,12,9.98
大安,三和國中,30,12,9.14
大安,三和國中,30,12,9.14
大安,三重國小,25,10,7.91
大安,三重國小,25,10,7.91
大安,迴龍,45,18,17.02
大安,迴龍,45,18,17.02
大安,丹鳳,40,16,15.61
大安,丹鳳,40,16,15.61
大安,十四張,30,12,10.13
大安,十四張,30,12,10.13
大安,秀朗橋,30,12,9.57
大安,秀朗橋,30,12,9.57
大安,景平,30,12,8.67
大安,景平,30,12,8.67
大安,中和,30,12,9.11
大安,中和,30,12,9.11
大安,橋和,30,12,9.74
大安,橋和,30,12,9.74
大安,中原,30,12,10.48
大安,中原,30,12,10.48
大安,板新,35,14,11.88
大安,板新,35,14,11.88
大安,新埔民生,30,12,9.86
大安,新埔民生,30,12,9.86
大安,幸福,35,14,12.64
大安,幸福,35,14,12.64
大安,新北產業園區,35,14,13.89
大安,新北產業園區,35,14,13.89
大安,廣慈/奉天宮,20,8,4.08
大安,廣慈/奉天宮,20,8,4.08
忠孝復興,松山機場,20,8,3.68
忠孝復興,松山機場,20,8,3.68
忠孝復興,中山國中,20,8,2.2
忠孝復興,中山國中,20,8,2.2
忠孝復興,科技大樓,20,8,1.64
忠孝復興,科技大樓,20,8,1.64
忠孝復興,六張犁,20,8,2.77
忠孝復興,六張犁,20,8,2.77
忠孝復興,麟光,20,8,3.59
忠孝復興,麟光,20,8,3.59
忠孝復興,辛亥,25,10,5.19
忠孝復興,辛亥,25,10,5.19
忠孝復興,萬芳醫院,25,10,5.95
忠孝復興,萬芳醫院,25,10,5.95
忠孝復興,萬芳社區,25,10,7.09
忠孝復興,萬芳社區,25,10,7.09
忠孝復興,木柵,25,10,7.61
忠孝復興,木柵,25,10,7.61
忠孝復興,動物園,30,12,8.29
忠孝復興,動物園,30,12,8.29
忠孝復興,大安,20,8,0.89
忠孝復興,大安,20,8,0.89
忠孝復興,大安,20,8,0.89
忠孝復興,大安,20,8,0.89
忠孝復興,忠孝復興,20,8,0
忠孝復興,忠孝復興,20,8,0
忠孝復興,忠孝復興,20,8,0
忠孝復興,忠孝復興,20,8,0
忠孝復興,南京復興,20,8,1.27
忠孝復興,南京復興,20,8,1.27
忠孝復興,南京復興,20,8,1.27
忠孝復興,南京復興,20,8,1.27
忠孝復興,大直,25,10,6.26
忠孝復興,大直,25,10,6.26
忠孝復興,劍南路,25,10,7.59
忠孝復興,劍南路,25,10,7.59
忠孝復興,西湖,30,12,8.88
忠孝復興,西湖,30,12,8.88
忠孝復興,港墘,30,12,9.7
忠孝復興,港墘,30,12,9.7
忠孝復興,文德,30,12,10.71
忠孝復興,文德,30,12,10.71
忠孝復興,內湖,35,14,11.84
忠孝復興,內湖,35,14,11.84
忠孝復興,大湖公園,35,14,12.08
忠孝復興,大湖公園,35,14,12.08
忠孝復興,葫洲,30,12,10.45
忠孝復興,葫洲,30,12,10.45
忠孝復興,東湖,30,12,9.6
忠孝復興,東湖,30,12,9.6
忠孝復興,南港軟體園區,30,12,8.56
忠孝復興,南港軟體園區,30,12,8.56
忠孝復興,南港展覽館,25,10,7.91
忠孝復興,南港展覽館,25,10,7.91
忠孝復興,南港展覽館,25,10,7.91
忠孝復興,南港展覽館,25,10,7.91
忠孝復興,台大醫院,20,8,3.37
忠孝復興,台大醫院,20,8,3.37
忠孝復興,台北車站,20,8,2.74
忠孝復興,台北車站,20,8,2.74
忠孝復興,台北車站,20,8,2.74
忠孝復興,台北車站,20,8,2.74
忠孝復興,中山,20,8,3.4
忠孝復興,中山,20,8,3.4
忠孝復興,中山,20,8,3.4
忠孝復興,中山,20,8,3.4
忠孝復興,民權西路,20,8,4.48
忠孝復興,民權西路,20,8,4.48
忠孝復興,民權西路,20,8,4.48
忠孝復興,民權西路,20,8,4.48
忠孝復興,小碧潭,35,14,12.24
忠孝復興,小碧潭,35,14,12.24
忠孝復興,新店,35,14,12.31
忠孝復興,新店,35,14,12.31
忠孝復興,七張,30,12,10.3
忠孝復興,七張,30,12,10.3
忠孝復興,大坪林,30,12,9.45
忠孝復興,大坪林,30,12,9.45
忠孝復興,大坪林,30,12,9.45
忠孝復興,大坪林,30,12,9.45
忠孝復興,景美,30,12,8.3
忠孝復興,景美,30,12,8.3
忠孝復興,萬隆,25,10,7.24
忠孝復興,萬隆,25,10,7.24
忠孝復興,公館,25,10,5.68
忠孝復興,公館,25,10,5.68
忠孝復興,台電大樓,20,8,4.78
忠孝復興,台電大樓,20,8,4.78
忠孝復興,古亭,20,8,3.9
忠孝復興,古亭,20,8,3.9
忠孝復興,中正紀念堂,20,8,3.88
忠孝復興,中正紀念堂,20,8,3.88
忠孝復興,頂溪,25,10,6.04
忠孝復興,頂溪,25,10,6.04
忠孝復興,永安市場,25,10,7.37
忠孝復興,永安市場,25,10,7.37
忠孝復興,景安,30,12,8.45
忠孝復興,景安,30,12,8.45
忠孝復興,景安,30,12,8.45
忠孝復興,景安,30,12,8.45
忠孝復興,南勢角,30,12,9.26
忠孝復興,南勢角,30,12,9.26
忠孝復興,雙連,20,8,3.95
忠孝復興,雙連,20,8,3.95
忠孝復興,圓山,25,10,5.51
忠孝復興,圓山,25,10,5.51
忠孝復興,劍潭,25,10,7.03
忠孝復興,劍潭,25,10,7.03
忠孝復興,士林,30,12,8.12
忠孝復興,士林,30,12,8.12
忠孝復興,芝山,30,12,9.22
忠孝復興,芝山,30,12,9.22
忠孝復興,明德,30,12,10.1
忠孝復興,明德,30,12,10.1
忠孝復興,石牌,30,12,10.7
忠孝復興,石牌,30,12,10.7
忠孝復興,唭哩岸,35,14,11.96
忠孝復興,唭哩岸,35,14,11.96
忠孝復興,奇岩,35,14,12.79
忠孝復興,奇岩,35,14,12.79
忠孝復興,北投,35,14,13.55
忠孝復興,北投,35,14,13.55
忠孝復興,新北投,40,16,14.58
忠孝復興,新北投,40,16,14.58
忠孝復興,復興崗,40,16,15.16
忠孝復興,復興崗,40,16,15.16
忠孝復興,忠義,40,16,16.61
忠孝復興,忠義,40,16,16.61
忠孝復興,關渡,45,18,17.48
忠孝復興,關渡,45,18,17.48
忠孝復興,竹圍,45,18,19.62
忠孝復興,竹圍,45,18,19.62
忠孝復興,紅樹林,50,20,21.53
忠孝復興,紅樹林,50,20,21.53
忠孝復興,淡水,55,22,23.62
忠孝復興,淡水,55,22,23.62
忠孝復興,西門,20,8,4.09
忠孝復興,西門,20,8,4.09
忠孝復興,象山,20,8,3.61
忠孝復興,象山,20,8,3.61
忠孝復興,台北101/世貿,20,8,2.88
忠孝復興,台北101/世貿,20,8,2.88
忠孝復興,信義安和,20,8,1.88
忠孝復興,信義安和,20,8,1.88
忠孝復興,大安森林公園,20,8,1.68
忠孝復興,大安森林公園,20,8,1.68
忠孝復興,北門,20,8,4.66
忠孝復興,北門,20,8,4.66
忠孝復興,東門,20,8,2.32
忠孝復興,東門,20,8,2.32
忠孝復興,新店區公所,35,14,11.2
忠孝復興,新店區公所,35,14,11.2
忠孝復興,小南門,20,8,4.64
忠孝復興,小南門,20,8,4.64
忠孝復興,松江南京,20,8,2.26
忠孝復興,松江南京,20,8,2.26
忠孝復興,松江南京,20,8,2.26
忠孝復興,松江南京,20,8,2.26
忠孝復興,忠孝新生,20,8,1.12
忠孝復興,忠孝新生,20,8,1.12
忠孝復興,忠孝新生,20,8,1.12
忠孝復興,忠孝新生,20,8,1.12
忠孝復興,頂埔,45,18,18.73
忠孝復興,頂埔,45,18,18.73
忠孝復興,永寧,40,16,16.78
忠孝復興,永寧,40,16,16.78
忠孝復興,土城,40,16,15.67
忠孝復興,土城,40,16,15.67
忠孝復興,海山,40,16,14.2
忠孝復興,海山,40,16,14.2
忠孝復興,亞東醫院,35,14,12.56
忠孝復興,亞東醫院,35,14,12.56
忠孝復興,府中,35,14,11.28
忠孝復興,府中,35,14,11.28
忠孝復興,板橋,30,12,10.63
忠孝復興,板橋,30,12,10.63
忠孝復興,板橋,30,12,10.63
忠孝復興,板橋,30,12,10.63
忠孝復興,新埔,30,12,9.35
忠孝復興,新埔,30,12,9.35
忠孝復興,江子翠,30,12,8.48
忠孝復興,江子翠,30,12,8.48
忠孝復興,龍山寺,25,10,5.4
忠孝復興,龍山寺,25,10,5.4
忠孝復興,善導寺,20,8,2.06
忠孝復興,善導寺,20,8,2.06
忠孝復興,忠孝敦化,20,8,0.67
忠孝復興,忠孝敦化,20,8,0.67
忠孝復興,國父紀念館,20,8,1.4
忠孝復興,國父紀念館,20,8,1.4
忠孝復興,市政府,20,8,2.24
忠孝復興,市政府,20,8,2.24
忠孝復興,永春,20,8,3.22
忠孝復興,永春,20,8,3.22
忠孝復興,後山埤,20,8,4.04
忠孝復興,後山埤,20,8,4.04
忠孝復興,昆陽,25,10,5.4
忠孝復興,昆陽,25,10,5.4
忠孝復興,南港,25,10,6.82
忠孝復興,南港,25,10,6.82
忠孝復興,台北小巨蛋,20,8,2.21
忠孝復興,台北小巨蛋,20,8,2.21
忠孝復興,南京三民,20,8,3.4
忠孝復興,南京三民,20,8,3.4
忠孝復興,松山,20,8,4.76
忠孝復興,松山,20,8,4.76
忠孝復興,輔大,35,14,13.74
忠孝復興,輔大,35,14,13.74
忠孝復興,新莊,35,14,12
忠孝復興,新莊,35,14,12
忠孝復興,頭前庄,30,12,10.98
忠孝復興,頭前庄,30,12,10.98
忠孝復興,頭前庄,30,12,10.98
忠孝復興,頭前庄,30,12,10.98
忠孝復興,先嗇宮,30,12,10.05
忠孝復興,先嗇宮,30,12,10.05
忠孝復興,三重,30,12,8.33
忠孝復興,三重,30,12,8.33
忠孝復興,菜寮,25,10,7.46
忠孝復興,菜寮,25,10,7.46
忠孝復興,台北橋,25,10,6.47
忠孝復興,台北橋,25,10,6.47
忠孝復興,大橋頭,25,10,5.14
忠孝復興,大橋頭,25,10,5.14
忠孝復興,中山國小,20,8,4.01
忠孝復興,中山國小,20,8,4.01
忠孝復興,行天宮,20,8,3.06
忠孝復興,行天宮,20,8,3.06
忠孝復興,蘆洲,35,14,11.15
忠孝復興,蘆洲,35,14,11.15
忠孝復興,三民高中,30,12,9.99
忠孝復興,三民高中,30,12,9.99
忠孝復興,徐匯中學,30,12,9.08
忠孝復興,徐匯中學,30,12,9.08
忠孝復興,三和國中,30,12,8.25
忠孝復興,三和國中,30,12,8.25
忠孝復興,三重國小,25,10,7.02
忠孝復興,三重國小,25,10,7.02
忠孝復興,迴龍,40,16,16.51
忠孝復興,迴龍,40,16,16.51
忠孝復興,丹鳳,40,16,15.11
忠孝復興,丹鳳,40,16,15.11
忠孝復興,十四張,30,12,11
忠孝復興,十四張,30,12,11
忠孝復興,秀朗橋,30,12,10.43
忠孝復興,秀朗橋,30,12,10.43
忠孝復興,景平,30,12,9.53
忠孝復興,景平,30,12,9.53
忠孝復興,中和,30,12,9.97
忠孝復興,中和,30,12,9.97
忠孝復興,橋和,30,12,10.6
忠孝復興,橋和,30,12,10.6
忠孝復興,中原,35,14,11.34
忠孝復興,中原,35,14,11.34
忠孝復興,板新,35,14,11.52
忠孝復興,板新,35,14,11.52
忠孝復興,新埔民生,30,12,9.35
忠孝復興,新埔民生,30,12,9.35
忠孝復興,幸福,35,14,12.14
忠孝復興,幸福,35,14,12.14
忠孝復興,新北產業園區,35,14,13.38
忠孝復興,新北產業園區,35,14,13.38
忠孝復興,廣慈/奉天宮,20,8,4.97
忠孝復興,廣慈/奉天宮,20,8,4.97
南京復興,松山機場,20,8,2.41
南京復興,松山機場,20,8,2.41
南京復興,中山國中,20,8,0.93
南京復興,中山國中,20,8,0.93
南京復興,科技大樓,20,8,2.91
南京復興,科技大樓,20,8,2.91
南京復興,六張犁,20,8,4.04
南京復興,六張犁,20,8,4.04
南京復興,麟光,20,8,4.86
南京復興,麟光,20,8,4.86
南京復興,辛亥,25,10,6.46
南京復興,辛亥,25,10,6.46
南京復興,萬芳醫院,25,10,7.22
南京復興,萬芳醫院,25,10,7.22
南京復興,萬芳社區,30,12,8.36
南京復興,萬芳社區,30,12,8.36
南京復興,木柵,30,12,8.88
南京復興,木柵,30,12,8.88
南京復興,動物園,30,12,9.56
南京復興,動物園,30,12,9.56
南京復興,大安,20,8,2.16
南京復興,大安,20,8,2.16
南京復興,大安,20,8,2.16
南京復興,大安,20,8,2.16
南京復興,忠孝復興,20,8,1.27
南京復興,忠孝復興,20,8,1.27
南京復興,忠孝復興,20,8,1.27
南京復興,忠孝復興,20,8,1.27
南京復興,南京復興,20,8,0
南京復興,南京復興,20,8,0
南京復興,南京復興,20,8,0
南京復興,南京復興,20,8,0
南京復興,大直,20,8,5
南京復興,大直,20,8,5
南京復興,劍南路,25,10,6.32
南京復興,劍南路,25,10,6.32
南京復興,西湖,25,10,7.61
南京復興,西湖,25,10,7.61
南京復興,港墘,30,12,8.44
南京復興,港墘,30,12,8.44
南京復興,文德,30,12,9.45
南京復興,文德,30,12,9.45
南京復興,內湖,30,12,10.58
南京復興,內湖,30,12,10.58
南京復興,大湖公園,35,14,11.44
南京復興,大湖公園,35,14,11.44
南京復興,葫洲,35,14,11.72
南京復興,葫洲,35,14,11.72
南京復興,東湖,30,12,10.87
南京復興,東湖,30,12,10.87
南京復興,南港軟體園區,30,12,9.83
南京復興,南港軟體園區,30,12,9.83
南京復興,南港展覽館,30,12,9.18
南京復興,南港展覽館,30,12,9.18
南京復興,南港展覽館,30,12,9.18
南京復興,南港展覽館,30,12,9.18
南京復興,台大醫院,20,8,3.58
南京復興,台大醫院,20,8,3.58
南京復興,台北車站,20,8,2.95
南京復興,台北車站,20,8,2.95
南京復興,台北車站,20,8,2.95
南京復興,台北車站,20,8,2.95
南京復興,中山,20,8,2.29
南京復興,中山,20,8,2.29
南京復興,中山,20,8,2.29
南京復興,中山,20,8,2.29
南京復興,民權西路,20,8,3.37
南京復興,民權西路,20,8,3.37
南京復興,民權西路,20,8,3.37
南京復興,民權西路,20,8,3.37
南京復興,小碧潭,35,14,13.26
南京復興,小碧潭,35,14,13.26
南京復興,新店,35,14,13.32
南京復興,新店,35,14,13.32
南京復興,七張,35,14,11.31
南京復興,七張,35,14,11.31
南京復興,大坪林,30,12,10.46
南京復興,大坪林,30,12,10.46
南京復興,大坪林,30,12,10.46
南京復興,大坪林,30,12,10.46
南京復興,景美,30,12,9.31
南京復興,景美,30,12,9.31
南京復興,萬隆,30,12,8.25
南京復興,萬隆,30,12,8.25
南京復興,公館,25,10,6.69
南京復興,公館,25,10,6.69
南京復興,台電大樓,25,10,5.79
南京復興,台電大樓,25,10,5.79
南京復興,古亭,20,8,4.91
南京復興,古亭,20,8,4.91
南京復興,中正紀念堂,20,8,4.57
南京復興,中正紀念堂,20,8,4.57
南京復興,頂溪,25,10,7.05
南京復興,頂溪,25,10,7.05
南京復興,永安市場,30,12,8.38
南京復興,永安市場,30,12,8.38
南京復興,景安,30,12,9.46
南京復興,景安,30,12,9.46
南京復興,景安,30,12,9.46
南京復興,景安,30,12,9.46
南京復興,南勢角,30,12,10.27
南京復興,南勢角,30,12,10.27
南京復興,雙連,20,8,2.84
南京復興,雙連,20,8,2.84
南京復興,圓山,20,8,4.4
南京復興,圓山,20,8,4.4
南京復興,劍潭,25,10,5.92
南京復興,劍潭,25,10,5.92
南京復興,士林,25,10,7.01
南京復興,士林,25,10,7.01
南京復興,芝山,30,12,8.11
南京復興,芝山,30,12,8.11
南京復興,明德,30,12,8.99
南京復興,明德,30,12,8.99
南京復興,石牌,30,12,9.59
南京復興,石牌,30,12,9.59
南京復興,唭哩岸,30,12,10.85
南京復興,唭哩岸,30,12,10.85
南京復興,奇岩,35,14,11.68
南京復興,奇岩,35,14,11.68
南京復興,北投,35,14,12.44
南京復興,北投,35,14,12.44
南京復興,新北投,35,14,13.47
南京復興,新北投,35,14,13.47
南京復興,復興崗,40,16,14.05
南京復興,復興崗,40,16,14.05
南京復興,忠義,40,16,15.5
南京復興,忠義,40,16,15.5
南京復興,關渡,40,16,16.37
南京復興,關渡,40,16,16.37
南京復興,竹圍,45,18,18.51
南京復興,竹圍,45,18,18.51
南京復興,紅樹林,50,20,20.42
南京復興,紅樹林,50,20,20.42
南京復興,淡水,50,20,22.51
南京復興,淡水,50,20,22.51
南京復興,西門,20,8,4.3
南京復興,西門,20,8,4.3
南京復興,象山,20,8,4.88
南京復興,象山,20,8,4.88
南京復興,台北101/世貿,20,8,4.14
南京復興,台北101/世貿,20,8,4.14
南京復興,信義安和,20,8,3.15
南京復興,信義安和,20,8,3.15
南京復興,大安森林公園,20,8,2.95
南京復興,大安森林公園,20,8,2.95
南京復興,北門,20,8,3.55
南京復興,北門,20,8,3.55
南京復興,東門,20,8,3.34
南京復興,東門,20,8,3.34
南京復興,新店區公所,35,14,12.21
南京復興,新店區公所,35,14,12.21
南京復興,小南門,25,10,5.12
南京復興,小南門,25,10,5.12
南京復興,松江南京,20,8,0.99
南京復興,松江南京,20,8,0.99
南京復興,松江南京,20,8,0.99
南京復興,松江南京,20,8,0.99
南京復興,忠孝新生,20,8,2.14
南京復興,忠孝新生,20,8,2.14
南京復興,忠孝新生,20,8,2.14
南京復興,忠孝新生,20,8,2.14
南京復興,頂埔,45,18,18.93
南京復興,頂埔,45,18,18.93
南京復興,永寧,40,16,16.99
南京復興,永寧,40,16,16.99
南京復興,土城,40,16,15.88
南京復興,土城,40,16,15.88
南京復興,海山,40,16,14.41
南京復興,海山,40,16,14.41
南京復興,亞東醫院,35,14,12.77
南京復興,亞東醫院,35,14,12.77
南京復興,府中,35,14,11.49
南京復興,府中,35,14,11.49
南京復興,板橋,30,12,10.83
南京復興,板橋,30,12,10.83
南京復興,板橋,30,12,10.83
南京復興,板橋,30,12,10.83
南京復興,新埔,30,12,9.56
南京復興,新埔,30,12,9.56
南京復興,江子翠,30,12,8.69
南京復興,江子翠,30,12,8.69
南京復興,龍山寺,25,10,5.61
南京復興,龍山寺,25,10,5.61
南京復興,善導寺,20,8,3.07
南京復興,善導寺,20,8,3.07
南京復興,忠孝敦化,20,8,1.94
南京復興,忠孝敦化,20,8,1.94
南京復興,國父紀念館,20,8,2.66
南京復興,國父紀念館,20,8,2.66
南京復興,市政府,20,8,3.51
南京復興,市政府,20,8,3.51
南京復興,永春,20,8,4.49
南京復興,永春,20,8,4.49
南京復興,後山埤,25,10,5.31
南京復興,後山埤,25,10,5.31
南京復興,昆陽,25,10,6.67
南京復興,昆陽,25,10,6.67
南京復興,南港,30,12,8.09
南京復興,南港,30,12,8.09
南京復興,台北小巨蛋,20,8,0.94
南京復興,台北小巨蛋,20,8,0.94
南京復興,南京三民,20,8,2.14
南京復興,南京三民,20,8,2.14
南京復興,松山,20,8,3.49
南京復興,松山,20,8,3.49
南京復興,輔大,35,14,12.97
南京復興,輔大,35,14,12.97
南京復興,新莊,35,14,11.23
南京復興,新莊,35,14,11.23
南京復興,頭前庄,30,12,10.21
南京復興,頭前庄,30,12,10.21
南京復興,頭前庄,30,12,10.21
南京復興,頭前庄,30,12,10.21
南京復興,先嗇宮,30,12,8.94
南京復興,先嗇宮,30,12,8.94
南京復興,三重,25,10,7.22
南京復興,三重,25,10,7.22
南京復興,菜寮,25,10,6.35
南京復興,菜寮,25,10,6.35
南京復興,台北橋,25,10,5.36
南京復興,台北橋,25,10,5.36
南京復興,大橋頭,20,8,4.03
南京復興,大橋頭,20,8,4.03
南京復興,中山國小,20,8,2.74
南京復興,中山國小,20,8,2.74
南京復興,行天宮,20,8,1.79
南京復興,行天宮,20,8,1.79
南京復興,蘆洲,30,12,10.04
南京復興,蘆洲,30,12,10.04
南京復興,三民高中,30,12,8.87
南京復興,三民高中,30,12,8.87
南京復興,徐匯中學,25,10,7.97
南京復興,徐匯中學,25,10,7.97
南京復興,三和國中,25,10,7.14
南京復興,三和國中,25,10,7.14
南京復興,三重國小,25,10,5.91
南京復興,三重國小,25,10,5.91
南京復興,迴龍,40,16,15.74
南京復興,迴龍,40,16,15.74
南京復興,丹鳳,40,16,14.34
南京復興,丹鳳,40,16,14.34
南京復興,十四張,35,14,12.01
南京復興,十四張,35,14,12.01
南京復興,秀朗橋,35,14,11.45
南京復興,秀朗橋,35,14,11.45
南京復興,景平,30,12,10.55
南京復興,景平,30,12,10.55
南京復興,中和,30,12,10.99
南京復興,中和,30,12,10.99
南京復興,橋和,35,14,11.62
南京復興,橋和,35,14,11.62
南京復興,中原,35,14,12.36
南京復興,中原,35,14,12.36
南京復興,板新,35,14,11.73
南京復興,板新,35,14,11.73
南京復興,新埔民生,30,12,9.56
南京復興,新埔民生,30,12,9.56
南京復興,幸福,35,14,11.37
南京復興,幸福,35,14,11.37
南京復興,新北產業園區,35,14,12.61
南京復興,新北產業園區,35,14,12.61
南京復興,廣慈/奉天宮,20,8,6.24
南京復興,廣慈/奉天宮,20,8,6.24
大直,松山機場,20,8,2.59
大直,中山國中,20,8,4.06
大直,科技大樓,25,10,7.9
大直,六張犁,30,12,9.04
大直,麟光,30,12,9.86
大直,辛亥,35,14,11.45
大直,萬芳醫院,35,14,12.22
大直,萬芳社區,35,14,13.36
大直,木柵,35,14,13.87
大直,動物園,40,16,14.55
大直,大安,25,10,7.16
大直,大安,25,10,7.16
大直,忠孝復興,25,10,6.26
大直,忠孝復興,25,10,6.26
大直,南京復興,20,8,5
大直,南京復興,20,8,5
大直,大直,20,8,0
大直,劍南路,20,8,1.33
大直,西湖,20,8,2.61
大直,港墘,20,8,3.44
大直,文德,20,8,4.45
大直,內湖,25,10,5.58
大直,大湖公園,25,10,6.45
大直,葫洲,30,12,8.07
大直,東湖,30,12,8.93
大直,南港軟體園區,30,12,9.97
大直,南港展覽館,30,12,10.61
大直,南港展覽館,30,12,10.61
大直,台大醫院,30,12,8.57
大直,台北車站,25,10,7.94
大直,台北車站,25,10,7.94
大直,中山,25,10,7.28
大直,中山,25,10,7.28
大直,民權西路,30,12,8.36
大直,民權西路,30,12,8.36
大直,小碧潭,45,18,18.25
大直,新店,45,18,18.32
大直,七張,40,16,16.31
大直,大坪林,40,16,15.46
大直,大坪林,40,16,15.46
大直,景美,40,16,14.31
大直,萬隆,35,14,13.25
大直,公館,35,14,11.69
大直,台電大樓,30,12,10.79
大直,古亭,30,12,9.91
大直,中正紀念堂,30,12,9.56
大直,頂溪,35,14,12.05
大直,永安市場,35,14,13.38
大直,景安,40,16,14.46
大直,景安,40,16,14.46
大直,南勢角,40,16,15.27
大直,雙連,25,10,7.83
大直,圓山,30,12,9.39
大直,劍潭,30,12,10.91
大直,士林,35,14,12
大直,芝山,35,14,13.1
大直,明德,35,14,13.98
大直,石牌,40,16,14.58
大直,唭哩岸,40,16,15.84
大直,奇岩,40,16,16.67
大直,北投,45,18,17.43
大直,新北投,45,18,18.46
大直,復興崗,45,18,19.04
大直,忠義,50,20,20.49
大直,關渡,50,20,21.36
大直,竹圍,55,22,23.5
大直,紅樹林,55,22,25.41
大直,淡水,60,24,27.5
大直,西門,30,12,9.29
大直,象山,30,12,9.87
大直,台北101/世貿,30,12,9.14
大直,信義安和,30,12,8.14
大直,大安森林公園,25,10,7.94
大直,北門,30,12,8.55
大直,東門,30,12,8.33
大直,新店區公所,45,18,17.21
大直,小南門,30,12,10.11
大直,松江南京,25,10,5.99
大直,松江南京,25,10,5.99
大直,忠孝新生,25,10,7.13
大直,忠孝新生,25,10,7.13
大直,頂埔,55,22,23.93
大直,永寧,50,20,21.98
大直,土城,50,20,20.87
大直,海山,45,18,19.41
大直,亞東醫院,45,18,17.76
大直,府中,40,16,16.48
大直,板橋,40,16,15.83
大直,板橋,40,16,15.83
大直,新埔,40,16,14.55
大直,江子翠,35,14,13.69
大直,龍山寺,30,12,10.61
大直,善導寺,30,12,8.07
大直,忠孝敦化,25,10,6.93
大直,國父紀念館,25,10,7.66
大直,市政府,30,12,8.5
大直,永春,30,12,9.49
大直,後山埤,30,12,10.3
大直,昆陽,35,14,11.66
大直,南港,35,14,11.7
大直,台北小巨蛋,25,10,5.93
大直,南京三民,25,10,7.13
大直,松山,30,12,8.48
大直,輔大,45,18,17.97
大直,新莊,40,16,16.23
大直,頭前庄,40,16,15.21
大直,頭前庄,40,16,15.21
大直,先嗇宮,35,14,13.94
大直,三重,35,14,12.21
大直,菜寮,35,14,11.34
大直,台北橋,30,12,10.36
大直,大橋頭,30,12,9.02
大直,中山國小,25,10,7.73
大直,行天宮,25,10,6.79
大直,蘆洲,40,16,15.04
大直,三民高中,35,14,13.87
大直,徐匯中學,35,14,12.97
大直,三和國中,35,14,12.13
大直,三重國小,30,12,10.9
大直,迴龍,50,20,20.74
大直,丹鳳,45,18,19.33
大直,十四張,45,18,17.01
大直,秀朗橋,40,16,16.44
大直,景平,40,16,15.54
大直,中和,40,16,15.98
大直,橋和,40,16,16.61
大直,中原,45,18,17.35
大直,板新,40,16,16.72
大直,新埔民生,40,16,14.55
大直,幸福,40,16,16.36
大直,新北產業園區,45,18,17.61
大直,廣慈/奉天宮,30,12,11.24
劍南路,松山機場,20,8,3.91
劍南路,中山國中,25,10,5.39
劍南路,科技大樓,30,12,9.23
劍南路,六張犁,30,12,10.36
劍南路,麟光,35,14,11.19
劍南路,辛亥,35,14,12.78
劍南路,萬芳醫院,35,14,13.54
劍南路,萬芳社區,40,16,14.69
劍南路,木柵,40,16,15.2
劍南路,動物園,40,16,15.88
劍南路,大安,30,12,8.48
劍南路,大安,30,12,8.48
劍南路,忠孝復興,25,10,7.59
劍南路,忠孝復興,25,10,7.59
劍南路,南京復興,25,10,6.32
劍南路,南京復興,25,10,6.32
劍南路,大直,20,8,1.33
劍南路,劍南路,20,8,0
劍南路,西湖,20,8,1.28
劍南路,港墘,20,8,2.11
劍南路,文德,20,8,3.12
劍南路,內湖,20,8,4.25
劍南路,大湖公園,25,10,5.12
劍南路,葫洲,25,10,6.75
劍南路,東湖,25,10,7.6
劍南路,南港軟體園區,30,12,8.64
劍南路,南港展覽館,30,12,9.28
劍南路,南港展覽館,30,12,9.28
劍南路,台大醫院,30,12,9.9
劍南路,台北車站,30,12,9.27
劍南路,台北車站,30,12,9.27
劍南路,中山,30,12,8.61
劍南路,中山,30,12,8.61
劍南路,民權西路,30,12,9.69
劍南路,民權西路,30,12,9.69
劍南路,小碧潭,45,18,19.58
劍南路,新店,45,18,19.65
劍南路,七張,45,18,17.64
劍南路,大坪林,40,16,16.79
劍南路,大坪林,40,16,16.79
劍南路,景美,40,16,15.64
劍南路,萬隆,40,16,14.58
劍南路,公館,35,14,13.02
劍南路,台電大樓,35,14,12.12
劍南路,古亭,35,14,11.24
劍南路,中正紀念堂,30,12,10.89
劍南路,頂溪,35,14,13.38
劍南路,永安市場,40,16,14.71
劍南路,景安,40,16,15.79
劍南路,景安,40,16,15.79
劍南路,南勢角,40,16,16.6
劍南路,雙連,30,12,9.16
劍南路,圓山,30,12,10.72
劍南路,劍潭,35,14,12.24
劍南路,士林,35,14,13.33
劍南路,芝山,40,16,14.43
劍南路,明德,40,16,15.31
劍南路,石牌,40,16,15.91
劍南路,唭哩岸,45,18,17.17
劍南路,奇岩,45,18,18
劍南路,北投,45,18,18.76
劍南路,新北投,45,18,19.79
劍南路,復興崗,50,20,20.37
劍南路,忠義,50,20,21.82
劍南路,關渡,50,20,22.69
劍南路,竹圍,55,22,24.83
劍南路,紅樹林,55,22,26.74
劍南路,淡水,60,24,28.83
劍南路,西門,30,12,10.62
劍南路,象山,35,14,11.2
劍南路,台北101/世貿,30,12,10.47
劍南路,信義安和,30,12,9.47
劍南路,大安森林公園,30,12,9.27
劍南路,北門,30,12,9.87
劍南路,東門,30,12,9.66
劍南路,新店區公所,45,18,18.54
劍南路,小南門,35,14,11.44
劍南路,松江南京,25,10,7.32
劍南路,松江南京,25,10,7.32
劍南路,忠孝新生,30,12,8.46
劍南路,忠孝新生,30,12,8.46
劍南路,頂埔,55,22,25.26
劍南路,永寧,55,22,23.31
劍南路,土城,50,20,22.2
劍南路,海山,50,20,20.73
劍南路,亞東醫院,45,18,19.09
劍南路,府中,45,18,17.81
劍南路,板橋,45,18,17.16
劍南路,板橋,45,18,17.16
劍南路,新埔,40,16,15.88
劍南路,江子翠,40,16,15.01
劍南路,龍山寺,35,14,11.93
劍南路,善導寺,30,12,9.4
劍南路,忠孝敦化,30,12,8.26
劍南路,國父紀念館,30,12,8.99
劍南路,市政府,30,12,9.83
劍南路,永春,30,12,10.81
劍南路,後山埤,35,14,11.63
劍南路,昆陽,35,14,11.8
劍南路,南港,30,12,10.37
劍南路,台北小巨蛋,25,10,7.26
劍南路,南京三民,30,12,8.46
劍南路,松山,30,12,9.81
劍南路,輔大,45,18,19.29
劍南路,新莊,45,18,17.56
劍南路,頭前庄,40,16,16.54
劍南路,頭前庄,40,16,16.54
劍南路,先嗇宮,40,16,15.26
劍南路,三重,35,14,13.54
劍南路,菜寮,35,14,12.67
劍南路,台北橋,35,14,11.68
劍南路,大橋頭,30,12,10.35
劍南路,中山國小,30,12,9.06
劍南路,行天宮,30,12,8.11
劍南路,蘆洲,40,16,16.36
劍南路,三民高中,40,16,15.2
劍南路,徐匯中學,40,16,14.3
劍南路,三和國中,35,14,13.46
劍南路,三重國小,35,14,12.23
劍南路,迴龍,50,20,22.06
劍南路,丹鳳,50,20,20.66
劍南路,十四張,45,18,18.34
劍南路,秀朗橋,45,18,17.77
劍南路,景平,40,16,16.87
劍南路,中和,45,18,17.31
劍南路,橋和,45,18,17.94
劍南路,中原,45,18,18.68
劍南路,板新,45,18,18.05
劍南路,新埔民生,40,16,15.88
劍南路,幸福,45,18,17.69
劍南路,新北產業園區,45,18,18.93
劍南路,廣慈/奉天宮,35,14,12.57
西湖,松山機場,25,10,5.2
西湖,中山國中,25,10,6.68
西湖,科技大樓,30,12,10.51
西湖,六張犁,35,14,11.65
西湖,麟光,35,14,12.47
西湖,辛亥,40,16,14.07
西湖,萬芳醫院,40,16,14.83
西湖,萬芳社區,40,16,15.97
西湖,木柵,40,16,16.48
西湖,動物園,45,18,17.17
西湖,大安,30,12,9.77
西湖,大安,30,12,9.77
西湖,忠孝復興,30,12,8.88
西湖,忠孝復興,30,12,8.88
西湖,南京復興,25,10,7.61
西湖,南京復興,25,10,7.61
西湖,大直,20,8,2.61
西湖,劍南路,20,8,1.28
西湖,西湖,20,8,0
西湖,港墘,20,8,0.83
西湖,文德,20,8,1.84
西湖,內湖,20,8,2.97
西湖,大湖公園,20,8,3.84
西湖,葫洲,25,10,5.46
西湖,東湖,25,10,6.32
西湖,南港軟體園區,25,10,7.35
西湖,南港展覽館,25,10,8
西湖,南港展覽館,25,10,8
西湖,台大醫院,35,14,11.19
西湖,台北車站,30,12,10.56
西湖,台北車站,30,12,10.56
西湖,中山,30,12,9.9
西湖,中山,30,12,9.9
西湖,民權西路,30,12,10.98
西湖,民權西路,30,12,10.98
西湖,小碧潭,50,20,20.86
西湖,新店,50,20,20.93
西湖,七張,45,18,18.92
西湖,大坪林,45,18,18.07
西湖,大坪林,45,18,18.07
西湖,景美,40,16,16.92
西湖,萬隆,40,16,15.86
西湖,公館,40,16,14.3
西湖,台電大樓,35,14,13.4
西湖,古亭,35,14,12.52
西湖,中正紀念堂,35,14,12.18
西湖,頂溪,40,16,14.66
西湖,永安市場,40,16,15.99
西湖,景安,45,18,17.07
西湖,景安,45,18,17.07
西湖,南勢角,45,18,17.88
西湖,雙連,30,12,10.45
西湖,圓山,35,14,12.01
西湖,劍潭,35,14,13.53
西湖,士林,40,16,14.62
西湖,芝山,40,16,15.72
西湖,明德,40,16,16.6
西湖,石牌,45,18,17.2
西湖,唭哩岸,45,18,18.46
西湖,奇岩,45,18,19.29
西湖,北投,50,20,20.05
西湖,新北投,50,20,21.08
西湖,復興崗,50,20,21.66
西湖,忠義,55,22,23.11
西湖,關渡,55,22,23.98
西湖,竹圍,55,22,26.12
西湖,紅樹林,60,24,28.03
西湖,淡水,60,24,30.12
西湖,西門,35,14,11.9
西湖,象山,35,14,12.49
西湖,台北101/世貿,35,14,11.75
西湖,信義安和,30,12,10.76
西湖,大安森林公園,30,12,10.56
西湖,北門,35,14,11.16
西湖,東門,30,12,10.94
西湖,新店區公所,45,18,19.82
西湖,小南門,35,14,12.72
西湖,松江南京,30,12,8.6
西湖,松江南京,30,12,8.6
西湖,忠孝新生,30,12,9.74
西湖,忠孝新生,30,12,9.74
西湖,頂埔,55,22,26.54
西湖,永寧,55,22,24.59
西湖,土城,55,22,23.48
西湖,海山,50,20,22.02
西湖,亞東醫院,50,20,20.37
西湖,府中,45,18,19.09
西湖,板橋,45,18,18.44
西湖,板橋,45,18,18.44
西湖,新埔,45,18,17.16
西湖,江子翠,40,16,16.3
西湖,龍山寺,35,14,13.22
西湖,善導寺,30,12,10.68
西湖,忠孝敦化,30,12,9.54
西湖,國父紀念館,30,12,10.27
西湖,市政府,35,14,11.11
西湖,永春,35,14,12.1
西湖,後山埤,35,14,11.88
西湖,昆陽,30,12,10.51
西湖,南港,30,12,9.09
西湖,台北小巨蛋,30,12,8.55
西湖,南京三民,30,12,9.74
西湖,松山,35,14,11.1
西湖,輔大,50,20,20.58
西湖,新莊,45,18,18.84
西湖,頭前庄,45,18,17.82
西湖,頭前庄,45,18,17.82
西湖,先嗇宮,40,16,16.55
西湖,三重,40,16,14.83
西湖,菜寮,35,14,13.96
西湖,台北橋,35,14,12.97
西湖,大橋頭,35,14,11.64
西湖,中山國小,30,12,10.35
西湖,行天宮,30,12,9.4
西湖,蘆洲,45,18,17.65
西湖,三民高中,40,16,16.48
西湖,徐匯中學,40,16,15.58
西湖,三和國中,40,16,14.75
西湖,三重國小,35,14,13.51
西湖,迴龍,55,22,23.35
西湖,丹鳳,50,20,21.95
西湖,十四張,45,18,19.62
西湖,秀朗橋,45,18,19.06
西湖,景平,45,18,18.15
西湖,中和,45,18,18.6
西湖,橋和,45,18,19.23
西湖,中原,45,18,19.96
西湖,板新,45,18,19.33
西湖,新埔民生,45,18,17.16
西湖,幸福,45,18,18.98
西湖,新北產業園區,50,20,20.22
西湖,廣慈/奉天宮,35,14,13.85
港墘,松山機場,25,10,6.03
港墘,中山國中,25,10,7.5
港墘,科技大樓,35,14,11.34
港墘,六張犁,35,14,12.48
港墘,麟光,35,14,13.3
港墘,辛亥,40,16,14.89
港墘,萬芳醫院,40,16,15.66
港墘,萬芳社區,40,16,16.8
港墘,木柵,45,18,17.31
港墘,動物園,45,18,17.99
港墘,大安,30,12,10.6
港墘,大安,30,12,10.6
港墘,忠孝復興,30,12,9.7
港墘,忠孝復興,30,12,9.7
港墘,南京復興,30,12,8.44
港墘,南京復興,30,12,8.44
港墘,大直,20,8,3.44
港墘,劍南路,20,8,2.11
港墘,西湖,20,8,0.83
港墘,港墘,20,8,0
港墘,文德,20,8,1.01
港墘,內湖,20,8,2.14
港墘,大湖公園,20,8,3.01
港墘,葫洲,20,8,4.63
港墘,東湖,25,10,5.49
港墘,南港軟體園區,25,10,6.53
港墘,南港展覽館,25,10,7.17
港墘,南港展覽館,25,10,7.17
港墘,台大醫院,35,14,12.01
港墘,台北車站,35,14,11.38
港墘,台北車站,35,14,11.38
港墘,中山,30,12,10.72
港墘,中山,30,12,10.72
港墘,民權西路,35,14,11.8
港墘,民權西路,35,14,11.8
港墘,小碧潭,50,20,21.69
港墘,新店,50,20,21.76
港墘,七張,45,18,19.75
港墘,大坪林,45,18,18.9
港墘,大坪林,45,18,18.9
港墘,景美,45,18,17.75
港墘,萬隆,40,16,16.69
港墘,公館,40,16,15.13
港墘,台電大樓,40,16,14.23
港墘,古亭,35,14,13.35
港墘,中正紀念堂,35,14,13
港墘,頂溪,40,16,15.49
港墘,永安市場,40,16,16.82
港墘,景安,45,18,17.9
港墘,景安,45,18,17.9
港墘,南勢角,45,18,18.71
港墘,雙連,35,14,11.27
港墘,圓山,35,14,12.83
港墘,劍潭,40,16,14.35
港墘,士林,40,16,15.44
港墘,芝山,40,16,16.54
港墘,明德,45,18,17.42
港墘,石牌,45,18,18.02
港墘,唭哩岸,45,18,19.28
港墘,奇岩,50,20,20.11
港墘,北投,50,20,20.87
港墘,新北投,50,20,21.9
港墘,復興崗,50,20,22.48
港墘,忠義,55,22,23.93
港墘,關渡,55,22,24.8
港墘,竹圍,55,22,26.94
港墘,紅樹林,60,24,28.85
港墘,淡水,60,24,30.94
港墘,西門,35,14,12.73
港墘,象山,35,14,13.31
港墘,台北101/世貿,35,14,12.58
港墘,信義安和,35,14,11.58
港墘,大安森林公園,35,14,11.38
港墘,北門,35,14,11.99
港墘,東門,35,14,11.77
港墘,新店區公所,50,20,20.65
港墘,小南門,35,14,13.55
港墘,松江南京,30,12,9.43
港墘,松江南京,30,12,9.43
港墘,忠孝新生,30,12,10.57
港墘,忠孝新生,30,12,10.57
港墘,頂埔,60,24,27.37
港墘,永寧,55,22,25.42
港墘,土城,55,22,24.31
港墘,海山,50,20,22.85
港墘,亞東醫院,50,20,21.2
港墘,府中,45,18,19.92
港墘,板橋,45,18,19.27
港墘,板橋,45,18,19.27
港墘,新埔,45,18,17.99
港墘,江子翠,45,18,17.13
港墘,龍山寺,40,16,14.05
港墘,善導寺,35,14,11.51
港墘,忠孝敦化,30,12,10.37
港墘,國父紀念館,35,14,11.1
港墘,市政府,35,14,11.94
港墘,永春,35,14,11.86
港墘,後山埤,35,14,11.05
港墘,昆陽,30,12,9.69
港墘,南港,30,12,8.26
港墘,台北小巨蛋,30,12,9.37
港墘,南京三民,30,12,10.57
港墘,松山,35,14,11.92
港墘,輔大,50,20,21.41
港墘,新莊,45,18,19.67
港墘,頭前庄,45,18,18.65
港墘,頭前庄,45,18,18.65
港墘,先嗇宮,45,18,17.38
港墘,三重,40,16,15.65
港墘,菜寮,40,16,14.78
港墘,台北橋,35,14,13.8
港墘,大橋頭,35,14,12.46
港墘,中山國小,35,14,11.17
港墘,行天宮,30,12,10.23
港墘,蘆洲,45,18,18.48
港墘,三民高中,45,18,17.31
港墘,徐匯中學,40,16,16.41
港墘,三和國中,40,16,15.57
港墘,三重國小,40,16,14.34
港墘,迴龍,55,22,24.18
港墘,丹鳳,50,20,22.77
港墘,十四張,50,20,20.45
港墘,秀朗橋,45,18,19.88
港墘,景平,45,18,18.98
港墘,中和,45,18,19.42
港墘,橋和,50,20,20.05
港墘,中原,50,20,20.79
港墘,板新,50,20,20.16
港墘,新埔民生,45,18,17.99
港墘,幸福,45,18,19.8
港墘,新北產業園區,50,20,21.05
港墘,廣慈/奉天宮,35,14,14.68
文德,松山機場,25,10,7.04
文德,中山國中,30,12,8.52
文德,科技大樓,35,14,12.35
文德,六張犁,35,14,13.49
文德,麟光,40,16,14.31
文德,辛亥,40,16,15.9
文德,萬芳醫院,40,16,16.67
文德,萬芳社區,45,18,17.81
文德,木柵,45,18,18.32
文德,動物園,45,18,19
文德,大安,35,14,11.61
文德,大安,35,14,11.61
文德,忠孝復興,30,12,10.71
文德,忠孝復興,30,12,10.71
文德,南京復興,30,12,9.45
文德,南京復興,30,12,9.45
文德,大直,20,8,4.45
文德,劍南路,20,8,3.12
文德,西湖,20,8,1.84
文德,港墘,20,8,1.01
文德,文德,20,8,0
文德,內湖,20,8,1.13
文德,大湖公園,20,8,2
文德,葫洲,20,8,3.62
文德,東湖,20,8,4.48
文德,南港軟體園區,25,10,5.52
文德,南港展覽館,25,10,6.16
文德,南港展覽館,25,10,6.16
文德,台大醫院,35,14,13.02
文德,台北車站,35,14,12.39
文德,台北車站,35,14,12.39
文德,中山,35,14,11.73
文德,中山,35,14,11.73
文德,民權西路,35,14,12.81
文德,民權西路,35,14,12.81
文德,小碧潭,50,20,22.7
文德,新店,50,20,22.77
文德,七張,50,20,20.76
文德,大坪林,45,18,19.91
文德,大坪林,45,18,19.91
文德,景美,45,18,18.76
文德,萬隆,45,18,17.7
文德,公館,40,16,16.14
文德,台電大樓,40,16,15.24
文德,古亭,40,16,14.36
文德,中正紀念堂,40,16,14.01
文德,頂溪,40,16,16.5
文德,永安市場,45,18,17.83
文德,景安,45,18,18.91
文德,景安,45,18,18.91
文德,南勢角,45,18,19.72
文德,雙連,35,14,12.28
文德,圓山,35,14,13.84
文德,劍潭,40,16,15.36
文德,士林,40,16,16.45
文德,芝山,45,18,17.55
文德,明德,45,18,18.43
文德,石牌,45,18,19.03
文德,唭哩岸,50,20,20.29
文德,奇岩,50,20,21.12
文德,北投,50,20,21.88
文德,新北投,50,20,22.91
文德,復興崗,55,22,23.49
文德,忠義,55,22,24.94
文德,關渡,55,22,25.81
文德,竹圍,60,24,27.95
文德,紅樹林,60,24,29.86
文德,淡水,65,26,31.95
文德,西門,35,14,13.74
文德,象山,40,16,14.32
文德,台北101/世貿,35,14,13.59
文德,信義安和,35,14,12.6
文德,大安森林公園,35,14,12.4
文德,北門,35,14,13
文德,東門,35,14,12.78
文德,新店區公所,50,20,21.66
文德,小南門,40,16,14.56
文德,松江南京,30,12,10.44
文德,松江南京,30,12,10.44
文德,忠孝新生,35,14,11.58
文德,忠孝新生,35,14,11.58
文德,頂埔,60,24,28.38
文德,永寧,55,22,26.43
文德,土城,55,22,25.32
文德,海山,55,22,23.86
文德,亞東醫院,50,20,22.21
文德,府中,50,20,20.93
文德,板橋,50,20,20.28
文德,板橋,50,20,20.28
文德,新埔,45,18,19
文德,江子翠,45,18,18.14
文德,龍山寺,40,16,15.06
文德,善導寺,35,14,12.52
文德,忠孝敦化,35,14,11.38
文德,國父紀念館,35,14,12.11
文德,市政府,35,14,11.84
文德,永春,30,12,10.85
文德,後山埤,30,12,10.04
文德,昆陽,30,12,8.67
文德,南港,25,10,7.25
文德,台北小巨蛋,30,12,10.39
文德,南京三民,35,14,11.58
文德,松山,35,14,12.94
文德,輔大,50,20,22.42
文德,新莊,50,20,20.68
文德,頭前庄,45,18,19.66
文德,頭前庄,45,18,19.66
文德,先嗇宮,45,18,18.39
文德,三重,40,16,16.66
文德,菜寮,40,16,15.8
文德,台北橋,40,16,14.81
文德,大橋頭,35,14,13.48
文德,中山國小,35,14,12.18
文德,行天宮,35,14,11.24
文德,蘆洲,45,18,19.49
文德,三民高中,45,18,18.32
文德,徐匯中學,45,18,17.42
文德,三和國中,40,16,16.59
文德,三重國小,40,16,15.35
文德,迴龍,55,22,25.19
文德,丹鳳,55,22,23.79
文德,十四張,50,20,21.46
文德,秀朗橋,50,20,20.9
文德,景平,45,18,19.99
文德,中和,50,20,20.44
文德,橋和,50,20,21.07
文德,中原,50,20,21.8
文德,板新,50,20,21.17
文德,新埔民生,45,18,19
文德,幸福,50,20,20.82
文德,新北產業園區,50,20,22.06
文德,廣慈/奉天宮,40,16,15.69
內湖,松山機場,30,12,8.17
內湖,中山國中,30,12,9.64
內湖,科技大樓,35,14,13.48
內湖,六張犁,40,16,14.62
內湖,麟光,40,16,15.44
內湖,辛亥,45,18,17.03
內湖,萬芳醫院,45,18,17.8
內湖,萬芳社區,45,18,18.94
內湖,木柵,45,18,19.45
內湖,動物園,50,20,20.13
內湖,大安,35,14,12.74
內湖,大安,35,14,12.74
內湖,忠孝復興,35,14,11.84
內湖,忠孝復興,35,14,11.84
內湖,南京復興,30,12,10.58
內湖,南京復興,30,12,10.58
內湖,大直,25,10,5.58
內湖,劍南路,20,8,4.25
內湖,西湖,20,8,2.97
內湖,港墘,20,8,2.14
內湖,文德,20,8,1.13
內湖,內湖,20,8,0
內湖,大湖公園,20,8,0.87
內湖,葫洲,20,8,2.49
內湖,東湖,20,8,3.35
內湖,南港軟體園區,20,8,4.39
內湖,南港展覽館,25,10,5.03
內湖,南港展覽館,25,10,5.03
內湖,台大醫院,40,16,14.15
內湖,台北車站,35,14,13.52
內湖,台北車站,35,14,13.52
內湖,中山,35,14,12.86
內湖,中山,35,14,12.86
內湖,民權西路,35,14,13.94
內湖,民權西路,35,14,13.94
內湖,小碧潭,55,22,23.83
內湖,新店,55,22,23.9
內湖,七張,50,20,21.89
內湖,大坪林,50,20,21.04
內湖,大坪林,50,20,21.04
內湖,景美,45,18,19.89
內湖,萬隆,45,18,18.83
內湖,公館,45,18,17.27
內湖,台電大樓,40,16,16.37
內湖,古亭,40,16,15.49
內湖,中正紀念堂,40,16,15.14
內湖,頂溪,45,18,17.63
內湖,永安市場,45,18,18.96
內湖,景安,50,20,20.04
內湖,景安,50,20,20.04
內湖,南勢角,50,20,20.85
內湖,雙連,35,14,13.41
內湖,圓山,40,16,14.97
內湖,劍潭,40,16,16.49
內湖,士林,45,18,17.58
內湖,芝山,45,18,18.68
內湖,明德,45,18,19.56
內湖,石牌,50,20,20.16
內湖,唭哩岸,50,20,21.42
內湖,奇岩,50,20,22.25
內湖,北投,55,22,23.01
內湖,新北投,55,22,24.04
內湖,復興崗,55,22,24.62
內湖,忠義,55,22,26.07
內湖,關渡,55,22,26.94
內湖,竹圍,60,24,29.08
內湖,紅樹林,60,24,30.99
內湖,淡水,65,26,33.08
內湖,西門,40,16,14.87
內湖,象山,40,16,15.45
內湖,台北101/世貿,40,16,14.72
內湖,信義安和,35,14,13.72
內湖,大安森林公園,35,14,13.52
內湖,北門,40,16,14.13
內湖,東門,35,14,13.91
內湖,新店區公所,50,20,22.79
內湖,小南門,40,16,15.69
內湖,松江南京,35,14,11.57
內湖,松江南京,35,14,11.57
內湖,忠孝新生,35,14,12.71
內湖,忠孝新生,35,14,12.71
內湖,頂埔,60,24,29.51
內湖,永寧,60,24,27.56
內湖,土城,55,22,26.45
內湖,海山,55,22,24.99
內湖,亞東醫院,55,22,23.34
內湖,府中,50,20,22.06
內湖,板橋,50,20,21.41
內湖,板橋,50,20,21.41
內湖,新埔,50,20,20.13
內湖,江子翠,45,18,19.27
內湖,龍山寺,40,16,16.19
內湖,善導寺,35,14,13.65
內湖,忠孝敦化,35,14,12.28
內湖,國父紀念館,35,14,11.55
內湖,市政府,30,12,10.71
內湖,永春,30,12,9.72
內湖,後山埤,30,12,8.91
內湖,昆陽,25,10,7.55
內湖,南港,25,10,6.12
內湖,台北小巨蛋,35,14,11.51
內湖,南京三民,35,14,12.71
內湖,松山,40,16,14.06
內湖,輔大,55,22,23.55
內湖,新莊,50,20,21.81
內湖,頭前庄,50,20,20.79
內湖,頭前庄,50,20,20.79
內湖,先嗇宮,45,18,19.52
內湖,三重,45,18,17.79
內湖,菜寮,40,16,16.92
內湖,台北橋,40,16,15.94
內湖,大橋頭,40,16,14.6
內湖,中山國小,35,14,13.31
內湖,行天宮,35,14,12.37
內湖,蘆洲,50,20,20.62
內湖,三民高中,45,18,19.45
內湖,徐匯中學,45,18,18.55
內湖,三和國中,45,18,17.71
內湖,三重國小,40,16,16.48
內湖,迴龍,55,22,26.32
內湖,丹鳳,55,22,24.91
內湖,十四張,50,20,22.59
內湖,秀朗橋,50,20,22.02
內湖,景平,50,20,21.12
內湖,中和,50,20,21.56
內湖,橋和,50,20,22.19
內湖,中原,50,20,22.93
內湖,板新,50,20,22.3
內湖,新埔民生,50,20,20.13
內湖,幸福,50,20,21.94
內湖,新北產業園區,55,22,23.19
內湖,廣慈/奉天宮,40,16,16.82
大湖公園,松山機場,30,12,9.03
大湖公園,中山國中,30,12,10.51
大湖公園,科技大樓,35,14,13.72
大湖公園,六張犁,40,16,14.85
大湖公園,麟光,40,16,15.67
大湖公園,辛亥,45,18,17.27
大湖公園,萬芳醫院,45,18,18.03
大湖公園,萬芳社區,45,18,19.17
大湖公園,木柵,45,18,19.69
大湖公園,動物園,50,20,20.37
大湖公園,大安,35,14,12.97
大湖公園,大安,35,14,12.97
大湖公園,忠孝復興,35,14,12.08
大湖公園,忠孝復興,35,14,12.08
大湖公園,南京復興,35,14,11.44
大湖公園,南京復興,35,14,11.44
大湖公園,大直,25,10,6.45
大湖公園,劍南路,25,10,5.12
大湖公園,西湖,20,8,3.84
大湖公園,港墘,20,8,3.01
大湖公園,文德,20,8,2
大湖公園,內湖,20,8,0.87
大湖公園,大湖公園,20,8,0
大湖公園,葫洲,20,8,1.63
大湖公園,東湖,20,8,2.48
大湖公園,南港軟體園區,20,8,3.52
大湖公園,南港展覽館,20,8,4.17
大湖公園,南港展覽館,20,8,4.17
大湖公園,台大醫院,40,16,15.02
大湖公園,台北車站,40,16,14.39
大湖公園,台北車站,40,16,14.39
大湖公園,中山,35,14,13.73
大湖公園,中山,35,14,13.73
大湖公園,民權西路,40,16,14.81
大湖公園,民權西路,40,16,14.81
大湖公園,小碧潭,55,22,24.32
大湖公園,新店,55,22,24.38
大湖公園,七張,50,20,22.37
大湖公園,大坪林,50,20,21.52
大湖公園,大坪林,50,20,21.52
大湖公園,景美,50,20,20.37
大湖公園,萬隆,45,18,19.31
大湖公園,公館,45,18,17.75
大湖公園,台電大樓,40,16,16.85
大湖公園,古亭,40,16,15.97
大湖公園,中正紀念堂,40,16,15.96
大湖公園,頂溪,45,18,18.11
大湖公園,永安市場,45,18,19.44
大湖公園,景安,50,20,20.52
大湖公園,景安,50,20,20.52
大湖公園,南勢角,50,20,21.33
大湖公園,雙連,40,16,14.28
大湖公園,圓山,40,16,15.84
大湖公園,劍潭,45,18,17.36
大湖公園,士林,45,18,18.45
大湖公園,芝山,45,18,19.55
大湖公園,明德,50,20,20.43
大湖公園,石牌,50,20,21.03
大湖公園,唭哩岸,50,20,22.29
大湖公園,奇岩,55,22,23.12
大湖公園,北投,55,22,23.88
大湖公園,新北投,55,22,24.91
大湖公園,復興崗,55,22,25.49
大湖公園,忠義,55,22,26.94
大湖公園,關渡,60,24,27.81
大湖公園,竹圍,60,24,29.95
大湖公園,紅樹林,65,26,31.86
大湖公園,淡水,65,26,33.95
大湖公園,西門,40,16,15.74
大湖公園,象山,40,16,15.69
大湖公園,台北101/世貿,40,16,14.95
大湖公園,信義安和,35,14,13.96
大湖公園,大安森林公園,35,14,13.76
大湖公園,北門,40,16,14.99
大湖公園,東門,40,16,14.4
大湖公園,新店區公所,55,22,23.27
大湖公園,小南門,40,16,16.56
大湖公園,松江南京,35,14,12.43
大湖公園,松江南京,35,14,12.43
大湖公園,忠孝新生,35,14,13.2
大湖公園,忠孝新生,35,14,13.2
大湖公園,頂埔,60,24,30.38
大湖公園,永寧,60,24,28.43
大湖公園,土城,60,24,27.32
大湖公園,海山,55,22,25.85
大湖公園,亞東醫院,55,22,24.21
大湖公園,府中,50,20,22.93
大湖公園,板橋,50,20,22.28
大湖公園,板橋,50,20,22.28
大湖公園,新埔,50,20,21
大湖公園,江子翠,50,20,20.13
大湖公園,龍山寺,45,18,17.05
大湖公園,善導寺,40,16,14.14
大湖公園,忠孝敦化,35,14,11.41
大湖公園,國父紀念館,30,12,10.68
大湖公園,市政府,30,12,9.84
大湖公園,永春,30,12,8.86
大湖公園,後山埤,30,12,8.04
大湖公園,昆陽,25,10,6.68
大湖公園,南港,25,10,5.25
大湖公園,台北小巨蛋,35,14,12.38
大湖公園,南京三民,35,14,13.58
大湖公園,松山,40,16,14.93
大湖公園,輔大,55,22,24.41
大湖公園,新莊,50,20,22.67
大湖公園,頭前庄,50,20,21.66
大湖公園,頭前庄,50,20,21.66
大湖公園,先嗇宮,50,20,20.38
大湖公園,三重,45,18,18.66
大湖公園,菜寮,45,18,17.79
大湖公園,台北橋,40,16,16.8
大湖公園,大橋頭,40,16,15.47
大湖公園,中山國小,40,16,14.18
大湖公園,行天宮,35,14,13.23
大湖公園,蘆洲,50,20,21.48
大湖公園,三民高中,50,20,20.32
大湖公園,徐匯中學,45,18,19.41
大湖公園,三和國中,45,18,18.58
大湖公園,三重國小,45,18,17.35
大湖公園,迴龍,60,24,27.18
大湖公園,丹鳳,55,22,25.78
大湖公園,十四張,55,22,23.07
大湖公園,秀朗橋,50,20,22.51
大湖公園,景平,50,20,21.61
大湖公園,中和,50,20,22.05
大湖公園,橋和,50,20,22.68
大湖公園,中原,55,22,23.42
大湖公園,板新,55,22,23.17
大湖公園,新埔民生,50,20,21
大湖公園,幸福,50,20,22.81
大湖公園,新北產業園區,55,22,24.05
大湖公園,廣慈/奉天宮,40,16,17.05
葫洲,松山機場,30,12,10.66
葫洲,中山國中,35,14,12.14
葫洲,科技大樓,35,14,12.09
葫洲,六張犁,35,14,13.22
葫洲,麟光,40,16,14.05
葫洲,辛亥,40,16,15.64
葫洲,萬芳醫院,40,16,16.4
葫洲,萬芳社區,45,18,17.55
葫洲,木柵,45,18,18.06
葫洲,動物園,45,18,18.74
葫洲,大安,35,14,11.34
葫洲,大安,35,14,11.34
葫洲,忠孝復興,30,12,10.45
葫洲,忠孝復興,30,12,10.45
葫洲,南京復興,35,14,11.72
葫洲,南京復興,35,14,11.72
葫洲,大直,30,12,8.07
葫洲,劍南路,25,10,6.75
葫洲,西湖,25,10,5.46
葫洲,港墘,20,8,4.63
葫洲,文德,20,8,3.62
葫洲,內湖,20,8,2.49
葫洲,大湖公園,20,8,1.63
葫洲,葫洲,20,8,0
葫洲,東湖,20,8,0.85
葫洲,南港軟體園區,20,8,1.89
葫洲,南港展覽館,20,8,2.54
葫洲,南港展覽館,20,8,2.54
葫洲,台大醫院,35,14,13.82
葫洲,台北車站,35,14,13.19
葫洲,台北車站,35,14,13.19
葫洲,中山,35,14,13.85
葫洲,中山,35,14,13.85
葫洲,民權西路,40,16,14.93
葫洲,民權西路,40,16,14.93
葫洲,小碧潭,50,20,22.69
葫洲,新店,50,20,22.76
葫洲,七張,50,20,20.75
葫洲,大坪林,45,18,19.9
葫洲,大坪林,45,18,19.9
葫洲,景美,45,18,18.75
葫洲,萬隆,45,18,17.69
葫洲,公館,40,16,16.13
葫洲,台電大樓,40,16,15.23
葫洲,古亭,40,16,14.35
葫洲,中正紀念堂,40,16,14.33
葫洲,頂溪,40,16,16.49
葫洲,永安市場,45,18,17.82
葫洲,景安,45,18,18.9
葫洲,景安,45,18,18.9
葫洲,南勢角,45,18,19.71
葫洲,雙連,40,16,14.4
葫洲,圓山,40,16,15.96
葫洲,劍潭,45,18,17.48
葫洲,士林,45,18,18.57
葫洲,芝山,45,18,19.67
葫洲,明德,50,20,20.55
葫洲,石牌,50,20,21.15
葫洲,唭哩岸,50,20,22.41
葫洲,奇岩,55,22,23.24
葫洲,北投,55,22,24
葫洲,新北投,55,22,25.03
葫洲,復興崗,55,22,25.61
葫洲,忠義,60,24,27.06
葫洲,關渡,60,24,27.93
葫洲,竹圍,60,24,30.07
葫洲,紅樹林,65,26,31.98
葫洲,淡水,65,26,34.07
葫洲,西門,40,16,14.54
葫洲,象山,40,16,14.06
葫洲,台北101/世貿,35,14,13.33
葫洲,信義安和,35,14,12.33
葫洲,大安森林公園,35,14,12.13
葫洲,北門,40,16,15.11
葫洲,東門,35,14,12.77
葫洲,新店區公所,50,20,21.65
葫洲,小南門,40,16,15.09
葫洲,松江南京,35,14,12.71
葫洲,松江南京,35,14,12.71
葫洲,忠孝新生,35,14,11.57
葫洲,忠孝新生,35,14,11.57
葫洲,頂埔,60,24,29.18
葫洲,永寧,60,24,27.23
葫洲,土城,55,22,26.12
葫洲,海山,55,22,24.65
葫洲,亞東醫院,55,22,23.01
葫洲,府中,50,20,21.73
葫洲,板橋,50,20,21.08
葫洲,板橋,50,20,21.08
葫洲,新埔,45,18,19.8
葫洲,江子翠,45,18,18.93
葫洲,龍山寺,40,16,15.85
葫洲,善導寺,35,14,12.51
葫洲,忠孝敦化,30,12,9.78
葫洲,國父紀念館,30,12,9.06
葫洲,市政府,30,12,8.21
葫洲,永春,25,10,7.23
葫洲,後山埤,25,10,6.41
葫洲,昆陽,25,10,5.05
葫洲,南港,20,8,3.63
葫洲,台北小巨蛋,35,14,12.66
葫洲,南京三民,35,14,13.86
葫洲,松山,40,16,15.21
葫洲,輔大,55,22,24.19
葫洲,新莊,50,20,22.45
葫洲,頭前庄,50,20,21.43
葫洲,頭前庄,50,20,21.43
葫洲,先嗇宮,50,20,20.5
葫洲,三重,45,18,18.78
葫洲,菜寮,45,18,17.91
葫洲,台北橋,40,16,16.92
葫洲,大橋頭,40,16,15.59
葫洲,中山國小,40,16,14.46
葫洲,行天宮,35,14,13.51
葫洲,蘆洲,50,20,21.6
葫洲,三民高中,50,20,20.44
葫洲,徐匯中學,45,18,19.54
葫洲,三和國中,45,18,18.7
葫洲,三重國小,45,18,17.47
葫洲,迴龍,55,22,26.96
葫洲,丹鳳,55,22,25.56
葫洲,十四張,50,20,21.45
葫洲,秀朗橋,50,20,20.88
葫洲,景平,45,18,19.98
葫洲,中和,50,20,20.42
葫洲,橋和,50,20,21.05
葫洲,中原,50,20,21.79
葫洲,板新,50,20,21.97
葫洲,新埔民生,45,18,19.8
葫洲,幸福,50,20,22.59
葫洲,新北產業園區,55,22,23.83
葫洲,廣慈/奉天宮,40,16,15.43
東湖,松山機場,35,14,11.51
東湖,中山國中,35,14,11.8
東湖,科技大樓,35,14,11.24
東湖,六張犁,35,14,12.37
東湖,麟光,35,14,13.19
東湖,辛亥,40,16,14.79
東湖,萬芳醫院,40,16,15.55
東湖,萬芳社區,40,16,16.69
東湖,木柵,45,18,17.21
東湖,動物園,45,18,17.89
東湖,大安,30,12,10.49
東湖,大安,30,12,10.49
東湖,忠孝復興,30,12,9.6
東湖,忠孝復興,30,12,9.6
東湖,南京復興,30,12,10.87
東湖,南京復興,30,12,10.87
東湖,大直,30,12,8.93
東湖,劍南路,25,10,7.6
東湖,西湖,25,10,6.32
東湖,港墘,25,10,5.49
東湖,文德,20,8,4.48
東湖,內湖,20,8,3.35
東湖,大湖公園,20,8,2.48
東湖,葫洲,20,8,0.85
東湖,東湖,20,8,0
東湖,南港軟體園區,20,8,1.04
東湖,南港展覽館,20,8,1.69
東湖,南港展覽館,20,8,1.69
東湖,台大醫院,35,14,12.97
東湖,台北車站,35,14,12.34
東湖,台北車站,35,14,12.34
東湖,中山,35,14,13
東湖,中山,35,14,13
東湖,民權西路,40,16,14.08
東湖,民權西路,40,16,14.08
東湖,小碧潭,50,20,21.84
東湖,新店,50,20,21.9
東湖,七張,45,18,19.89
東湖,大坪林,45,18,19.04
東湖,大坪林,45,18,19.04
東湖,景美,45,18,17.89
東湖,萬隆,40,16,16.83
東湖,公館,40,16,15.27
東湖,台電大樓,40,16,14.37
東湖,古亭,35,14,13.49
東湖,中正紀念堂,35,14,13.48
東湖,頂溪,40,16,15.63
東湖,永安市場,40,16,16.96
東湖,景安,45,18,18.04
東湖,景安,45,18,18.04
東湖,南勢角,45,18,18.85
東湖,雙連,35,14,13.55
東湖,圓山,40,16,15.11
東湖,劍潭,40,16,16.63
東湖,士林,45,18,17.72
東湖,芝山,45,18,18.82
東湖,明德,45,18,19.7
東湖,石牌,50,20,20.3
東湖,唭哩岸,50,20,21.56
東湖,奇岩,50,20,22.39
東湖,北投,55,22,23.15
東湖,新北投,55,22,24.18
東湖,復興崗,55,22,24.76
東湖,忠義,55,22,26.21
東湖,關渡,60,24,27.08
東湖,竹圍,60,24,29.22
東湖,紅樹林,65,26,31.13
東湖,淡水,65,26,33.22
東湖,西門,35,14,13.69
東湖,象山,35,14,13.21
東湖,台北101/世貿,35,14,12.47
東湖,信義安和,35,14,11.48
東湖,大安森林公園,35,14,11.28
東湖,北門,40,16,14.26
東湖,東門,35,14,11.92
東湖,新店區公所,50,20,20.79
東湖,小南門,40,16,14.24
東湖,松江南京,35,14,11.86
東湖,松江南京,35,14,11.86
東湖,忠孝新生,30,12,10.72
東湖,忠孝新生,30,12,10.72
東湖,頂埔,60,24,28.32
東湖,永寧,55,22,26.38
東湖,土城,55,22,25.27
東湖,海山,55,22,23.8
東湖,亞東醫院,50,20,22.16
東湖,府中,50,20,20.88
東湖,板橋,50,20,20.22
東湖,板橋,50,20,20.22
東湖,新埔,45,18,18.95
東湖,江子翠,45,18,18.08
東湖,龍山寺,40,16,15
東湖,善導寺,35,14,11.66
東湖,忠孝敦化,30,12,8.93
東湖,國父紀念館,30,12,8.2
東湖,市政府,25,10,7.36
東湖,永春,25,10,6.38
東湖,後山埤,25,10,5.56
東湖,昆陽,20,8,4.2
東湖,南港,20,8,2.77
東湖,台北小巨蛋,35,14,11.81
東湖,南京三民,35,14,13
東湖,松山,40,16,14.36
東湖,輔大,55,22,23.34
東湖,新莊,50,20,21.6
東湖,頭前庄,50,20,20.58
東湖,頭前庄,50,20,20.58
東湖,先嗇宮,45,18,19.65
東湖,三重,45,18,17.93
東湖,菜寮,45,18,17.06
東湖,台北橋,40,16,16.07
東湖,大橋頭,40,16,14.74
東湖,中山國小,35,14,13.6
東湖,行天宮,35,14,12.66
東湖,蘆洲,50,20,20.75
東湖,三民高中,45,18,19.58
東湖,徐匯中學,45,18,18.68
東湖,三和國中,45,18,17.85
東湖,三重國小,40,16,16.62
東湖,迴龍,55,22,26.11
東湖,丹鳳,55,22,24.7
東湖,十四張,50,20,20.59
東湖,秀朗橋,50,20,20.03
東湖,景平,45,18,19.13
東湖,中和,45,18,19.57
東湖,橋和,50,20,20.2
東湖,中原,50,20,20.94
東湖,板新,50,20,21.12
東湖,新埔民生,45,18,18.95
東湖,幸福,50,20,21.73
東湖,新北產業園區,50,20,22.98
東湖,廣慈/奉天宮,35,14,14.57
南港軟體園區,松山機場,35,14,12.24
南港軟體園區,中山國中,30,12,10.76
南港軟體園區,科技大樓,30,12,10.2
南港軟體園區,六張犁,35,14,11.33
南港軟體園區,麟光,35,14,12.15
南港軟體園區,辛亥,35,14,13.75
南港軟體園區,萬芳醫院,40,16,14.51
南港軟體園區,萬芳社區,40,16,15.65
南港軟體園區,木柵,40,16,16.17
南港軟體園區,動物園,40,16,16.85
南港軟體園區,大安,30,12,9.45
南港軟體園區,大安,30,12,9.45
南港軟體園區,忠孝復興,30,12,8.56
南港軟體園區,忠孝復興,30,12,8.56
南港軟體園區,南京復興,30,12,9.83
南港軟體園區,南京復興,30,12,9.83
南港軟體園區,大直,30,12,9.97
南港軟體園區,劍南路,30,12,8.64
南港軟體園區,西湖,25,10,7.35
南港軟體園區,港墘,25,10,6.53
南港軟體園區,文德,25,10,5.52
南港軟體園區,內湖,20,8,4.39
南港軟體園區,大湖公園,20,8,3.52
南港軟體園區,葫洲,20,8,1.89
南港軟體園區,東湖,20,8,1.04
南港軟體園區,南港軟體園區,20,8,0
南港軟體園區,南港展覽館,20,8,0.65
南港軟體園區,南港展覽館,20,8,0.65
南港軟體園區,台大醫院,35,14,11.93
南港軟體園區,台北車站,35,14,11.3
南港軟體園區,台北車站,35,14,11.3
南港軟體園區,中山,35,14,11.96
南港軟體園區,中山,35,14,11.96
南港軟體園區,民權西路,35,14,13.04
南港軟體園區,民權西路,35,14,13.04
南港軟體園區,小碧潭,50,20,20.8
南港軟體園區,新店,50,20,20.86
南港軟體園區,七張,45,18,18.85
南港軟體園區,大坪林,45,18,18
南港軟體園區,大坪林,45,18,18
南港軟體園區,景美,40,16,16.85
南港軟體園區,萬隆,40,16,15.79
南港軟體園區,公館,40,16,14.23
南港軟體園區,台電大樓,35,14,13.33
南港軟體園區,古亭,35,14,12.45
南港軟體園區,中正紀念堂,35,14,12.44
南港軟體園區,頂溪,40,16,14.59
南港軟體園區,永安市場,40,16,15.92
南港軟體園區,景安,45,18,17.01
南港軟體園區,景安,45,18,17.01
南港軟體園區,南勢角,45,18,17.81
南港軟體園區,雙連,35,14,12.51
南港軟體園區,圓山,40,16,14.07
南港軟體園區,劍潭,40,16,15.59
南港軟體園區,士林,40,16,16.68
南港軟體園區,芝山,45,18,17.78
南港軟體園區,明德,45,18,18.66
南港軟體園區,石牌,45,18,19.26
南港軟體園區,唭哩岸,50,20,20.52
南港軟體園區,奇岩,50,20,21.35
南港軟體園區,北投,50,20,22.11
南港軟體園區,新北投,55,22,23.14
南港軟體園區,復興崗,55,22,23.72
南港軟體園區,忠義,55,22,25.17
南港軟體園區,關渡,55,22,26.04
南港軟體園區,竹圍,60,24,28.18
南港軟體園區,紅樹林,60,24,30.09
南港軟體園區,淡水,65,26,32.18
南港軟體園區,西門,35,14,12.65
南港軟體園區,象山,35,14,12.17
南港軟體園區,台北101/世貿,35,14,11.43
南港軟體園區,信義安和,30,12,10.44
南港軟體園區,大安森林公園,30,12,10.24
南港軟體園區,北門,35,14,13.22
南港軟體園區,東門,30,12,10.88
南港軟體園區,新店區公所,45,18,19.75
南港軟體園區,小南門,35,14,13.2
南港軟體園區,松江南京,30,12,10.82
南港軟體園區,松江南京,30,12,10.82
南港軟體園區,忠孝新生,30,12,9.68
南港軟體園區,忠孝新生,30,12,9.68
南港軟體園區,頂埔,60,24,27.29
南港軟體園區,永寧,55,22,25.34
南港軟體園區,土城,55,22,24.23
南港軟體園區,海山,50,20,22.76
南港軟體園區,亞東醫院,50,20,21.12
南港軟體園區,府中,45,18,19.84
南港軟體園區,板橋,45,18,19.18
南港軟體園區,板橋,45,18,19.18
南港軟體園區,新埔,45,18,17.91
南港軟體園區,江子翠,45,18,17.04
南港軟體園區,龍山寺,35,14,13.96
南港軟體園區,善導寺,30,12,10.62
南港軟體園區,忠孝敦化,25,10,7.89
南港軟體園區,國父紀念館,25,10,7.16
南港軟體園區,市政府,25,10,6.32
南港軟體園區,永春,25,10,5.34
南港軟體園區,後山埤,20,8,4.52
南港軟體園區,昆陽,20,8,3.16
南港軟體園區,南港,20,8,1.74
南港軟體園區,台北小巨蛋,30,12,10.77
南港軟體園區,南京三民,35,14,11.96
南港軟體園區,松山,35,14,13.32
南港軟體園區,輔大,50,20,22.3
南港軟體園區,新莊,50,20,20.56
南港軟體園區,頭前庄,45,18,19.54
南港軟體園區,頭前庄,45,18,19.54
南港軟體園區,先嗇宮,45,18,18.61
南港軟體園區,三重,40,16,16.89
南港軟體園區,菜寮,40,16,16.02
南港軟體園區,台北橋,40,16,15.03
南港軟體園區,大橋頭,35,14,13.7
南港軟體園區,中山國小,35,14,12.57
南港軟體園區,行天宮,35,14,11.62
南港軟體園區,蘆洲,45,18,19.71
南港軟體園區,三民高中,45,18,18.54
南港軟體園區,徐匯中學,45,18,17.64
南港軟體園區,三和國中,40,16,16.81
南港軟體園區,三重國小,40,16,15.58
南港軟體園區,迴龍,55,22,25.07
南港軟體園區,丹鳳,55,22,23.67
南港軟體園區,十四張,45,18,19.56
南港軟體園區,秀朗橋,45,18,18.99
南港軟體園區,景平,45,18,18.09
南港軟體園區,中和,45,18,18.53
南港軟體園區,橋和,45,18,19.16
南港軟體園區,中原,45,18,19.9
南港軟體園區,板新,50,20,20.08
南港軟體園區,新埔民生,45,18,17.91
南港軟體園區,幸福,50,20,20.7
南港軟體園區,新北產業園區,50,20,21.94
南港軟體園區,廣慈/奉天宮,35,14,13.53
南港展覽館,松山機場,35,14,11.59
南港展覽館,松山機場,35,14,11.59
南港展覽館,中山國中,30,12,10.11
南港展覽館,中山國中,30,12,10.11
南港展覽館,科技大樓,30,12,9.55
南港展覽館,科技大樓,30,12,9.55
南港展覽館,六張犁,30,12,10.69
南港展覽館,六張犁,30,12,10.69
南港展覽館,麟光,35,14,11.51
南港展覽館,麟光,35,14,11.51
南港展覽館,辛亥,35,14,13.1
南港展覽館,辛亥,35,14,13.1
南港展覽館,萬芳醫院,35,14,13.87
南港展覽館,萬芳醫院,35,14,13.87
南港展覽館,萬芳社區,40,16,15.01
南港展覽館,萬芳社區,40,16,15.01
南港展覽館,木柵,40,16,15.52
南港展覽館,木柵,40,16,15.52
南港展覽館,動物園,40,16,16.2
南港展覽館,動物園,40,16,16.2
南港展覽館,大安,30,12,8.81
南港展覽館,大安,30,12,8.81
南港展覽館,大安,30,12,8.81
南港展覽館,大安,30,12,8.81
南港展覽館,忠孝復興,25,10,7.91
南港展覽館,忠孝復興,25,10,7.91
南港展覽館,忠孝復興,25,10,7.91
南港展覽館,忠孝復興,25,10,7.91
南港展覽館,南京復興,30,12,9.18
南港展覽館,南京復興,30,12,9.18
南港展覽館,南京復興,30,12,9.18
南港展覽館,南京復興,30,12,9.18
南港展覽館,大直,30,12,10.61
南港展覽館,大直,30,12,10.61
南港展覽館,劍南路,30,12,9.28
南港展覽館,劍南路,30,12,9.28
南港展覽館,西湖,25,10,8
南港展覽館,西湖,25,10,8
南港展覽館,港墘,25,10,7.17
南港展覽館,港墘,25,10,7.17
南港展覽館,文德,25,10,6.16
南港展覽館,文德,25,10,6.16
南港展覽館,內湖,25,10,5.03
南港展覽館,內湖,25,10,5.03
南港展覽館,大湖公園,20,8,4.17
南港展覽館,大湖公園,20,8,4.17
南港展覽館,葫洲,20,8,2.54
南港展覽館,葫洲,20,8,2.54
南港展覽館,東湖,20,8,1.69
南港展覽館,東湖,20,8,1.69
南港展覽館,南港軟體園區,20,8,0.65
南港展覽館,南港軟體園區,20,8,0.65
南港展覽館,南港展覽館,20,8,0
南港展覽館,南港展覽館,20,8,0
南港展覽館,南港展覽館,20,8,0
南港展覽館,南港展覽館,20,8,0
南港展覽館,台大醫院,35,14,11.28
南港展覽館,台大醫院,35,14,11.28
南港展覽館,台北車站,30,12,10.65
南港展覽館,台北車站,30,12,10.65
南港展覽館,台北車站,30,12,10.65
南港展覽館,台北車站,30,12,10.65
南港展覽館,中山,35,14,11.31
南港展覽館,中山,35,14,11.31
南港展覽館,中山,35,14,11.31
南港展覽館,中山,35,14,11.31
南港展覽館,民權西路,35,14,12.39
南港展覽館,民權西路,35,14,12.39
南港展覽館,民權西路,35,14,12.39
南港展覽館,民權西路,35,14,12.39
南港展覽館,小碧潭,50,20,20.15
南港展覽館,小碧潭,50,20,20.15
南港展覽館,新店,50,20,20.22
南港展覽館,新店,50,20,20.22
南港展覽館,七張,45,18,18.21
南港展覽館,七張,45,18,18.21
南港展覽館,大坪林,45,18,17.36
南港展覽館,大坪林,45,18,17.36
南港展覽館,大坪林,45,18,17.36
南港展覽館,大坪林,45,18,17.36
南港展覽館,景美,40,16,16.21
南港展覽館,景美,40,16,16.21
南港展覽館,萬隆,40,16,15.15
南港展覽館,萬隆,40,16,15.15
南港展覽館,公館,35,14,13.59
南港展覽館,公館,35,14,13.59
南港展覽館,台電大樓,35,14,12.69
南港展覽館,台電大樓,35,14,12.69
南港展覽館,古亭,35,14,11.81
南港展覽館,古亭,35,14,11.81
南港展覽館,中正紀念堂,35,14,11.79
南港展覽館,中正紀念堂,35,14,11.79
南港展覽館,頂溪,35,14,13.95
南港展覽館,頂溪,35,14,13.95
南港展覽館,永安市場,40,16,15.28
南港展覽館,永安市場,40,16,15.28
南港展覽館,景安,40,16,16.36
南港展覽館,景安,40,16,16.36
南港展覽館,景安,40,16,16.36
南港展覽館,景安,40,16,16.36
南港展覽館,南勢角,45,18,17.17
南港展覽館,南勢角,45,18,17.17
南港展覽館,雙連,35,14,11.86
南港展覽館,雙連,35,14,11.86
南港展覽館,圓山,35,14,13.42
南港展覽館,圓山,35,14,13.42
南港展覽館,劍潭,40,16,14.94
南港展覽館,劍潭,40,16,14.94
南港展覽館,士林,40,16,16.03
南港展覽館,士林,40,16,16.03
南港展覽館,芝山,45,18,17.13
南港展覽館,芝山,45,18,17.13
南港展覽館,明德,45,18,18.01
南港展覽館,明德,45,18,18.01
南港展覽館,石牌,45,18,18.61
南港展覽館,石牌,45,18,18.61
南港展覽館,唭哩岸,45,18,19.87
南港展覽館,唭哩岸,45,18,19.87
南港展覽館,奇岩,50,20,20.7
南港展覽館,奇岩,50,20,20.7
南港展覽館,北投,50,20,21.46
南港展覽館,北投,50,20,21.46
南港展覽館,新北投,50,20,22.49
南港展覽館,新北投,50,20,22.49
南港展覽館,復興崗,55,22,23.07
南港展覽館,復興崗,55,22,23.07
南港展覽館,忠義,55,22,24.52
南港展覽館,忠義,55,22,24.52
南港展覽館,關渡,55,22,25.39
南港展覽館,關渡,55,22,25.39
南港展覽館,竹圍,60,24,27.53
南港展覽館,竹圍,60,24,27.53
南港展覽館,紅樹林,60,24,29.44
南港展覽館,紅樹林,60,24,29.44
南港展覽館,淡水,65,26,31.53
南港展覽館,淡水,65,26,31.53
南港展覽館,西門,35,14,12
南港展覽館,西門,35,14,12
南港展覽館,象山,35,14,11.52
南港展覽館,象山,35,14,11.52
南港展覽館,台北101/世貿,30,12,10.79
南港展覽館,台北101/世貿,30,12,10.79
南港展覽館,信義安和,30,12,9.79
南港展覽館,信義安和,30,12,9.79
南港展覽館,大安森林公園,30,12,9.59
南港展覽館,大安森林公園,30,12,9.59
南港展覽館,北門,35,14,12.58
南港展覽館,北門,35,14,12.58
南港展覽館,東門,30,12,10.23
南港展覽館,東門,30,12,10.23
南港展覽館,新店區公所,45,18,19.11
南港展覽館,新店區公所,45,18,19.11
南港展覽館,小南門,35,14,12.56
南港展覽館,小南門,35,14,12.56
南港展覽館,松江南京,30,12,10.17
南港展覽館,松江南京,30,12,10.17
南港展覽館,松江南京,30,12,10.17
南港展覽館,松江南京,30,12,10.17
南港展覽館,忠孝新生,30,12,9.03
南港展覽館,忠孝新生,30,12,9.03
南港展覽館,忠孝新生,30,12,9.03
南港展覽館,忠孝新生,30,12,9.03
南港展覽館,頂埔,55,22,26.64
南港展覽館,頂埔,55,22,26.64
南港展覽館,永寧,55,22,24.69
南港展覽館,永寧,55,22,24.69
南港展覽館,土城,55,22,23.58
南港展覽館,土城,55,22,23.58
南港展覽館,海山,50,20,22.12
南港展覽館,海山,50,20,22.12
南港展覽館,亞東醫院,50,20,20.47
南港展覽館,亞東醫院,50,20,20.47
南港展覽館,府中,45,18,19.19
南港展覽館,府中,45,18,19.19
南港展覽館,板橋,45,18,18.54
南港展覽館,板橋,45,18,18.54
南港展覽館,板橋,45,18,18.54
南港展覽館,板橋,45,18,18.54
南港展覽館,新埔,45,18,17.26
南港展覽館,新埔,45,18,17.26
南港展覽館,江子翠,40,16,16.4
南港展覽館,江子翠,40,16,16.4
南港展覽館,龍山寺,35,14,13.32
南港展覽館,龍山寺,35,14,13.32
南港展覽館,善導寺,30,12,9.97
南港展覽館,善導寺,30,12,9.97
南港展覽館,忠孝敦化,25,10,7.25
南港展覽館,忠孝敦化,25,10,7.25
南港展覽館,國父紀念館,25,10,6.52
南港展覽館,國父紀念館,25,10,6.52
南港展覽館,市政府,25,10,5.68
南港展覽館,市政府,25,10,5.68
南港展覽館,永春,20,8,4.69
南港展覽館,永春,20,8,4.69
南港展覽館,後山埤,20,8,3.88
南港展覽館,後山埤,20,8,3.88
南港展覽館,昆陽,20,8,2.51
南港展覽館,昆陽,20,8,2.51
南港展覽館,南港,20,8,1.09
南港展覽館,南港,20,8,1.09
南港展覽館,台北小巨蛋,30,12,10.12
南港展覽館,台北小巨蛋,30,12,10.12
南港展覽館,南京三民,35,14,11.32
南港展覽館,南京三民,35,14,11.32
南港展覽館,松山,35,14,12.67
南港展覽館,松山,35,14,12.67
南港展覽館,輔大,50,20,21.65
南港展覽館,輔大,50,20,21.65
南港展覽館,新莊,45,18,19.91
南港展覽館,新莊,45,18,19.91
南港展覽館,頭前庄,45,18,18.89
南港展覽館,頭前庄,45,18,18.89
南港展覽館,頭前庄,45,18,18.89
南港展覽館,頭前庄,45,18,18.89
南港展覽館,先嗇宮,45,18,17.97
南港展覽館,先嗇宮,45,18,17.97
南港展覽館,三重,40,16,16.24
南港展覽館,三重,40,16,16.24
南港展覽館,菜寮,40,16,15.37
南港展覽館,菜寮,40,16,15.37
南港展覽館,台北橋,40,16,14.39
南港展覽館,台北橋,40,16,14.39
南港展覽館,大橋頭,35,14,13.05
南港展覽館,大橋頭,35,14,13.05
南港展覽館,中山國小,35,14,11.92
南港展覽館,中山國小,35,14,11.92
南港展覽館,行天宮,30,12,10.97
南港展覽館,行天宮,30,12,10.97
南港展覽館,蘆洲,45,18,19.07
南港展覽館,蘆洲,45,18,19.07
南港展覽館,三民高中,45,18,17.9
南港展覽館,三民高中,45,18,17.9
南港展覽館,徐匯中學,40,16,17
南港展覽館,徐匯中學,40,16,17
南港展覽館,三和國中,40,16,16.16
南港展覽館,三和國中,40,16,16.16
南港展覽館,三重國小,40,16,14.93
南港展覽館,三重國小,40,16,14.93
南港展覽館,迴龍,55,22,24.42
南港展覽館,迴龍,55,22,24.42
南港展覽館,丹鳳,55,22,23.02
南港展覽館,丹鳳,55,22,23.02
南港展覽館,十四張,45,18,18.91
南港展覽館,十四張,45,18,18.91
南港展覽館,秀朗橋,45,18,18.35
南港展覽館,秀朗橋,45,18,18.35
南港展覽館,景平,45,18,17.44
南港展覽館,景平,45,18,17.44
南港展覽館,中和,45,18,17.89
南港展覽館,中和,45,18,17.89
南港展覽館,橋和,45,18,18.52
南港展覽館,橋和,45,18,18.52
南港展覽館,中原,45,18,19.25
南港展覽館,中原,45,18,19.25
南港展覽館,板新,45,18,19.43
南港展覽館,板新,45,18,19.43
南港展覽館,新埔民生,45,18,17.26
南港展覽館,新埔民生,45,18,17.26
南港展覽館,幸福,50,20,20.05
南港展覽館,幸福,50,20,20.05
南港展覽館,新北產業園區,50,20,21.29
南港展覽館,新北產業園區,50,20,21.29
南港展覽館,廣慈/奉天宮,35,14,12.89
南港展覽館,廣慈/奉天宮,35,14,12.89
台大醫院,松山機場,25,10,5.99
台大醫院,中山國中,20,8,4.51
台大醫院,科技大樓,20,8,4.75
台大醫院,六張犁,25,10,5.89
台大醫院,麟光,25,10,6.71
台大醫院,辛亥,30,12,8.3
台大醫院,萬芳醫院,30,12,9.06
台大醫院,萬芳社區,30,12,10.21
台大醫院,木柵,30,12,10.72
台大醫院,動物園,35,14,11.4
台大醫院,大安,20,8,4.01
台大醫院,大安,20,8,4.01
台大醫院,忠孝復興,20,8,3.37
台大醫院,忠孝復興,20,8,3.37
台大醫院,南京復興,20,8,3.58
台大醫院,南京復興,20,8,3.58
台大醫院,大直,30,12,8.57
台大醫院,劍南路,30,12,9.9
台大醫院,西湖,35,14,11.19
台大醫院,港墘,35,14,12.01
台大醫院,文德,35,14,13.02
台大醫院,內湖,40,16,14.15
台大醫院,大湖公園,40,16,15.02
台大醫院,葫洲,35,14,13.82
台大醫院,東湖,35,14,12.97
台大醫院,南港軟體園區,35,14,11.93
台大醫院,南港展覽館,35,14,11.28
台大醫院,南港展覽館,35,14,11.28
台大醫院,台大醫院,20,8,0
台大醫院,台北車站,20,8,0.63
台大醫院,台北車站,20,8,0.63
台大醫院,中山,20,8,1.29
台大醫院,中山,20,8,1.29
台大醫院,民權西路,20,8,2.37
台大醫院,民權西路,20,8,2.37
台大醫院,小碧潭,30,12,10.26
台大醫院,新店,30,12,10.33
台大醫院,七張,30,12,8.32
台大醫院,大坪林,25,10,7.47
台大醫院,大坪林,25,10,7.47
台大醫院,景美,25,10,6.32
台大醫院,萬隆,25,10,5.26
台大醫院,公館,20,8,3.7
台大醫院,台電大樓,20,8,2.8
台大醫院,古亭,20,8,1.92
台大醫院,中正紀念堂,20,8,0.99
台大醫院,頂溪,20,8,4.06
台大醫院,永安市場,25,10,5.39
台大醫院,景安,25,10,6.47
台大醫院,景安,25,10,6.47
台大醫院,南勢角,25,10,7.28
台大醫院,雙連,20,8,1.84
台大醫院,圓山,20,8,3.4
台大醫院,劍潭,20,8,4.92
台大醫院,士林,25,10,6.01
台大醫院,芝山,25,10,7.11
台大醫院,明德,25,10,7.99
台大醫院,石牌,30,12,8.59
台大醫院,唭哩岸,30,12,9.85
台大醫院,奇岩,30,12,10.68
台大醫院,北投,35,14,11.44
台大醫院,新北投,35,14,12.47
台大醫院,復興崗,35,14,13.05
台大醫院,忠義,40,16,14.5
台大醫院,關渡,40,16,15.37
台大醫院,竹圍,45,18,17.51
台大醫院,紅樹林,45,18,19.42
台大醫院,淡水,50,20,21.51
台大醫院,西門,20,8,1.98
台大醫院,象山,25,10,6.72
台大醫院,台北101/世貿,25,10,5.99
台大醫院,信義安和,20,8,4.99
台大醫院,大安森林公園,20,8,3.22
台大醫院,北門,20,8,2.55
台大醫院,東門,20,8,2.55
台大醫院,新店區公所,30,12,9.22
台大醫院,小南門,20,8,1.75
台大醫院,松江南京,20,8,2.59
台大醫院,松江南京,20,8,2.59
台大醫院,忠孝新生,20,8,2.25
台大醫院,忠孝新生,20,8,2.25
台大醫院,頂埔,40,16,16.62
台大醫院,永寧,40,16,14.67
台大醫院,土城,35,14,13.56
台大醫院,海山,35,14,12.09
台大醫院,亞東醫院,30,12,10.45
台大醫院,府中,30,12,9.17
台大醫院,板橋,30,12,8.52
台大醫院,板橋,30,12,8.52
台大醫院,新埔,25,10,7.24
台大醫院,江子翠,25,10,6.37
台大醫院,龍山寺,20,8,3.29
台大醫院,善導寺,20,8,1.31
台大醫院,忠孝敦化,20,8,4.04
台大醫院,國父紀念館,20,8,4.77
台大醫院,市政府,25,10,5.61
台大醫院,永春,25,10,6.59
台大醫院,後山埤,25,10,7.41
台大醫院,昆陽,30,12,8.77
台大醫院,南港,30,12,10.19
台大醫院,台北小巨蛋,20,8,4.52
台大醫院,南京三民,25,10,5.71
台大醫院,松山,25,10,7.07
台大醫院,輔大,35,14,11.63
台大醫院,新莊,30,12,9.89
台大醫院,頭前庄,30,12,8.87
台大醫院,頭前庄,30,12,8.87
台大醫院,先嗇宮,25,10,7.94
台大醫院,三重,25,10,6.22
台大醫院,菜寮,25,10,5.35
台大醫院,台北橋,20,8,4.36
台大醫院,大橋頭,20,8,3.03
台大醫院,中山國小,20,8,3.08
台大醫院,行天宮,20,8,3.38
台大醫院,蘆洲,30,12,9.04
台大醫院,三民高中,25,10,7.88
台大醫院,徐匯中學,25,10,6.97
台大醫院,三和國中,25,10,6.14
台大醫院,三重國小,20,8,4.91
台大醫院,迴龍,40,16,14.4
台大醫院,丹鳳,35,14,13
台大醫院,十四張,30,12,9.02
台大醫院,秀朗橋,30,12,8.46
台大醫院,景平,25,10,7.56
台大醫院,中和,25,10,8
台大醫院,橋和,30,12,8.63
台大醫院,中原,30,12,9.37
台大醫院,板新,30,12,9.41
台大醫院,新埔民生,25,10,7.24
台大醫院,幸福,30,12,10.03
台大醫院,新北產業園區,35,14,11.27
台大醫院,廣慈/奉天宮,25,10,8.09
台北車站,松山機場,25,10,5.36
台北車站,松山機場,25,10,5.36
台北車站,中山國中,20,8,3.88
台北車站,中山國中,20,8,3.88
台北車站,科技大樓,20,8,4.38
台北車站,科技大樓,20,8,4.38
台北車站,六張犁,25,10,5.51
台北車站,六張犁,25,10,5.51
台北車站,麟光,25,10,6.33
台北車站,麟光,25,10,6.33
台北車站,辛亥,25,10,7.93
台北車站,辛亥,25,10,7.93
台北車站,萬芳醫院,30,12,8.69
台北車站,萬芳醫院,30,12,8.69
台北車站,萬芳社區,30,12,9.83
台北車站,萬芳社區,30,12,9.83
台北車站,木柵,30,12,10.35
台北車站,木柵,30,12,10.35
台北車站,動物園,35,14,11.03
台北車站,動物園,35,14,11.03
台北車站,大安,20,8,3.63
台北車站,大安,20,8,3.63
台北車站,大安,20,8,3.63
台北車站,大安,20,8,3.63
台北車站,忠孝復興,20,8,2.74
台北車站,忠孝復興,20,8,2.74
台北車站,忠孝復興,20,8,2.74
台北車站,忠孝復興,20,8,2.74
台北車站,南京復興,20,8,2.95
台北車站,南京復興,20,8,2.95
台北車站,南京復興,20,8,2.95
台北車站,南京復興,20,8,2.95
台北車站,大直,25,10,7.94
台北車站,大直,25,10,7.94
台北車站,劍南路,30,12,9.27
台北車站,劍南路,30,12,9.27
台北車站,西湖,30,12,10.56
台北車站,西湖,30,12,10.56
台北車站,港墘,35,14,11.38
台北車站,港墘,35,14,11.38
台北車站,文德,35,14,12.39
台北車站,文德,35,14,12.39
台北車站,內湖,35,14,13.52
台北車站,內湖,35,14,13.52
台北車站,大湖公園,40,16,14.39
台北車站,大湖公園,40,16,14.39
台北車站,葫洲,35,14,13.19
台北車站,葫洲,35,14,13.19
台北車站,東湖,35,14,12.34
台北車站,東湖,35,14,12.34
台北車站,南港軟體園區,35,14,11.3
台北車站,南港軟體園區,35,14,11.3
台北車站,南港展覽館,30,12,10.65
台北車站,南港展覽館,30,12,10.65
台北車站,南港展覽館,30,12,10.65
台北車站,南港展覽館,30,12,10.65
台北車站,台大醫院,20,8,0.63
台北車站,台大醫院,20,8,0.63
台北車站,台北車站,20,8,0
台北車站,台北車站,20,8,0
台北車站,台北車站,20,8,0
台北車站,台北車站,20,8,0
台北車站,中山,20,8,0.66
台北車站,中山,20,8,0.66
台北車站,中山,20,8,0.66
台北車站,中山,20,8,0.66
台北車站,民權西路,20,8,1.74
台北車站,民權西路,20,8,1.74
台北車站,民權西路,20,8,1.74
台北車站,民權西路,20,8,1.74
台北車站,小碧潭,30,12,10.89
台北車站,小碧潭,30,12,10.89
台北車站,新店,30,12,10.96
台北車站,新店,30,12,10.96
台北車站,七張,30,12,8.95
台北車站,七張,30,12,8.95
台北車站,大坪林,30,12,8.1
台北車站,大坪林,30,12,8.1
台北車站,大坪林,30,12,8.1
台北車站,大坪林,30,12,8.1
台北車站,景美,25,10,6.95
台北車站,景美,25,10,6.95
台北車站,萬隆,25,10,5.89
台北車站,萬隆,25,10,5.89
台北車站,公館,20,8,4.33
台北車站,公館,20,8,4.33
台北車站,台電大樓,20,8,3.43
台北車站,台電大樓,20,8,3.43
台北車站,古亭,20,8,2.55
台北車站,古亭,20,8,2.55
台北車站,中正紀念堂,20,8,1.62
台北車站,中正紀念堂,20,8,1.62
台北車站,頂溪,20,8,4.69
台北車站,頂溪,20,8,4.69
台北車站,永安市場,25,10,6.02
台北車站,永安市場,25,10,6.02
台北車站,景安,25,10,7.1
台北車站,景安,25,10,7.1
台北車站,景安,25,10,7.1
台北車站,景安,25,10,7.1
台北車站,南勢角,25,10,7.91
台北車站,南勢角,25,10,7.91
台北車站,雙連,20,8,1.21
台北車站,雙連,20,8,1.21
台北車站,圓山,20,8,2.77
台北車站,圓山,20,8,2.77
台北車站,劍潭,20,8,4.29
台北車站,劍潭,20,8,4.29
台北車站,士林,25,10,5.38
台北車站,士林,25,10,5.38
台北車站,芝山,25,10,6.48
台北車站,芝山,25,10,6.48
台北車站,明德,25,10,7.36
台北車站,明德,25,10,7.36
台北車站,石牌,25,10,7.96
台北車站,石牌,25,10,7.96
台北車站,唭哩岸,30,12,9.22
台北車站,唭哩岸,30,12,9.22
台北車站,奇岩,30,12,10.05
台北車站,奇岩,30,12,10.05
台北車站,北投,30,12,10.81
台北車站,北投,30,12,10.81
台北車站,新北投,35,14,11.84
台北車站,新北投,35,14,11.84
台北車站,復興崗,35,14,12.42
台北車站,復興崗,35,14,12.42
台北車站,忠義,35,14,13.87
台北車站,忠義,35,14,13.87
台北車站,關渡,40,16,14.74
台北車站,關渡,40,16,14.74
台北車站,竹圍,40,16,16.88
台北車站,竹圍,40,16,16.88
台北車站,紅樹林,45,18,18.79
台北車站,紅樹林,45,18,18.79
台北車站,淡水,50,20,20.88
台北車站,淡水,50,20,20.88
台北車站,西門,20,8,1.35
台北車站,西門,20,8,1.35
台北車站,象山,25,10,6.35
台北車站,象山,25,10,6.35
台北車站,台北101/世貿,25,10,5.62
台北車站,台北101/世貿,25,10,5.62
台北車站,信義安和,20,8,4.62
台北車站,信義安和,20,8,4.62
台北車站,大安森林公園,20,8,3.49
台北車站,大安森林公園,20,8,3.49
台北車站,北門,20,8,1.92
台北車站,北門,20,8,1.92
台北車站,東門,20,8,2.82
台北車站,東門,20,8,2.82
台北車站,新店區公所,30,12,9.85
台北車站,新店區公所,30,12,9.85
台北車站,小南門,20,8,2.17
台北車站,小南門,20,8,2.17
台北車站,松江南京,20,8,1.96
台北車站,松江南京,20,8,1.96
台北車站,松江南京,20,8,1.96
台北車站,松江南京,20,8,1.96
台北車站,忠孝新生,20,8,1.62
台北車站,忠孝新生,20,8,1.62
台北車站,忠孝新生,20,8,1.62
台北車站,忠孝新生,20,8,1.62
台北車站,頂埔,40,16,15.99
台北車站,頂埔,40,16,15.99
台北車站,永寧,35,14,14.04
台北車站,永寧,35,14,14.04
台北車站,土城,35,14,12.93
台北車站,土城,35,14,12.93
台北車站,海山,35,14,11.46
台北車站,海山,35,14,11.46
台北車站,亞東醫院,30,12,9.82
台北車站,亞東醫院,30,12,9.82
台北車站,府中,30,12,8.54
台北車站,府中,30,12,8.54
台北車站,板橋,25,10,7.89
台北車站,板橋,25,10,7.89
台北車站,板橋,25,10,7.89
台北車站,板橋,25,10,7.89
台北車站,新埔,25,10,6.61
台北車站,新埔,25,10,6.61
台北車站,江子翠,25,10,5.74
台北車站,江子翠,25,10,5.74
台北車站,龍山寺,20,8,2.66
台北車站,龍山寺,20,8,2.66
台北車站,善導寺,20,8,0.68
台北車站,善導寺,20,8,0.68
台北車站,忠孝敦化,20,8,3.41
台北車站,忠孝敦化,20,8,3.41
台北車站,國父紀念館,20,8,4.14
台北車站,國父紀念館,20,8,4.14
台北車站,市政府,20,8,4.98
台北車站,市政府,20,8,4.98
台北車站,永春,25,10,5.96
台北車站,永春,25,10,5.96
台北車站,後山埤,25,10,6.78
台北車站,後山埤,25,10,6.78
台北車站,昆陽,25,10,8.14
台北車站,昆陽,25,10,8.14
台北車站,南港,30,12,9.56
台北車站,南港,30,12,9.56
台北車站,台北小巨蛋,20,8,3.89
台北車站,台北小巨蛋,20,8,3.89
台北車站,南京三民,25,10,5.08
台北車站,南京三民,25,10,5.08
台北車站,松山,25,10,6.44
台北車站,松山,25,10,6.44
台北車站,輔大,30,12,11
台北車站,輔大,30,12,11
台北車站,新莊,30,12,9.26
台北車站,新莊,30,12,9.26
台北車站,頭前庄,30,12,8.24
台北車站,頭前庄,30,12,8.24
台北車站,頭前庄,30,12,8.24
台北車站,頭前庄,30,12,8.24
台北車站,先嗇宮,25,10,7.31
台北車站,先嗇宮,25,10,7.31
台北車站,三重,25,10,5.59
台北車站,三重,25,10,5.59
台北車站,菜寮,20,8,4.72
台北車站,菜寮,20,8,4.72
台北車站,台北橋,20,8,3.73
台北車站,台北橋,20,8,3.73
台北車站,大橋頭,20,8,2.4
台北車站,大橋頭,20,8,2.4
台北車站,中山國小,20,8,2.45
台北車站,中山國小,20,8,2.45
台北車站,行天宮,20,8,2.75
台北車站,行天宮,20,8,2.75
台北車站,蘆洲,30,12,8.41
台北車站,蘆洲,30,12,8.41
台北車站,三民高中,25,10,7.25
台北車站,三民高中,25,10,7.25
台北車站,徐匯中學,25,10,6.34
台北車站,徐匯中學,25,10,6.34
台北車站,三和國中,25,10,5.51
台北車站,三和國中,25,10,5.51
台北車站,三重國小,20,8,4.28
台北車站,三重國小,20,8,4.28
台北車站,迴龍,35,14,13.77
台北車站,迴龍,35,14,13.77
台北車站,丹鳳,35,14,12.37
台北車站,丹鳳,35,14,12.37
台北車站,十四張,30,12,9.65
台北車站,十四張,30,12,9.65
台北車站,秀朗橋,30,12,9.09
台北車站,秀朗橋,30,12,9.09
台北車站,景平,30,12,8.19
台北車站,景平,30,12,8.19
台北車站,中和,30,12,8.63
台北車站,中和,30,12,8.63
台北車站,橋和,30,12,9.26
台北車站,橋和,30,12,9.26
台北車站,中原,30,12,10
台北車站,中原,30,12,10
台北車站,板新,30,12,8.78
台北車站,板新,30,12,8.78
台北車站,新埔民生,25,10,6.61
台北車站,新埔民生,25,10,6.61
台北車站,幸福,30,12,9.4
台北車站,幸福,30,12,9.4
台北車站,新北產業園區,30,12,10.64
台北車站,新北產業園區,30,12,10.64
台北車站,廣慈/奉天宮,25,10,7.71
台北車站,廣慈/奉天宮,25,10,7.71
中山,松山機場,20,8,4.7
中山,松山機場,20,8,4.7
中山,中山國中,20,8,3.22
中山,中山國中,20,8,3.22
中山,科技大樓,25,10,5.04
中山,科技大樓,25,10,5.04
中山,六張犁,25,10,6.17
中山,六張犁,25,10,6.17
中山,麟光,25,10,6.99
中山,麟光,25,10,6.99
中山,辛亥,30,12,8.59
中山,辛亥,30,12,8.59
中山,萬芳醫院,30,12,9.35
中山,萬芳醫院,30,12,9.35
中山,萬芳社區,30,12,10.49
中山,萬芳社區,30,12,10.49
中山,木柵,35,14,11.01
中山,木柵,35,14,11.01
中山,動物園,35,14,11.69
中山,動物園,35,14,11.69
中山,大安,20,8,4.29
中山,大安,20,8,4.29
中山,大安,20,8,4.29
中山,大安,20,8,4.29
中山,忠孝復興,20,8,3.4
中山,忠孝復興,20,8,3.4
中山,忠孝復興,20,8,3.4
中山,忠孝復興,20,8,3.4
中山,南京復興,20,8,2.29
中山,南京復興,20,8,2.29
中山,南京復興,20,8,2.29
中山,南京復興,20,8,2.29
中山,大直,25,10,7.28
中山,大直,25,10,7.28
中山,劍南路,30,12,8.61
中山,劍南路,30,12,8.61
中山,西湖,30,12,9.9
中山,西湖,30,12,9.9
中山,港墘,30,12,10.72
中山,港墘,30,12,10.72
中山,文德,35,14,11.73
中山,文德,35,14,11.73
中山,內湖,35,14,12.86
中山,內湖,35,14,12.86
中山,大湖公園,35,14,13.73
中山,大湖公園,35,14,13.73
中山,葫洲,35,14,13.85
中山,葫洲,35,14,13.85
中山,東湖,35,14,13
中山,東湖,35,14,13
中山,南港軟體園區,35,14,11.96
中山,南港軟體園區,35,14,11.96
中山,南港展覽館,35,14,11.31
中山,南港展覽館,35,14,11.31
中山,南港展覽館,35,14,11.31
中山,南港展覽館,35,14,11.31
中山,台大醫院,20,8,1.29
中山,台大醫院,20,8,1.29
中山,台北車站,20,8,0.66
中山,台北車站,20,8,0.66
中山,台北車站,20,8,0.66
中山,台北車站,20,8,0.66
中山,中山,20,8,0
中山,中山,20,8,0
中山,中山,20,8,0
中山,中山,20,8,0
中山,民權西路,20,8,1.08
中山,民權西路,20,8,1.08
中山,民權西路,20,8,1.08
中山,民權西路,20,8,1.08
中山,小碧潭,35,14,11.55
中山,小碧潭,35,14,11.55
中山,新店,35,14,11.62
中山,新店,35,14,11.62
中山,七張,30,12,9.61
中山,七張,30,12,9.61
中山,大坪林,30,12,8.76
中山,大坪林,30,12,8.76
中山,大坪林,30,12,8.76
中山,大坪林,30,12,8.76
中山,景美,25,10,7.61
中山,景美,25,10,7.61
中山,萬隆,25,10,6.55
中山,萬隆,25,10,6.55
中山,公館,20,8,4.99
中山,公館,20,8,4.99
中山,台電大樓,20,8,4.09
中山,台電大樓,20,8,4.09
中山,古亭,20,8,3.21
中山,古亭,20,8,3.21
中山,中正紀念堂,20,8,2.28
中山,中正紀念堂,20,8,2.28
中山,頂溪,25,10,5.35
中山,頂溪,25,10,5.35
中山,永安市場,25,10,6.68
中山,永安市場,25,10,6.68
中山,景安,25,10,7.76
中山,景安,25,10,7.76
中山,景安,25,10,7.76
中山,景安,25,10,7.76
中山,南勢角,30,12,8.57
中山,南勢角,30,12,8.57
中山,雙連,20,8,0.55
中山,雙連,20,8,0.55
中山,圓山,20,8,2.11
中山,圓山,20,8,2.11
中山,劍潭,20,8,3.63
中山,劍潭,20,8,3.63
中山,士林,20,8,4.72
中山,士林,20,8,4.72
中山,芝山,25,10,5.82
中山,芝山,25,10,5.82
中山,明德,25,10,6.7
中山,明德,25,10,6.7
中山,石牌,25,10,7.3
中山,石牌,25,10,7.3
中山,唭哩岸,30,12,8.56
中山,唭哩岸,30,12,8.56
中山,奇岩,30,12,9.39
中山,奇岩,30,12,9.39
中山,北投,30,12,10.15
中山,北投,30,12,10.15
中山,新北投,35,14,11.18
中山,新北投,35,14,11.18
中山,復興崗,35,14,11.76
中山,復興崗,35,14,11.76
中山,忠義,35,14,13.21
中山,忠義,35,14,13.21
中山,關渡,40,16,14.08
中山,關渡,40,16,14.08
中山,竹圍,40,16,16.22
中山,竹圍,40,16,16.22
中山,紅樹林,45,18,18.13
中山,紅樹林,45,18,18.13
中山,淡水,50,20,20.22
中山,淡水,50,20,20.22
中山,西門,20,8,2.01
中山,西門,20,8,2.01
中山,象山,25,10,7.01
中山,象山,25,10,7.01
中山,台北101/世貿,25,10,6.28
中山,台北101/世貿,25,10,6.28
中山,信義安和,25,10,5.28
中山,信義安和,25,10,5.28
中山,大安森林公園,20,8,4.15
中山,大安森林公園,20,8,4.15
中山,北門,20,8,1.26
中山,北門,20,8,1.26
中山,東門,20,8,3.48
中山,東門,20,8,3.48
中山,新店區公所,30,12,10.51
中山,新店區公所,30,12,10.51
中山,小南門,20,8,2.83
中山,小南門,20,8,2.83
中山,松江南京,20,8,1.3
中山,松江南京,20,8,1.3
中山,松江南京,20,8,1.3
中山,松江南京,20,8,1.3
中山,忠孝新生,20,8,2.28
中山,忠孝新生,20,8,2.28
中山,忠孝新生,20,8,2.28
中山,忠孝新生,20,8,2.28
中山,頂埔,40,16,16.65
中山,頂埔,40,16,16.65
中山,永寧,40,16,14.7
中山,永寧,40,16,14.7
中山,土城,35,14,13.59
中山,土城,35,14,13.59
中山,海山,35,14,12.12
中山,海山,35,14,12.12
中山,亞東醫院,30,12,10.48
中山,亞東醫院,30,12,10.48
中山,府中,30,12,9.2
中山,府中,30,12,9.2
中山,板橋,30,12,8.55
中山,板橋,30,12,8.55
中山,板橋,30,12,8.55
中山,板橋,30,12,8.55
中山,新埔,25,10,7.27
中山,新埔,25,10,7.27
中山,江子翠,25,10,6.4
中山,江子翠,25,10,6.4
中山,龍山寺,20,8,3.32
中山,龍山寺,20,8,3.32
中山,善導寺,20,8,1.34
中山,善導寺,20,8,1.34
中山,忠孝敦化,20,8,4.07
中山,忠孝敦化,20,8,4.07
中山,國父紀念館,20,8,4.8
中山,國父紀念館,20,8,4.8
中山,市政府,25,10,5.64
中山,市政府,25,10,5.64
中山,永春,25,10,6.62
中山,永春,25,10,6.62
中山,後山埤,25,10,7.44
中山,後山埤,25,10,7.44
中山,昆陽,30,12,8.8
中山,昆陽,30,12,8.8
中山,南港,30,12,10.22
中山,南港,30,12,10.22
中山,台北小巨蛋,20,8,3.23
中山,台北小巨蛋,20,8,3.23
中山,南京三民,20,8,4.42
中山,南京三民,20,8,4.42
中山,松山,25,10,5.78
中山,松山,25,10,5.78
中山,輔大,30,12,10.68
中山,輔大,30,12,10.68
中山,新莊,30,12,8.94
中山,新莊,30,12,8.94
中山,頭前庄,25,10,7.93
中山,頭前庄,25,10,7.93
中山,頭前庄,25,10,7.93
中山,頭前庄,25,10,7.93
中山,先嗇宮,25,10,6.65
中山,先嗇宮,25,10,6.65
中山,三重,20,8,4.93
中山,三重,20,8,4.93
中山,菜寮,20,8,4.06
中山,菜寮,20,8,4.06
中山,台北橋,20,8,3.07
中山,台北橋,20,8,3.07
中山,大橋頭,20,8,1.74
中山,大橋頭,20,8,1.74
中山,中山國小,20,8,1.79
中山,中山國小,20,8,1.79
中山,行天宮,20,8,2.09
中山,行天宮,20,8,2.09
中山,蘆洲,25,10,7.75
中山,蘆洲,25,10,7.75
中山,三民高中,25,10,6.59
中山,三民高中,25,10,6.59
中山,徐匯中學,25,10,5.68
中山,徐匯中學,25,10,5.68
中山,三和國中,20,8,4.85
中山,三和國中,20,8,4.85
中山,三重國小,20,8,3.62
中山,三重國小,20,8,3.62
中山,迴龍,35,14,13.45
中山,迴龍,35,14,13.45
中山,丹鳳,35,14,12.05
中山,丹鳳,35,14,12.05
中山,十四張,30,12,10.31
中山,十四張,30,12,10.31
中山,秀朗橋,30,12,9.75
中山,秀朗橋,30,12,9.75
中山,景平,30,12,8.85
中山,景平,30,12,8.85
中山,中和,30,12,9.29
中山,中和,30,12,9.29
中山,橋和,30,12,9.92
中山,橋和,30,12,9.92
中山,中原,30,12,10.66
中山,中原,30,12,10.66
中山,板新,30,12,9.44
中山,板新,30,12,9.44
中山,新埔民生,25,10,7.27
中山,新埔民生,25,10,7.27
中山,幸福,30,12,9.08
中山,幸福,30,12,9.08
中山,新北產業園區,30,12,10.32
中山,新北產業園區,30,12,10.32
中山,廣慈/奉天宮,25,10,8.37
中山,廣慈/奉天宮,25,10,8.37
民權西路,松山機場,25,10,5.78
民權西路,松山機場,25,10,5.78
民權西路,中山國中,20,8,4.3
民權西路,中山國中,20,8,4.3
民權西路,科技大樓,25,10,6.12
民權西路,科技大樓,25,10,6.12
民權西路,六張犁,25,10,7.25
民權西路,六張犁,25,10,7.25
民權西路,麟光,30,12,8.07
民權西路,麟光,30,12,8.07
民權西路,辛亥,30,12,9.67
民權西路,辛亥,30,12,9.67
民權西路,萬芳醫院,30,12,10.43
民權西路,萬芳醫院,30,12,10.43
民權西路,萬芳社區,35,14,11.57
民權西路,萬芳社區,35,14,11.57
民權西路,木柵,35,14,12.09
民權西路,木柵,35,14,12.09
民權西路,動物園,35,14,12.77
民權西路,動物園,35,14,12.77
民權西路,大安,25,10,5.37
民權西路,大安,25,10,5.37
民權西路,大安,25,10,5.37
民權西路,大安,25,10,5.37
民權西路,忠孝復興,20,8,4.48
民權西路,忠孝復興,20,8,4.48
民權西路,忠孝復興,20,8,4.48
民權西路,忠孝復興,20,8,4.48
民權西路,南京復興,20,8,3.37
民權西路,南京復興,20,8,3.37
民權西路,南京復興,20,8,3.37
民權西路,南京復興,20,8,3.37
民權西路,大直,30,12,8.36
民權西路,大直,30,12,8.36
民權西路,劍南路,30,12,9.69
民權西路,劍南路,30,12,9.69
民權西路,西湖,30,12,10.98
民權西路,西湖,30,12,10.98
民權西路,港墘,35,14,11.8
民權西路,港墘,35,14,11.8
民權西路,文德,35,14,12.81
民權西路,文德,35,14,12.81
民權西路,內湖,35,14,13.94
民權西路,內湖,35,14,13.94
民權西路,大湖公園,40,16,14.81
民權西路,大湖公園,40,16,14.81
民權西路,葫洲,40,16,14.93
民權西路,葫洲,40,16,14.93
民權西路,東湖,40,16,14.08
民權西路,東湖,40,16,14.08
民權西路,南港軟體園區,35,14,13.04
民權西路,南港軟體園區,35,14,13.04
民權西路,南港展覽館,35,14,12.39
民權西路,南港展覽館,35,14,12.39
民權西路,南港展覽館,35,14,12.39
民權西路,南港展覽館,35,14,12.39
民權西路,台大醫院,20,8,2.37
民權西路,台大醫院,20,8,2.37
民權西路,台北車站,20,8,1.74
民權西路,台北車站,20,8,1.74
民權西路,台北車站,20,8,1.74
民權西路,台北車站,20,8,1.74
民權西路,中山,20,8,1.08
民權西路,中山,20,8,1.08
民權西路,中山,20,8,1.08
民權西路,中山,20,8,1.08
民權西路,民權西路,20,8,0
民權西路,民權西路,20,8,0
民權西路,民權西路,20,8,0
民權西路,民權西路,20,8,0
民權西路,小碧潭,35,14,12.63
民權西路,小碧潭,35,14,12.63
民權西路,新店,35,14,12.7
民權西路,新店,35,14,12.7
民權西路,七張,30,12,10.69
民權西路,七張,30,12,10.69
民權西路,大坪林,30,12,9.84
民權西路,大坪林,30,12,9.84
民權西路,大坪林,30,12,9.84
民權西路,大坪林,30,12,9.84
民權西路,景美,30,12,8.69
民權西路,景美,30,12,8.69
民權西路,萬隆,25,10,7.63
民權西路,萬隆,25,10,7.63
民權西路,公館,25,10,6.07
民權西路,公館,25,10,6.07
民權西路,台電大樓,25,10,5.17
民權西路,台電大樓,25,10,5.17
民權西路,古亭,20,8,4.29
民權西路,古亭,20,8,4.29
民權西路,中正紀念堂,20,8,3.36
民權西路,中正紀念堂,20,8,3.36
民權西路,頂溪,25,10,6.43
民權西路,頂溪,25,10,6.43
民權西路,永安市場,25,10,7.76
民權西路,永安市場,25,10,7.76
民權西路,景安,30,12,8.84
民權西路,景安,30,12,8.84
民權西路,景安,30,12,8.84
民權西路,景安,30,12,8.84
民權西路,南勢角,30,12,9.65
民權西路,南勢角,30,12,9.65
民權西路,雙連,20,8,0.53
民權西路,雙連,20,8,0.53
民權西路,圓山,20,8,1.03
民權西路,圓山,20,8,1.03
民權西路,劍潭,20,8,2.55
民權西路,劍潭,20,8,2.55
民權西路,士林,20,8,3.64
民權西路,士林,20,8,3.64
民權西路,芝山,20,8,4.74
民權西路,芝山,20,8,4.74
民權西路,明德,25,10,5.62
民權西路,明德,25,10,5.62
民權西路,石牌,25,10,6.22
民權西路,石牌,25,10,6.22
民權西路,唭哩岸,25,10,7.48
民權西路,唭哩岸,25,10,7.48
民權西路,奇岩,30,12,8.31
民權西路,奇岩,30,12,8.31
民權西路,北投,30,12,9.07
民權西路,北投,30,12,9.07
民權西路,新北投,30,12,10.1
民權西路,新北投,30,12,10.1
民權西路,復興崗,30,12,10.68
民權西路,復興崗,30,12,10.68
民權西路,忠義,35,14,12.13
民權西路,忠義,35,14,12.13
民權西路,關渡,35,14,13
民權西路,關渡,35,14,13
民權西路,竹圍,40,16,15.14
民權西路,竹圍,40,16,15.14
民權西路,紅樹林,45,18,17.05
民權西路,紅樹林,45,18,17.05
民權西路,淡水,45,18,19.14
民權西路,淡水,45,18,19.14
民權西路,西門,20,8,3.09
民權西路,西門,20,8,3.09
民權西路,象山,30,12,8.09
民權西路,象山,30,12,8.09
民權西路,台北101/世貿,25,10,7.36
民權西路,台北101/世貿,25,10,7.36
民權西路,信義安和,25,10,6.36
民權西路,信義安和,25,10,6.36
民權西路,大安森林公園,25,10,5.23
民權西路,大安森林公園,25,10,5.23
民權西路,北門,20,8,2.34
民權西路,北門,20,8,2.34
民權西路,東門,20,8,4.56
民權西路,東門,20,8,4.56
民權西路,新店區公所,35,14,11.59
民權西路,新店區公所,35,14,11.59
民權西路,小南門,20,8,3.91
民權西路,小南門,20,8,3.91
民權西路,松江南京,20,8,2.38
民權西路,松江南京,20,8,2.38
民權西路,松江南京,20,8,2.38
民權西路,松江南京,20,8,2.38
民權西路,忠孝新生,20,8,3.36
民權西路,忠孝新生,20,8,3.36
民權西路,忠孝新生,20,8,3.36
民權西路,忠孝新生,20,8,3.36
民權西路,頂埔,45,18,17.73
民權西路,頂埔,45,18,17.73
民權西路,永寧,40,16,15.78
民權西路,永寧,40,16,15.78
民權西路,土城,40,16,14.67
民權西路,土城,40,16,14.67
民權西路,海山,35,14,13.2
民權西路,海山,35,14,13.2
民權西路,亞東醫院,35,14,11.56
民權西路,亞東醫院,35,14,11.56
民權西路,府中,30,12,10.28
民權西路,府中,30,12,10.28
民權西路,板橋,30,12,9.63
民權西路,板橋,30,12,9.63
民權西路,板橋,30,12,9.63
民權西路,板橋,30,12,9.63
民權西路,新埔,30,12,8.35
民權西路,新埔,30,12,8.35
民權西路,江子翠,25,10,7.48
民權西路,江子翠,25,10,7.48
民權西路,龍山寺,20,8,4.4
民權西路,龍山寺,20,8,4.4
民權西路,善導寺,20,8,2.42
民權西路,善導寺,20,8,2.42
民權西路,忠孝敦化,25,10,5.15
民權西路,忠孝敦化,25,10,5.15
民權西路,國父紀念館,25,10,5.88
民權西路,國父紀念館,25,10,5.88
民權西路,市政府,25,10,6.72
民權西路,市政府,25,10,6.72
民權西路,永春,25,10,7.7
民權西路,永春,25,10,7.7
民權西路,後山埤,30,12,8.52
民權西路,後山埤,30,12,8.52
民權西路,昆陽,30,12,9.88
民權西路,昆陽,30,12,9.88
民權西路,南港,35,14,11.3
民權西路,南港,35,14,11.3
民權西路,台北小巨蛋,20,8,4.31
民權西路,台北小巨蛋,20,8,4.31
民權西路,南京三民,25,10,5.5
民權西路,南京三民,25,10,5.5
民權西路,松山,25,10,6.86
民權西路,松山,25,10,6.86
民權西路,輔大,30,12,9.6
民權西路,輔大,30,12,9.6
民權西路,新莊,25,10,7.86
民權西路,新莊,25,10,7.86
民權西路,頭前庄,25,10,6.85
民權西路,頭前庄,25,10,6.85
民權西路,頭前庄,25,10,6.85
民權西路,頭前庄,25,10,6.85
民權西路,先嗇宮,25,10,5.57
民權西路,先嗇宮,25,10,5.57
民權西路,三重,20,8,3.85
民權西路,三重,20,8,3.85
民權西路,菜寮,20,8,2.98
民權西路,菜寮,20,8,2.98
民權西路,台北橋,20,8,1.99
民權西路,台北橋,20,8,1.99
民權西路,大橋頭,20,8,0.66
民權西路,大橋頭,20,8,0.66
民權西路,中山國小,20,8,0.71
民權西路,中山國小,20,8,0.71
民權西路,行天宮,20,8,1.66
民權西路,行天宮,20,8,1.66
民權西路,蘆洲,25,10,6.67
民權西路,蘆洲,25,10,6.67
民權西路,三民高中,25,10,5.51
民權西路,三民高中,25,10,5.51
民權西路,徐匯中學,20,8,4.6
民權西路,徐匯中學,20,8,4.6
民權西路,三和國中,20,8,3.77
民權西路,三和國中,20,8,3.77
民權西路,三重國小,20,8,2.54
民權西路,三重國小,20,8,2.54
民權西路,迴龍,35,14,12.37
民權西路,迴龍,35,14,12.37
民權西路,丹鳳,30,12,10.97
民權西路,丹鳳,30,12,10.97
民權西路,十四張,35,14,11.39
民權西路,十四張,35,14,11.39
民權西路,秀朗橋,30,12,10.83
民權西路,秀朗橋,30,12,10.83
民權西路,景平,30,12,9.93
民權西路,景平,30,12,9.93
民權西路,中和,30,12,10.37
民權西路,中和,30,12,10.37
民權西路,橋和,30,12,11
民權西路,橋和,30,12,11
民權西路,中原,35,14,11.74
民權西路,中原,35,14,11.74
民權西路,板新,30,12,10.52
民權西路,板新,30,12,10.52
民權西路,新埔民生,30,12,8.35
民權西路,新埔民生,30,12,8.35
民權西路,幸福,30,12,8.01
民權西路,幸福,30,12,8.01
民權西路,新北產業園區,30,12,9.24
民權西路,新北產業園區,30,12,9.24
民權西路,廣慈/奉天宮,30,12,9.45
民權西路,廣慈/奉天宮,30,12,9.45
小碧潭,松山機場,40,16,15.67
小碧潭,中山國中,40,16,14.19
小碧潭,科技大樓,35,14,12.12
小碧潭,六張犁,35,14,13.25
小碧潭,麟光,40,16,14.08
小碧潭,辛亥,40,16,15.67
小碧潭,萬芳醫院,40,16,16.43
小碧潭,萬芳社區,45,18,17.58
小碧潭,木柵,45,18,18.09
小碧潭,動物園,45,18,18.77
小碧潭,大安,35,14,11.37
小碧潭,大安,35,14,11.37
小碧潭,忠孝復興,35,14,12.24
小碧潭,忠孝復興,35,14,12.24
小碧潭,南京復興,35,14,13.26
小碧潭,南京復興,35,14,13.26
小碧潭,大直,45,18,18.25
小碧潭,劍南路,45,18,19.58
小碧潭,西湖,50,20,20.86
小碧潭,港墘,50,20,21.69
小碧潭,文德,50,20,22.7
小碧潭,內湖,55,22,23.83
小碧潭,大湖公園,55,22,24.32
小碧潭,葫洲,50,20,22.69
小碧潭,東湖,50,20,21.84
小碧潭,南港軟體園區,50,20,20.8
小碧潭,南港展覽館,50,20,20.15
小碧潭,南港展覽館,50,20,20.15
小碧潭,台大醫院,30,12,10.26
小碧潭,台北車站,30,12,10.89
小碧潭,台北車站,30,12,10.89
小碧潭,中山,35,14,11.55
小碧潭,中山,35,14,11.55
小碧潭,民權西路,35,14,12.63
小碧潭,民權西路,35,14,12.63
小碧潭,小碧潭,20,8,0
小碧潭,新店,20,8,3.95
小碧潭,七張,20,8,1.94
小碧潭,大坪林,20,8,2.79
小碧潭,大坪林,20,8,2.79
小碧潭,景美,20,8,3.94
小碧潭,萬隆,20,8,5
小碧潭,公館,25,10,6.56
小碧潭,台電大樓,25,10,7.46
小碧潭,古亭,30,12,8.34
小碧潭,中正紀念堂,30,12,9.27
小碧潭,頂溪,30,12,9.63
小碧潭,永安市場,30,12,8.3
小碧潭,景安,25,10,7.22
小碧潭,景安,25,10,7.22
小碧潭,南勢角,30,12,8.03
小碧潭,雙連,35,14,12.1
小碧潭,圓山,35,14,13.66
小碧潭,劍潭,40,16,15.18
小碧潭,士林,40,16,16.27
小碧潭,芝山,45,18,17.37
小碧潭,明德,45,18,18.25
小碧潭,石牌,45,18,18.85
小碧潭,唭哩岸,50,20,20.11
小碧潭,奇岩,50,20,20.94
小碧潭,北投,50,20,21.7
小碧潭,新北投,50,20,22.73
小碧潭,復興崗,55,22,23.31
小碧潭,忠義,55,22,24.76
小碧潭,關渡,55,22,25.63
小碧潭,竹圍,60,24,27.77
小碧潭,紅樹林,60,24,29.68
小碧潭,淡水,65,26,31.77
小碧潭,西門,30,12,10.86
小碧潭,象山,40,16,14.09
小碧潭,台北101/世貿,35,14,13.36
小碧潭,信義安和,35,14,12.36
小碧潭,大安森林公園,30,12,10.59
小碧潭,北門,35,14,11.67
小碧潭,東門,30,12,9.92
小碧潭,新店區公所,20,8,2.84
小碧潭,小南門,30,12,10.04
小碧潭,松江南京,35,14,12.26
小碧潭,松江南京,35,14,12.26
小碧潭,忠孝新生,35,14,11.12
小碧潭,忠孝新生,35,14,11.12
小碧潭,頂埔,50,20,20.51
小碧潭,永寧,45,18,18.57
小碧潭,土城,45,18,17.46
小碧潭,海山,40,16,15.99
小碧潭,亞東醫院,40,16,14.35
小碧潭,府中,35,14,13.07
小碧潭,板橋,35,14,12.41
小碧潭,板橋,35,14,12.41
小碧潭,新埔,35,14,13.69
小碧潭,江子翠,40,16,14.56
小碧潭,龍山寺,35,14,12.17
小碧潭,善導寺,35,14,11.58
小碧潭,忠孝敦化,35,14,12.91
小碧潭,國父紀念館,35,14,13.63
小碧潭,市政府,40,16,14.48
小碧潭,永春,40,16,15.46
小碧潭,後山埤,40,16,16.28
小碧潭,昆陽,45,18,17.64
小碧潭,南港,45,18,19.06
小碧潭,台北小巨蛋,40,16,14.2
小碧潭,南京三民,40,16,15.39
小碧潭,松山,40,16,16.75
小碧潭,輔大,45,18,18.08
小碧潭,新莊,40,16,16.34
小碧潭,頭前庄,40,16,15.33
小碧潭,頭前庄,40,16,15.33
小碧潭,先嗇宮,40,16,16.6
小碧潭,三重,40,16,16.48
小碧潭,菜寮,40,16,15.62
小碧潭,台北橋,40,16,14.63
小碧潭,大橋頭,35,14,13.3
小碧潭,中山國小,35,14,13.35
小碧潭,行天宮,35,14,13.06
小碧潭,蘆洲,45,18,19.31
小碧潭,三民高中,45,18,18.14
小碧潭,徐匯中學,45,18,17.24
小碧潭,三和國中,40,16,16.41
小碧潭,三重國小,40,16,15.17
小碧潭,迴龍,50,20,20.85
小碧潭,丹鳳,45,18,19.45
小碧潭,十四張,20,8,4.35
小碧潭,秀朗橋,25,10,5.23
小碧潭,景平,25,10,6.13
小碧潭,中和,30,12,8.75
小碧潭,橋和,30,12,9.38
小碧潭,中原,30,12,10.11
小碧潭,板新,35,14,11.52
小碧潭,新埔民生,35,14,13.69
小碧潭,幸福,40,16,16.48
小碧潭,新北產業園區,45,18,17.72
小碧潭,廣慈/奉天宮,40,16,15.46
新店,松山機場,40,16,15.73
新店,中山國中,40,16,14.25
新店,科技大樓,35,14,12.19
新店,六張犁,35,14,13.32
新店,麟光,40,16,14.14
新店,辛亥,40,16,15.74
新店,萬芳醫院,40,16,16.5
新店,萬芳社區,45,18,17.64
新店,木柵,45,18,18.16
新店,動物園,45,18,18.84
新店,大安,35,14,11.44
新店,大安,35,14,11.44
新店,忠孝復興,35,14,12.31
新店,忠孝復興,35,14,12.31
新店,南京復興,35,14,13.32
新店,南京復興,35,14,13.32
新店,大直,45,18,18.32
新店,劍南路,45,18,19.65
新店,西湖,50,20,20.93
新店,港墘,50,20,21.76
新店,文德,50,20,22.77
新店,內湖,55,22,23.9
新店,大湖公園,55,22,24.38
新店,葫洲,50,20,22.76
新店,東湖,50,20,21.9
新店,南港軟體園區,50,20,20.86
新店,南港展覽館,50,20,20.22
新店,南港展覽館,50,20,20.22
新店,台大醫院,30,12,10.33
新店,台北車站,30,12,10.96
新店,台北車站,30,12,10.96
新店,中山,35,14,11.62
新店,中山,35,14,11.62
新店,民權西路,35,14,12.7
新店,民權西路,35,14,12.7
新店,小碧潭,20,8,3.95
新店,新店,20,8,0
新店,七張,20,8,2.01
新店,大坪林,20,8,2.86
新店,大坪林,20,8,2.86
新店,景美,20,8,4.01
新店,萬隆,25,10,5.07
新店,公館,25,10,6.63
新店,台電大樓,25,10,7.53
新店,古亭,30,12,8.41
新店,中正紀念堂,30,12,9.34
新店,頂溪,30,12,9.69
新店,永安市場,30,12,8.36
新店,景安,25,10,7.28
新店,景安,25,10,7.28
新店,南勢角,30,12,8.09
新店,雙連,35,14,12.17
新店,圓山,35,14,13.73
新店,劍潭,40,16,15.25
新店,士林,40,16,16.34
新店,芝山,45,18,17.44
新店,明德,45,18,18.32
新店,石牌,45,18,18.92
新店,唭哩岸,50,20,20.18
新店,奇岩,50,20,21.01
新店,北投,50,20,21.77
新店,新北投,50,20,22.8
新店,復興崗,55,22,23.38
新店,忠義,55,22,24.83
新店,關渡,55,22,25.7
新店,竹圍,60,24,27.84
新店,紅樹林,60,24,29.75
新店,淡水,65,26,31.84
新店,西門,30,12,10.92
新店,象山,40,16,14.16
新店,台北101/世貿,35,14,13.42
新店,信義安和,35,14,12.43
新店,大安森林公園,30,12,10.65
新店,北門,35,14,11.74
新店,東門,30,12,9.99
新店,新店區公所,20,8,1.11
新店,小南門,30,12,10.1
新店,松江南京,35,14,12.33
新店,松江南京,35,14,12.33
新店,忠孝新生,35,14,11.19
新店,忠孝新生,35,14,11.19
新店,頂埔,50,20,20.58
新店,永寧,45,18,18.63
新店,土城,45,18,17.52
新店,海山,40,16,16.06
新店,亞東醫院,40,16,14.41
新店,府中,35,14,13.13
新店,板橋,35,14,12.48
新店,板橋,35,14,12.48
新店,新埔,35,14,13.76
新店,江子翠,40,16,14.62
新店,龍山寺,35,14,12.24
新店,善導寺,35,14,11.64
新店,忠孝敦化,35,14,12.97
新店,國父紀念館,35,14,13.7
新店,市政府,40,16,14.54
新店,永春,40,16,15.53
新店,後山埤,40,16,16.34
新店,昆陽,45,18,17.71
新店,南港,45,18,19.13
新店,台北小巨蛋,40,16,14.26
新店,南京三民,40,16,15.46
新店,松山,40,16,16.81
新店,輔大,45,18,18.15
新店,新莊,40,16,16.41
新店,頭前庄,40,16,15.39
新店,頭前庄,40,16,15.39
新店,先嗇宮,40,16,16.66
新店,三重,40,16,16.55
新店,菜寮,40,16,15.68
新店,台北橋,40,16,14.69
新店,大橋頭,35,14,13.36
新店,中山國小,35,14,13.41
新店,行天宮,35,14,13.13
新店,蘆洲,45,18,19.37
新店,三民高中,45,18,18.21
新店,徐匯中學,45,18,17.3
新店,三和國中,40,16,16.47
新店,三重國小,40,16,15.24
新店,迴龍,50,20,20.92
新店,丹鳳,45,18,19.52
新店,十四張,20,8,4.41
新店,秀朗橋,25,10,5.3
新店,景平,25,10,6.2
新店,中和,30,12,8.81
新店,橋和,30,12,9.44
新店,中原,30,12,10.18
新店,板新,35,14,11.59
新店,新埔民生,35,14,13.76
新店,幸福,40,16,16.55
新店,新北產業園區,45,18,17.79
新店,廣慈/奉天宮,40,16,15.52
七張,松山機場,35,14,13.72
七張,中山國中,35,14,12.24
七張,科技大樓,30,12,10.18
七張,六張犁,35,14,11.31
七張,麟光,35,14,12.13
七張,辛亥,35,14,13.73
七張,萬芳醫院,40,16,14.49
七張,萬芳社區,40,16,15.63
七張,木柵,40,16,16.15
七張,動物園,40,16,16.83
七張,大安,30,12,9.43
七張,大安,30,12,9.43
七張,忠孝復興,30,12,10.3
七張,忠孝復興,30,12,10.3
七張,南京復興,35,14,11.31
七張,南京復興,35,14,11.31
七張,大直,40,16,16.31
七張,劍南路,45,18,17.64
七張,西湖,45,18,18.92
七張,港墘,45,18,19.75
七張,文德,50,20,20.76
七張,內湖,50,20,21.89
七張,大湖公園,50,20,22.37
七張,葫洲,50,20,20.75
七張,東湖,45,18,19.89
七張,南港軟體園區,45,18,18.85
七張,南港展覽館,45,18,18.21
七張,南港展覽館,45,18,18.21
七張,台大醫院,30,12,8.32
七張,台北車站,30,12,8.95
七張,台北車站,30,12,8.95
七張,中山,30,12,9.61
七張,中山,30,12,9.61
七張,民權西路,30,12,10.69
七張,民權西路,30,12,10.69
七張,小碧潭,20,8,1.94
七張,新店,20,8,2.01
七張,七張,20,8,0
七張,大坪林,20,8,0.85
七張,大坪林,20,8,0.85
七張,景美,20,8,2
七張,萬隆,20,8,3.06
七張,公館,20,8,4.62
七張,台電大樓,25,10,5.52
七張,古亭,25,10,6.4
七張,中正紀念堂,25,10,7.33
七張,頂溪,25,10,7.68
七張,永安市場,25,10,6.35
七張,景安,25,10,5.27
七張,景安,25,10,5.27
七張,南勢角,25,10,6.08
七張,雙連,30,12,10.16
七張,圓山,35,14,11.72
七張,劍潭,35,14,13.24
七張,士林,40,16,14.33
七張,芝山,40,16,15.43
七張,明德,40,16,16.31
七張,石牌,40,16,16.91
七張,唭哩岸,45,18,18.17
七張,奇岩,45,18,19
七張,北投,45,18,19.76
七張,新北投,50,20,20.79
七張,復興崗,50,20,21.37
七張,忠義,50,20,22.82
七張,關渡,55,22,23.69
七張,竹圍,55,22,25.83
七張,紅樹林,60,24,27.74
七張,淡水,60,24,29.83
七張,西門,30,12,8.91
七張,象山,35,14,12.15
七張,台北101/世貿,35,14,11.41
七張,信義安和,30,12,10.42
七張,大安森林公園,30,12,8.64
七張,北門,30,12,9.73
七張,東門,25,10,7.98
七張,新店區公所,20,8,0.9
七張,小南門,30,12,8.09
七張,松江南京,30,12,10.32
七張,松江南京,30,12,10.32
七張,忠孝新生,30,12,9.18
七張,忠孝新生,30,12,9.18
七張,頂埔,45,18,18.57
七張,永寧,40,16,16.62
七張,土城,40,16,15.51
七張,海山,40,16,14.05
七張,亞東醫院,35,14,12.4
七張,府中,35,14,11.12
七張,板橋,30,12,10.47
七張,板橋,30,12,10.47
七張,新埔,35,14,11.75
七張,江子翠,35,14,12.61
七張,龍山寺,30,12,10.23
七張,善導寺,30,12,9.63
七張,忠孝敦化,30,12,10.96
七張,國父紀念館,35,14,11.69
七張,市政府,35,14,12.53
七張,永春,35,14,13.52
七張,後山埤,40,16,14.33
七張,昆陽,40,16,15.7
七張,南港,45,18,17.12
七張,台北小巨蛋,35,14,12.25
七張,南京三民,35,14,13.45
七張,松山,40,16,14.8
七張,輔大,40,16,16.14
七張,新莊,40,16,14.4
七張,頭前庄,35,14,13.38
七張,頭前庄,35,14,13.38
七張,先嗇宮,40,16,14.65
七張,三重,40,16,14.54
七張,菜寮,35,14,13.67
七張,台北橋,35,14,12.68
七張,大橋頭,35,14,11.35
七張,中山國小,35,14,11.4
七張,行天宮,35,14,11.12
七張,蘆洲,45,18,17.36
七張,三民高中,40,16,16.2
七張,徐匯中學,40,16,15.29
七張,三和國中,40,16,14.46
七張,三重國小,35,14,13.23
七張,迴龍,45,18,18.91
七張,丹鳳,45,18,17.51
七張,十四張,20,8,2.4
七張,秀朗橋,20,8,3.29
七張,景平,20,8,4.19
七張,中和,25,10,6.8
七張,橋和,25,10,7.43
七張,中原,30,12,8.17
七張,板新,30,12,9.58
七張,新埔民生,35,14,11.75
七張,幸福,40,16,14.54
七張,新北產業園區,40,16,15.78
七張,廣慈/奉天宮,35,14,13.51
大坪林,松山機場,35,14,12.87
大坪林,松山機場,35,14,12.87
大坪林,中山國中,35,14,11.39
大坪林,中山國中,35,14,11.39
大坪林,科技大樓,30,12,9.33
大坪林,科技大樓,30,12,9.33
大坪林,六張犁,30,12,10.46
大坪林,六張犁,30,12,10.46
大坪林,麟光,35,14,11.28
大坪林,麟光,35,14,11.28
大坪林,辛亥,35,14,12.88
大坪林,辛亥,35,14,12.88
大坪林,萬芳醫院,35,14,13.64
大坪林,萬芳醫院,35,14,13.64
大坪林,萬芳社區,40,16,14.78
大坪林,萬芳社區,40,16,14.78
大坪林,木柵,40,16,15.3
大坪林,木柵,40,16,15.3
大坪林,動物園,40,16,15.98
大坪林,動物園,40,16,15.98
大坪林,大安,30,12,8.58
大坪林,大安,30,12,8.58
大坪林,大安,30,12,8.58
大坪林,大安,30,12,8.58
大坪林,忠孝復興,30,12,9.45
大坪林,忠孝復興,30,12,9.45
大坪林,忠孝復興,30,12,9.45
大坪林,忠孝復興,30,12,9.45
大坪林,南京復興,30,12,10.46
大坪林,南京復興,30,12,10.46
大坪林,南京復興,30,12,10.46
大坪林,南京復興,30,12,10.46
大坪林,大直,40,16,15.46
大坪林,大直,40,16,15.46
大坪林,劍南路,40,16,16.79
大坪林,劍南路,40,16,16.79
大坪林,西湖,45,18,18.07
大坪林,西湖,45,18,18.07
大坪林,港墘,45,18,18.9
大坪林,港墘,45,18,18.9
大坪林,文德,45,18,19.91
大坪林,文德,45,18,19.91
大坪林,內湖,50,20,21.04
大坪林,內湖,50,20,21.04
大坪林,大湖公園,50,20,21.52
大坪林,大湖公園,50,20,21.52
大坪林,葫洲,45,18,19.9
大坪林,葫洲,45,18,19.9
大坪林,東湖,45,18,19.04
大坪林,東湖,45,18,19.04
大坪林,南港軟體園區,45,18,18
大坪林,南港軟體園區,45,18,18
大坪林,南港展覽館,45,18,17.36
大坪林,南港展覽館,45,18,17.36
大坪林,南港展覽館,45,18,17.36
大坪林,南港展覽館,45,18,17.36
大坪林,台大醫院,25,10,7.47
大坪林,台大醫院,25,10,7.47
大坪林,台北車站,30,12,8.1
大坪林,台北車站,30,12,8.1
大坪林,台北車站,30,12,8.1
大坪林,台北車站,30,12,8.1
大坪林,中山,30,12,8.76
大坪林,中山,30,12,8.76
大坪林,中山,30,12,8.76
大坪林,中山,30,12,8.76
大坪林,民權西路,30,12,9.84
大坪林,民權西路,30,12,9.84
大坪林,民權西路,30,12,9.84
大坪林,民權西路,30,12,9.84
大坪林,小碧潭,20,8,2.79
大坪林,小碧潭,20,8,2.79
大坪林,新店,20,8,2.86
大坪林,新店,20,8,2.86
大坪林,七張,20,8,0.85
大坪林,七張,20,8,0.85
大坪林,大坪林,20,8,0
大坪林,大坪林,20,8,0
大坪林,大坪林,20,8,0
大坪林,大坪林,20,8,0
大坪林,景美,20,8,1.15
大坪林,景美,20,8,1.15
大坪林,萬隆,20,8,2.21
大坪林,萬隆,20,8,2.21
大坪林,公館,20,8,3.77
大坪林,公館,20,8,3.77
大坪林,台電大樓,20,8,4.67
大坪林,台電大樓,20,8,4.67
大坪林,古亭,25,10,5.55
大坪林,古亭,25,10,5.55
大坪林,中正紀念堂,25,10,6.48
大坪林,中正紀念堂,25,10,6.48
大坪林,頂溪,25,10,6.83
大坪林,頂溪,25,10,6.83
大坪林,永安市場,25,10,5.5
大坪林,永安市場,25,10,5.5
大坪林,景安,20,8,4.42
大坪林,景安,20,8,4.42
大坪林,景安,20,8,4.42
大坪林,景安,20,8,4.42
大坪林,南勢角,25,10,5.23
大坪林,南勢角,25,10,5.23
大坪林,雙連,30,12,9.31
大坪林,雙連,30,12,9.31
大坪林,圓山,30,12,10.87
大坪林,圓山,30,12,10.87
大坪林,劍潭,35,14,12.39
大坪林,劍潭,35,14,12.39
大坪林,士林,35,14,13.48
大坪林,士林,35,14,13.48
大坪林,芝山,40,16,14.58
大坪林,芝山,40,16,14.58
大坪林,明德,40,16,15.46
大坪林,明德,40,16,15.46
大坪林,石牌,40,16,16.06
大坪林,石牌,40,16,16.06
大坪林,唭哩岸,45,18,17.32
大坪林,唭哩岸,45,18,17.32
大坪林,奇岩,45,18,18.15
大坪林,奇岩,45,18,18.15
大坪林,北投,45,18,18.91
大坪林,北投,45,18,18.91
大坪林,新北投,45,18,19.94
大坪林,新北投,45,18,19.94
大坪林,復興崗,50,20,20.52
大坪林,復興崗,50,20,20.52
大坪林,忠義,50,20,21.97
大坪林,忠義,50,20,21.97
大坪林,關渡,50,20,22.84
大坪林,關渡,50,20,22.84
大坪林,竹圍,55,22,24.98
大坪林,竹圍,55,22,24.98
大坪林,紅樹林,55,22,26.89
大坪林,紅樹林,55,22,26.89
大坪林,淡水,60,24,28.98
大坪林,淡水,60,24,28.98
大坪林,西門,30,12,8.06
大坪林,西門,30,12,8.06
大坪林,象山,35,14,11.3
大坪林,象山,35,14,11.3
大坪林,台北101/世貿,30,12,10.56
大坪林,台北101/世貿,30,12,10.56
大坪林,信義安和,30,12,9.57
大坪林,信義安和,30,12,9.57
大坪林,大安森林公園,25,10,7.79
大坪林,大安森林公園,25,10,7.79
大坪林,北門,30,12,8.88
大坪林,北門,30,12,8.88
大坪林,東門,25,10,7.13
大坪林,東門,25,10,7.13
大坪林,新店區公所,20,8,1.75
大坪林,新店區公所,20,8,1.75
大坪林,小南門,25,10,7.24
大坪林,小南門,25,10,7.24
大坪林,松江南京,30,12,9.47
大坪林,松江南京,30,12,9.47
大坪林,松江南京,30,12,9.47
大坪林,松江南京,30,12,9.47
大坪林,忠孝新生,30,12,8.33
大坪林,忠孝新生,30,12,8.33
大坪林,忠孝新生,30,12,8.33
大坪林,忠孝新生,30,12,8.33
大坪林,頂埔,45,18,17.72
大坪林,頂埔,45,18,17.72
大坪林,永寧,40,16,15.77
大坪林,永寧,40,16,15.77
大坪林,土城,40,16,14.66
大坪林,土城,40,16,14.66
大坪林,海山,35,14,13.2
大坪林,海山,35,14,13.2
大坪林,亞東醫院,35,14,11.55
大坪林,亞東醫院,35,14,11.55
大坪林,府中,30,12,10.27
大坪林,府中,30,12,10.27
大坪林,板橋,30,12,9.62
大坪林,板橋,30,12,9.62
大坪林,板橋,30,12,9.62
大坪林,板橋,30,12,9.62
大坪林,新埔,30,12,10.9
大坪林,新埔,30,12,10.9
大坪林,江子翠,35,14,11.76
大坪林,江子翠,35,14,11.76
大坪林,龍山寺,30,12,9.38
大坪林,龍山寺,30,12,9.38
大坪林,善導寺,30,12,8.78
大坪林,善導寺,30,12,8.78
大坪林,忠孝敦化,30,12,10.11
大坪林,忠孝敦化,30,12,10.11
大坪林,國父紀念館,30,12,10.84
大坪林,國父紀念館,30,12,10.84
大坪林,市政府,35,14,11.68
大坪林,市政府,35,14,11.68
大坪林,永春,35,14,12.67
大坪林,永春,35,14,12.67
大坪林,後山埤,35,14,13.48
大坪林,後山埤,35,14,13.48
大坪林,昆陽,40,16,14.85
大坪林,昆陽,40,16,14.85
大坪林,南港,40,16,16.27
大坪林,南港,40,16,16.27
大坪林,台北小巨蛋,35,14,11.4
大坪林,台北小巨蛋,35,14,11.4
大坪林,南京三民,35,14,12.6
大坪林,南京三民,35,14,12.6
大坪林,松山,35,14,13.95
大坪林,松山,35,14,13.95
大坪林,輔大,40,16,15.29
大坪林,輔大,40,16,15.29
大坪林,新莊,35,14,13.55
大坪林,新莊,35,14,13.55
大坪林,頭前庄,35,14,12.53
大坪林,頭前庄,35,14,12.53
大坪林,頭前庄,35,14,12.53
大坪林,頭前庄,35,14,12.53
大坪林,先嗇宮,35,14,13.8
大坪林,先嗇宮,35,14,13.8
大坪林,三重,35,14,13.69
大坪林,三重,35,14,13.69
大坪林,菜寮,35,14,12.82
大坪林,菜寮,35,14,12.82
大坪林,台北橋,35,14,11.83
大坪林,台北橋,35,14,11.83
大坪林,大橋頭,30,12,10.5
大坪林,大橋頭,30,12,10.5
大坪林,中山國小,30,12,10.55
大坪林,中山國小,30,12,10.55
大坪林,行天宮,30,12,10.27
大坪林,行天宮,30,12,10.27
大坪林,蘆洲,40,16,16.51
大坪林,蘆洲,40,16,16.51
大坪林,三民高中,40,16,15.35
大坪林,三民高中,40,16,15.35
大坪林,徐匯中學,40,16,14.44
大坪林,徐匯中學,40,16,14.44
大坪林,三和國中,35,14,13.61
大坪林,三和國中,35,14,13.61
大坪林,三重國小,35,14,12.38
大坪林,三重國小,35,14,12.38
大坪林,迴龍,45,18,18.06
大坪林,迴龍,45,18,18.06
大坪林,丹鳳,40,16,16.66
大坪林,丹鳳,40,16,16.66
大坪林,十四張,20,8,1.55
大坪林,十四張,20,8,1.55
大坪林,秀朗橋,20,8,2.44
大坪林,秀朗橋,20,8,2.44
大坪林,景平,20,8,3.34
大坪林,景平,20,8,3.34
大坪林,中和,25,10,5.95
大坪林,中和,25,10,5.95
大坪林,橋和,25,10,6.58
大坪林,橋和,25,10,6.58
大坪林,中原,25,10,7.32
大坪林,中原,25,10,7.32
大坪林,板新,30,12,8.73
大坪林,板新,30,12,8.73
大坪林,新埔民生,30,12,10.9
大坪林,新埔民生,30,12,10.9
大坪林,幸福,35,14,13.69
大坪林,幸福,35,14,13.69
大坪林,新北產業園區,40,16,14.93
大坪林,新北產業園區,40,16,14.93
大坪林,廣慈/奉天宮,35,14,12.66
大坪林,廣慈/奉天宮,35,14,12.66
景美,松山機場,35,14,11.72
景美,中山國中,30,12,10.24
景美,科技大樓,30,12,8.18
景美,六張犁,30,12,9.31
景美,麟光,30,12,10.13
景美,辛亥,35,14,11.73
景美,萬芳醫院,35,14,12.49
景美,萬芳社區,35,14,13.63
景美,木柵,40,16,14.15
景美,動物園,40,16,14.83
景美,大安,25,10,7.43
景美,大安,25,10,7.43
景美,忠孝復興,30,12,8.3
景美,忠孝復興,30,12,8.3
景美,南京復興,30,12,9.31
景美,南京復興,30,12,9.31
景美,大直,40,16,14.31
景美,劍南路,40,16,15.64
景美,西湖,40,16,16.92
景美,港墘,45,18,17.75
景美,文德,45,18,18.76
景美,內湖,45,18,19.89
景美,大湖公園,50,20,20.37
景美,葫洲,45,18,18.75
景美,東湖,45,18,17.89
景美,南港軟體園區,40,16,16.85
景美,南港展覽館,40,16,16.21
景美,南港展覽館,40,16,16.21
景美,台大醫院,25,10,6.32
景美,台北車站,25,10,6.95
景美,台北車站,25,10,6.95
景美,中山,25,10,7.61
景美,中山,25,10,7.61
景美,民權西路,30,12,8.69
景美,民權西路,30,12,8.69
景美,小碧潭,20,8,3.94
景美,新店,20,8,4.01
景美,七張,20,8,2
景美,大坪林,20,8,1.15
景美,大坪林,20,8,1.15
景美,景美,20,8,0
景美,萬隆,20,8,1.06
景美,公館,20,8,2.62
景美,台電大樓,20,8,3.52
景美,古亭,20,8,4.4
景美,中正紀念堂,25,10,5.33
景美,頂溪,25,10,6.54
景美,永安市場,25,10,6.65
景美,景安,25,10,5.57
景美,景安,25,10,5.57
景美,南勢角,25,10,6.38
景美,雙連,30,12,8.16
景美,圓山,30,12,9.72
景美,劍潭,35,14,11.24
景美,士林,35,14,12.33
景美,芝山,35,14,13.43
景美,明德,40,16,14.31
景美,石牌,40,16,14.91
景美,唭哩岸,40,16,16.17
景美,奇岩,40,16,17
景美,北投,45,18,17.76
景美,新北投,45,18,18.79
景美,復興崗,45,18,19.37
景美,忠義,50,20,20.82
景美,關渡,50,20,21.69
景美,竹圍,55,22,23.83
景美,紅樹林,55,22,25.74
景美,淡水,60,24,27.83
景美,西門,25,10,6.91
景美,象山,30,12,10.15
景美,台北101/世貿,30,12,9.41
景美,信義安和,30,12,8.42
景美,大安森林公園,25,10,6.64
景美,北門,25,10,7.73
景美,東門,25,10,5.98
景美,新店區公所,20,8,2.9
景美,小南門,25,10,6.09
景美,松江南京,30,12,8.32
景美,松江南京,30,12,8.32
景美,忠孝新生,25,10,7.18
景美,忠孝新生,25,10,7.18
景美,頂埔,45,18,18.87
景美,永寧,40,16,16.92
景美,土城,40,16,15.81
景美,海山,40,16,14.35
景美,亞東醫院,35,14,12.7
景美,府中,35,14,11.42
景美,板橋,30,12,10.77
景美,板橋,30,12,10.77
景美,新埔,35,14,12.05
景美,江子翠,35,14,11.31
景美,龍山寺,30,12,8.23
景美,善導寺,25,10,7.63
景美,忠孝敦化,30,12,8.96
景美,國父紀念館,30,12,9.69
景美,市政府,30,12,10.53
景美,永春,35,14,11.52
景美,後山埤,35,14,12.33
景美,昆陽,35,14,13.7
景美,南港,40,16,15.12
景美,台北小巨蛋,30,12,10.25
景美,南京三民,35,14,11.45
景美,松山,35,14,12.8
景美,輔大,40,16,16.44
景美,新莊,40,16,14.7
景美,頭前庄,35,14,13.68
景美,頭前庄,35,14,13.68
景美,先嗇宮,40,16,14.26
景美,三重,35,14,12.54
景美,菜寮,35,14,11.67
景美,台北橋,30,12,10.68
景美,大橋頭,30,12,9.35
景美,中山國小,30,12,9.4
景美,行天宮,30,12,9.12
景美,蘆洲,40,16,15.36
景美,三民高中,40,16,14.2
景美,徐匯中學,35,14,13.29
景美,三和國中,35,14,12.46
景美,三重國小,35,14,11.23
景美,迴龍,45,18,19.21
景美,丹鳳,45,18,17.81
景美,十四張,20,8,2.7
景美,秀朗橋,20,8,3.59
景美,景平,20,8,4.49
景美,中和,25,10,7.1
景美,橋和,25,10,7.73
景美,中原,30,12,8.47
景美,板新,30,12,9.88
景美,新埔民生,35,14,12.05
景美,幸福,40,16,14.84
景美,新北產業園區,40,16,16.08
景美,廣慈/奉天宮,30,12,11.51
萬隆,松山機場,30,12,10.66
萬隆,中山國中,30,12,9.18
萬隆,科技大樓,25,10,7.12
萬隆,六張犁,30,12,8.25
萬隆,麟光,30,12,9.07
萬隆,辛亥,30,12,10.67
萬隆,萬芳醫院,35,14,11.43
萬隆,萬芳社區,35,14,12.57
萬隆,木柵,35,14,13.09
萬隆,動物園,35,14,13.77
萬隆,大安,25,10,6.37
萬隆,大安,25,10,6.37
萬隆,忠孝復興,25,10,7.24
萬隆,忠孝復興,25,10,7.24
萬隆,南京復興,30,12,8.25
萬隆,南京復興,30,12,8.25
萬隆,大直,35,14,13.25
萬隆,劍南路,40,16,14.58
萬隆,西湖,40,16,15.86
萬隆,港墘,40,16,16.69
萬隆,文德,45,18,17.7
萬隆,內湖,45,18,18.83
萬隆,大湖公園,45,18,19.31
萬隆,葫洲,45,18,17.69
萬隆,東湖,40,16,16.83
萬隆,南港軟體園區,40,16,15.79
萬隆,南港展覽館,40,16,15.15
萬隆,南港展覽館,40,16,15.15
萬隆,台大醫院,25,10,5.26
萬隆,台北車站,25,10,5.89
萬隆,台北車站,25,10,5.89
萬隆,中山,25,10,6.55
萬隆,中山,25,10,6.55
萬隆,民權西路,25,10,7.63
萬隆,民權西路,25,10,7.63
萬隆,小碧潭,20,8,5
萬隆,新店,25,10,5.07
萬隆,七張,20,8,3.06
萬隆,大坪林,20,8,2.21
萬隆,大坪林,20,8,2.21
萬隆,景美,20,8,1.06
萬隆,萬隆,20,8,0
萬隆,公館,20,8,1.56
萬隆,台電大樓,20,8,2.46
萬隆,古亭,20,8,3.34
萬隆,中正紀念堂,20,8,4.27
萬隆,頂溪,25,10,5.48
萬隆,永安市場,25,10,6.81
萬隆,景安,25,10,6.63
萬隆,景安,25,10,6.63
萬隆,南勢角,25,10,7.44
萬隆,雙連,25,10,7.1
萬隆,圓山,30,12,8.66
萬隆,劍潭,30,12,10.18
萬隆,士林,35,14,11.27
萬隆,芝山,35,14,12.37
萬隆,明德,35,14,13.25
萬隆,石牌,35,14,13.85
萬隆,唭哩岸,40,16,15.11
萬隆,奇岩,40,16,15.94
萬隆,北投,40,16,16.7
萬隆,新北投,45,18,17.73
萬隆,復興崗,45,18,18.31
萬隆,忠義,45,18,19.76
萬隆,關渡,50,20,20.63
萬隆,竹圍,50,20,22.77
萬隆,紅樹林,55,22,24.68
萬隆,淡水,55,22,26.77
萬隆,西門,25,10,5.85
萬隆,象山,30,12,9.09
萬隆,台北101/世貿,30,12,8.35
萬隆,信義安和,25,10,7.36
萬隆,大安森林公園,25,10,5.58
萬隆,北門,25,10,6.67
萬隆,東門,20,8,4.92
萬隆,新店區公所,20,8,3.96
萬隆,小南門,25,10,5.03
萬隆,松江南京,25,10,7.26
萬隆,松江南京,25,10,7.26
萬隆,忠孝新生,25,10,6.12
萬隆,忠孝新生,25,10,6.12
萬隆,頂埔,45,18,19.93
萬隆,永寧,45,18,17.98
萬隆,土城,40,16,16.87
萬隆,海山,40,16,15.41
萬隆,亞東醫院,35,14,13.76
萬隆,府中,35,14,12.48
萬隆,板橋,35,14,11.83
萬隆,板橋,35,14,11.83
萬隆,新埔,35,14,11.11
萬隆,江子翠,30,12,10.25
萬隆,龍山寺,25,10,7.17
萬隆,善導寺,25,10,6.57
萬隆,忠孝敦化,25,10,7.9
萬隆,國父紀念館,30,12,8.63
萬隆,市政府,30,12,9.47
萬隆,永春,30,12,10.46
萬隆,後山埤,35,14,11.27
萬隆,昆陽,35,14,12.64
萬隆,南港,40,16,14.06
萬隆,台北小巨蛋,30,12,9.19
萬隆,南京三民,30,12,10.39
萬隆,松山,35,14,11.74
萬隆,輔大,40,16,15.5
萬隆,新莊,35,14,13.76
萬隆,頭前庄,35,14,12.74
萬隆,頭前庄,35,14,12.74
萬隆,先嗇宮,35,14,13.2
萬隆,三重,35,14,11.48
萬隆,菜寮,30,12,10.61
萬隆,台北橋,30,12,9.62
萬隆,大橋頭,30,12,8.29
萬隆,中山國小,30,12,8.34
萬隆,行天宮,30,12,8.06
萬隆,蘆洲,40,16,14.3
萬隆,三民高中,35,14,13.14
萬隆,徐匯中學,35,14,12.23
萬隆,三和國中,35,14,11.4
萬隆,三重國小,30,12,10.17
萬隆,迴龍,45,18,18.27
萬隆,丹鳳,40,16,16.87
萬隆,十四張,20,8,3.76
萬隆,秀朗橋,20,8,4.65
萬隆,景平,25,10,5.55
萬隆,中和,30,12,8.16
萬隆,橋和,30,12,8.79
萬隆,中原,30,12,9.53
萬隆,板新,30,12,10.94
萬隆,新埔民生,35,14,11.11
萬隆,幸福,35,14,13.9
萬隆,新北產業園區,40,16,15.14
萬隆,廣慈/奉天宮,30,12,10.45
公館,松山機場,30,12,9.1
公館,中山國中,25,10,7.62
公館,科技大樓,25,10,5.56
公館,六張犁,25,10,6.69
公館,麟光,25,10,7.51
公館,辛亥,30,12,9.11
公館,萬芳醫院,30,12,9.87
公館,萬芳社區,35,14,11.01
公館,木柵,35,14,11.53
公館,動物園,35,14,12.21
公館,大安,20,8,4.81
公館,大安,20,8,4.81
公館,忠孝復興,25,10,5.68
公館,忠孝復興,25,10,5.68
公館,南京復興,25,10,6.69
公館,南京復興,25,10,6.69
公館,大直,35,14,11.69
公館,劍南路,35,14,13.02
公館,西湖,40,16,14.3
公館,港墘,40,16,15.13
公館,文德,40,16,16.14
公館,內湖,45,18,17.27
公館,大湖公園,45,18,17.75
公館,葫洲,40,16,16.13
公館,東湖,40,16,15.27
公館,南港軟體園區,40,16,14.23
公館,南港展覽館,35,14,13.59
公館,南港展覽館,35,14,13.59
公館,台大醫院,20,8,3.7
公館,台北車站,20,8,4.33
公館,台北車站,20,8,4.33
公館,中山,20,8,4.99
公館,中山,20,8,4.99
公館,民權西路,25,10,6.07
公館,民權西路,25,10,6.07
公館,小碧潭,25,10,6.56
公館,新店,25,10,6.63
公館,七張,20,8,4.62
公館,大坪林,20,8,3.77
公館,大坪林,20,8,3.77
公館,景美,20,8,2.62
公館,萬隆,20,8,1.56
公館,公館,20,8,0
公館,台電大樓,20,8,0.9
公館,古亭,20,8,1.78
公館,中正紀念堂,20,8,2.71
公館,頂溪,20,8,3.92
公館,永安市場,25,10,5.25
公館,景安,25,10,6.33
公館,景安,25,10,6.33
公館,南勢角,25,10,7.14
公館,雙連,25,10,5.54
公館,圓山,25,10,7.1
公館,劍潭,30,12,8.62
公館,士林,30,12,9.71
公館,芝山,30,12,10.81
公館,明德,35,14,11.69
公館,石牌,35,14,12.29
公館,唭哩岸,35,14,13.55
公館,奇岩,40,16,14.38
公館,北投,40,16,15.14
公館,新北投,40,16,16.17
公館,復興崗,40,16,16.75
公館,忠義,45,18,18.2
公館,關渡,45,18,19.07
公館,竹圍,50,20,21.21
公館,紅樹林,55,22,23.12
公館,淡水,55,22,25.21
公館,西門,20,8,4.29
公館,象山,25,10,7.53
公館,台北101/世貿,25,10,6.79
公館,信義安和,25,10,5.8
公館,大安森林公園,20,8,4.02
公館,北門,25,10,5.11
公館,東門,20,8,3.36
公館,新店區公所,25,10,5.52
公館,小南門,20,8,3.47
公館,松江南京,25,10,5.7
公館,松江南京,25,10,5.7
公館,忠孝新生,20,8,4.56
公館,忠孝新生,20,8,4.56
公館,頂埔,45,18,18.93
公館,永寧,40,16,16.98
公館,土城,40,16,15.87
公館,海山,40,16,14.41
公館,亞東醫院,35,14,12.76
公館,府中,35,14,11.48
公館,板橋,30,12,10.83
公館,板橋,30,12,10.83
公館,新埔,30,12,9.55
公館,江子翠,30,12,8.69
公館,龍山寺,25,10,5.61
公館,善導寺,25,10,5.01
公館,忠孝敦化,25,10,6.34
公館,國父紀念館,25,10,7.07
公館,市政府,25,10,7.91
公館,永春,30,12,8.9
公館,後山埤,30,12,9.71
公館,昆陽,35,14,11.08
公館,南港,35,14,12.5
公館,台北小巨蛋,25,10,7.63
公館,南京三民,30,12,8.83
公館,松山,30,12,10.18
公館,輔大,35,14,13.94
公館,新莊,35,14,12.2
公館,頭前庄,35,14,11.18
公館,頭前庄,35,14,11.18
公館,先嗇宮,35,14,11.64
公館,三重,30,12,9.92
公館,菜寮,30,12,9.05
公館,台北橋,30,12,8.06
公館,大橋頭,25,10,6.73
公館,中山國小,25,10,6.78
公館,行天宮,25,10,6.5
公館,蘆洲,35,14,12.74
公館,三民高中,35,14,11.58
公館,徐匯中學,30,12,10.67
公館,三和國中,30,12,9.84
公館,三重國小,30,12,8.61
公館,迴龍,40,16,16.71
公館,丹鳳,40,16,15.31
公館,十四張,25,10,5.32
公館,秀朗橋,25,10,6.21
公館,景平,25,10,7.11
公館,中和,25,10,7.86
公館,橋和,30,12,8.49
公館,中原,30,12,9.23
公館,板新,30,12,10.63
公館,新埔民生,30,12,9.55
公館,幸福,35,14,12.34
公館,新北產業園區,35,14,13.58
公館,廣慈/奉天宮,25,10,8.89
台電大樓,松山機場,30,12,8.2
台電大樓,中山國中,25,10,6.72
台電大樓,科技大樓,20,8,4.66
台電大樓,六張犁,25,10,5.79
台電大樓,麟光,25,10,6.61
台電大樓,辛亥,30,12,8.21
台電大樓,萬芳醫院,30,12,8.97
台電大樓,萬芳社區,30,12,10.11
台電大樓,木柵,30,12,10.63
台電大樓,動物園,35,14,11.31
台電大樓,大安,20,8,3.91
台電大樓,大安,20,8,3.91
台電大樓,忠孝復興,20,8,4.78
台電大樓,忠孝復興,20,8,4.78
台電大樓,南京復興,25,10,5.79
台電大樓,南京復興,25,10,5.79
台電大樓,大直,30,12,10.79
台電大樓,劍南路,35,14,12.12
台電大樓,西湖,35,14,13.4
台電大樓,港墘,40,16,14.23
台電大樓,文德,40,16,15.24
台電大樓,內湖,40,16,16.37
台電大樓,大湖公園,40,16,16.85
台電大樓,葫洲,40,16,15.23
台電大樓,東湖,40,16,14.37
台電大樓,南港軟體園區,35,14,13.33
台電大樓,南港展覽館,35,14,12.69
台電大樓,南港展覽館,35,14,12.69
台電大樓,台大醫院,20,8,2.8
台電大樓,台北車站,20,8,3.43
台電大樓,台北車站,20,8,3.43
台電大樓,中山,20,8,4.09
台電大樓,中山,20,8,4.09
台電大樓,民權西路,25,10,5.17
台電大樓,民權西路,25,10,5.17
台電大樓,小碧潭,25,10,7.46
台電大樓,新店,25,10,7.53
台電大樓,七張,25,10,5.52
台電大樓,大坪林,20,8,4.67
台電大樓,大坪林,20,8,4.67
台電大樓,景美,20,8,3.52
台電大樓,萬隆,20,8,2.46
台電大樓,公館,20,8,0.9
台電大樓,台電大樓,20,8,0
台電大樓,古亭,20,8,0.88
台電大樓,中正紀念堂,20,8,1.81
台電大樓,頂溪,20,8,3.02
台電大樓,永安市場,20,8,4.35
台電大樓,景安,25,10,5.43
台電大樓,景安,25,10,5.43
台電大樓,南勢角,25,10,6.24
台電大樓,雙連,20,8,4.64
台電大樓,圓山,25,10,6.2
台電大樓,劍潭,25,10,7.72
台電大樓,士林,30,12,8.81
台電大樓,芝山,30,12,9.91
台電大樓,明德,30,12,10.79
台電大樓,石牌,35,14,11.39
台電大樓,唭哩岸,35,14,12.65
台電大樓,奇岩,35,14,13.48
台電大樓,北投,40,16,14.24
台電大樓,新北投,40,16,15.27
台電大樓,復興崗,40,16,15.85
台電大樓,忠義,45,18,17.3
台電大樓,關渡,45,18,18.17
台電大樓,竹圍,50,20,20.31
台電大樓,紅樹林,50,20,22.22
台電大樓,淡水,55,22,24.31
台電大樓,西門,20,8,3.39
台電大樓,象山,25,10,6.63
台電大樓,台北101/世貿,25,10,5.89
台電大樓,信義安和,20,8,4.9
台電大樓,大安森林公園,20,8,3.12
台電大樓,北門,20,8,4.21
台電大樓,東門,20,8,2.46
台電大樓,新店區公所,25,10,6.42
台電大樓,小南門,20,8,2.57
台電大樓,松江南京,20,8,4.8
台電大樓,松江南京,20,8,4.8
台電大樓,忠孝新生,20,8,3.66
台電大樓,忠孝新生,20,8,3.66
台電大樓,頂埔,45,18,18.03
台電大樓,永寧,40,16,16.08
台電大樓,土城,40,16,14.97
台電大樓,海山,35,14,13.51
台電大樓,亞東醫院,35,14,11.86
台電大樓,府中,30,12,10.58
台電大樓,板橋,30,12,9.93
台電大樓,板橋,30,12,9.93
台電大樓,新埔,30,12,8.65
台電大樓,江子翠,25,10,7.79
台電大樓,龍山寺,20,8,4.71
台電大樓,善導寺,20,8,4.11
台電大樓,忠孝敦化,25,10,5.44
台電大樓,國父紀念館,25,10,6.17
台電大樓,市政府,25,10,7.01
台電大樓,永春,25,10,8
台電大樓,後山埤,30,12,8.81
台電大樓,昆陽,30,12,10.18
台電大樓,南港,35,14,11.6
台電大樓,台北小巨蛋,25,10,6.73
台電大樓,南京三民,25,10,7.93
台電大樓,松山,30,12,9.28
台電大樓,輔大,35,14,13.04
台電大樓,新莊,35,14,11.3
台電大樓,頭前庄,30,12,10.28
台電大樓,頭前庄,30,12,10.28
台電大樓,先嗇宮,30,12,10.74
台電大樓,三重,30,12,9.02
台電大樓,菜寮,30,12,8.15
台電大樓,台北橋,25,10,7.16
台電大樓,大橋頭,25,10,5.83
台電大樓,中山國小,25,10,5.88
台電大樓,行天宮,25,10,5.6
台電大樓,蘆洲,35,14,11.84
台電大樓,三民高中,30,12,10.68
台電大樓,徐匯中學,30,12,9.77
台電大樓,三和國中,30,12,8.94
台電大樓,三重國小,25,10,7.71
台電大樓,迴龍,40,16,15.81
台電大樓,丹鳳,40,16,14.41
台電大樓,十四張,25,10,6.22
台電大樓,秀朗橋,25,10,7.11
台電大樓,景平,25,10,6.52
台電大樓,中和,25,10,6.96
台電大樓,橋和,25,10,7.59
台電大樓,中原,30,12,8.33
台電大樓,板新,30,12,9.73
台電大樓,新埔民生,30,12,8.65
台電大樓,幸福,35,14,11.44
台電大樓,新北產業園區,35,14,12.68
台電大樓,廣慈/奉天宮,25,10,7.99
古亭,松山機場,25,10,7.32
古亭,中山國中,25,10,5.84
古亭,科技大樓,20,8,3.78
古亭,六張犁,20,8,4.91
古亭,麟光,25,10,5.73
古亭,辛亥,25,10,7.33
古亭,萬芳醫院,30,12,8.09
古亭,萬芳社區,30,12,9.23
古亭,木柵,30,12,9.75
古亭,動物園,30,12,10.43
古亭,大安,20,8,3.03
古亭,大安,20,8,3.03
古亭,忠孝復興,20,8,3.9
古亭,忠孝復興,20,8,3.9
古亭,南京復興,20,8,4.91
古亭,南京復興,20,8,4.91
古亭,大直,30,12,9.91
古亭,劍南路,35,14,11.24
古亭,西湖,35,14,12.52
古亭,港墘,35,14,13.35
古亭,文德,40,16,14.36
古亭,內湖,40,16,15.49
古亭,大湖公園,40,16,15.97
古亭,葫洲,40,16,14.35
古亭,東湖,35,14,13.49
古亭,南港軟體園區,35,14,12.45
古亭,南港展覽館,35,14,11.81
古亭,南港展覽館,35,14,11.81
古亭,台大醫院,20,8,1.92
古亭,台北車站,20,8,2.55
古亭,台北車站,20,8,2.55
古亭,中山,20,8,3.21
古亭,中山,20,8,3.21
古亭,民權西路,20,8,4.29
古亭,民權西路,20,8,4.29
古亭,小碧潭,30,12,8.34
古亭,新店,30,12,8.41
古亭,七張,25,10,6.4
古亭,大坪林,25,10,5.55
古亭,大坪林,25,10,5.55
古亭,景美,20,8,4.4
古亭,萬隆,20,8,3.34
古亭,公館,20,8,1.78
古亭,台電大樓,20,8,0.88
古亭,古亭,20,8,0
古亭,中正紀念堂,20,8,0.93
古亭,頂溪,20,8,2.14
古亭,永安市場,20,8,3.47
古亭,景安,20,8,4.55
古亭,景安,20,8,4.55
古亭,南勢角,25,10,5.36
古亭,雙連,20,8,3.76
古亭,圓山,25,10,5.32
古亭,劍潭,25,10,6.84
古亭,士林,25,10,7.93
古亭,芝山,30,12,9.03
古亭,明德,30,12,9.91
古亭,石牌,30,12,10.51
古亭,唭哩岸,35,14,11.77
古亭,奇岩,35,14,12.6
古亭,北投,35,14,13.36
古亭,新北投,40,16,14.39
古亭,復興崗,40,16,14.97
古亭,忠義,40,16,16.42
古亭,關渡,45,18,17.29
古亭,竹圍,45,18,19.43
古亭,紅樹林,50,20,21.34
古亭,淡水,55,22,23.43
古亭,西門,20,8,2.51
古亭,象山,25,10,5.75
古亭,台北101/世貿,25,10,5.01
古亭,信義安和,20,8,4.02
古亭,大安森林公園,20,8,2.24
古亭,北門,20,8,3.33
古亭,東門,20,8,1.58
古亭,新店區公所,25,10,7.3
古亭,小南門,20,8,1.69
古亭,松江南京,20,8,3.92
古亭,松江南京,20,8,3.92
古亭,忠孝新生,20,8,2.78
古亭,忠孝新生,20,8,2.78
古亭,頂埔,45,18,17.15
古亭,永寧,40,16,15.2
古亭,土城,40,16,14.09
古亭,海山,35,14,12.63
古亭,亞東醫院,30,12,10.98
古亭,府中,30,12,9.7
古亭,板橋,30,12,9.05
古亭,板橋,30,12,9.05
古亭,新埔,25,10,7.77
古亭,江子翠,25,10,6.91
古亭,龍山寺,20,8,3.83
古亭,善導寺,20,8,3.23
古亭,忠孝敦化,20,8,4.56
古亭,國父紀念館,25,10,5.29
古亭,市政府,25,10,6.13
古亭,永春,25,10,7.12
古亭,後山埤,25,10,7.93
古亭,昆陽,30,12,9.3
古亭,南港,30,12,10.72
古亭,台北小巨蛋,25,10,5.85
古亭,南京三民,25,10,7.05
古亭,松山,30,12,8.4
古亭,輔大,35,14,12.16
古亭,新莊,30,12,10.42
古亭,頭前庄,30,12,9.4
古亭,頭前庄,30,12,9.4
古亭,先嗇宮,30,12,9.86
古亭,三重,30,12,8.14
古亭,菜寮,25,10,7.27
古亭,台北橋,25,10,6.28
古亭,大橋頭,20,8,4.95
古亭,中山國小,25,10,5.01
古亭,行天宮,20,8,4.72
古亭,蘆洲,30,12,10.96
古亭,三民高中,30,12,9.8
古亭,徐匯中學,30,12,8.89
古亭,三和國中,30,12,8.06
古亭,三重國小,25,10,6.83
古亭,迴龍,40,16,14.93
古亭,丹鳳,35,14,13.53
古亭,十四張,25,10,7.1
古亭,秀朗橋,25,10,6.54
古亭,景平,25,10,5.64
古亭,中和,25,10,6.08
古亭,橋和,25,10,6.71
古亭,中原,25,10,7.45
古亭,板新,30,12,8.85
古亭,新埔民生,25,10,7.77
古亭,幸福,30,12,10.56
古亭,新北產業園區,35,14,11.8
古亭,廣慈/奉天宮,25,10,7.11
中正紀念堂,松山機場,25,10,6.98
中正紀念堂,中山國中,25,10,5.5
中正紀念堂,科技大樓,20,8,3.76
中正紀念堂,六張犁,20,8,4.9
中正紀念堂,麟光,25,10,5.72
中正紀念堂,辛亥,25,10,7.31
中正紀念堂,萬芳醫院,30,12,8.07
中正紀念堂,萬芳社區,30,12,9.22
中正紀念堂,木柵,30,12,9.73
中正紀念堂,動物園,30,12,10.41
中正紀念堂,大安,20,8,3.02
中正紀念堂,大安,20,8,3.02
中正紀念堂,忠孝復興,20,8,3.88
中正紀念堂,忠孝復興,20,8,3.88
中正紀念堂,南京復興,20,8,4.57
中正紀念堂,南京復興,20,8,4.57
中正紀念堂,大直,30,12,9.56
中正紀念堂,劍南路,30,12,10.89
中正紀念堂,西湖,35,14,12.18
中正紀念堂,港墘,35,14,13
中正紀念堂,文德,40,16,14.01
中正紀念堂,內湖,40,16,15.14
中正紀念堂,大湖公園,40,16,15.96
中正紀念堂,葫洲,40,16,14.33
中正紀念堂,東湖,35,14,13.48
中正紀念堂,南港軟體園區,35,14,12.44
中正紀念堂,南港展覽館,35,14,11.79
中正紀念堂,南港展覽館,35,14,11.79
中正紀念堂,台大醫院,20,8,0.99
中正紀念堂,台北車站,20,8,1.62
中正紀念堂,台北車站,20,8,1.62
中正紀念堂,中山,20,8,2.28
中正紀念堂,中山,20,8,2.28
中正紀念堂,民權西路,20,8,3.36
中正紀念堂,民權西路,20,8,3.36
中正紀念堂,小碧潭,30,12,9.27
中正紀念堂,新店,30,12,9.34
中正紀念堂,七張,25,10,7.33
中正紀念堂,大坪林,25,10,6.48
中正紀念堂,大坪林,25,10,6.48
中正紀念堂,景美,25,10,5.33
中正紀念堂,萬隆,20,8,4.27
中正紀念堂,公館,20,8,2.71
中正紀念堂,台電大樓,20,8,1.81
中正紀念堂,古亭,20,8,0.93
中正紀念堂,中正紀念堂,20,8,0
中正紀念堂,頂溪,20,8,3.07
中正紀念堂,永安市場,20,8,4.4
中正紀念堂,景安,25,10,5.48
中正紀念堂,景安,25,10,5.48
中正紀念堂,南勢角,25,10,6.29
中正紀念堂,雙連,20,8,2.83
中正紀念堂,圓山,20,8,4.39
中正紀念堂,劍潭,25,10,5.91
中正紀念堂,士林,25,10,7
中正紀念堂,芝山,30,12,8.1
中正紀念堂,明德,30,12,8.98
中正紀念堂,石牌,30,12,9.58
中正紀念堂,唭哩岸,30,12,10.84
中正紀念堂,奇岩,35,14,11.67
中正紀念堂,北投,35,14,12.43
中正紀念堂,新北投,35,14,13.46
中正紀念堂,復興崗,40,16,14.04
中正紀念堂,忠義,40,16,15.49
中正紀念堂,關渡,40,16,16.36
中正紀念堂,竹圍,45,18,18.5
中正紀念堂,紅樹林,50,20,20.41
中正紀念堂,淡水,50,20,22.5
中正紀念堂,西門,20,8,1.58
中正紀念堂,象山,25,10,5.73
中正紀念堂,台北101/世貿,20,8,5
中正紀念堂,信義安和,20,8,4
中正紀念堂,大安森林公園,20,8,2.23
中正紀念堂,北門,20,8,2.4
中正紀念堂,東門,20,8,1.56
中正紀念堂,新店區公所,30,12,8.23
中正紀念堂,小南門,20,8,0.76
中正紀念堂,松江南京,20,8,3.58
中正紀念堂,松江南京,20,8,3.58
中正紀念堂,忠孝新生,20,8,2.76
中正紀念堂,忠孝新生,20,8,2.76
中正紀念堂,頂埔,40,16,16.22
中正紀念堂,永寧,40,16,14.27
中正紀念堂,土城,35,14,13.16
中正紀念堂,海山,35,14,11.7
中正紀念堂,亞東醫院,30,12,10.05
中正紀念堂,府中,30,12,8.77
中正紀念堂,板橋,30,12,8.12
中正紀念堂,板橋,30,12,8.12
中正紀念堂,新埔,25,10,6.84
中正紀念堂,江子翠,25,10,5.98
中正紀念堂,龍山寺,20,8,2.9
中正紀念堂,善導寺,20,8,2.3
中正紀念堂,忠孝敦化,20,8,4.55
中正紀念堂,國父紀念館,25,10,5.28
中正紀念堂,市政府,25,10,6.12
中正紀念堂,永春,25,10,7.1
中正紀念堂,後山埤,25,10,7.92
中正紀念堂,昆陽,30,12,9.28
中正紀念堂,南港,30,12,10.7
中正紀念堂,台北小巨蛋,25,10,5.51
中正紀念堂,南京三民,25,10,6.7
中正紀念堂,松山,30,12,8.06
中正紀念堂,輔大,35,14,11.23
中正紀念堂,新莊,30,12,9.49
中正紀念堂,頭前庄,30,12,8.47
中正紀念堂,頭前庄,30,12,8.47
中正紀念堂,先嗇宮,30,12,8.93
中正紀念堂,三重,25,10,7.21
中正紀念堂,菜寮,25,10,6.34
中正紀念堂,台北橋,25,10,5.35
中正紀念堂,大橋頭,20,8,4.02
中正紀念堂,中山國小,20,8,4.07
中正紀念堂,行天宮,20,8,4.37
中正紀念堂,蘆洲,30,12,10.03
中正紀念堂,三民高中,30,12,8.87
中正紀念堂,徐匯中學,25,10,7.96
中正紀念堂,三和國中,25,10,7.13
中正紀念堂,三重國小,25,10,5.9
中正紀念堂,迴龍,35,14,14
中正紀念堂,丹鳳,35,14,12.6
中正紀念堂,十四張,30,12,8.03
中正紀念堂,秀朗橋,25,10,7.47
中正紀念堂,景平,25,10,6.57
中正紀念堂,中和,25,10,7.01
中正紀念堂,橋和,25,10,7.64
中正紀念堂,中原,30,12,8.38
中正紀念堂,板新,30,12,9.01
中正紀念堂,新埔民生,25,10,6.84
中正紀念堂,幸福,30,12,9.63
中正紀念堂,新北產業園區,30,12,10.87
中正紀念堂,廣慈/奉天宮,25,10,7.1
頂溪,松山機場,30,12,9.46
頂溪,中山國中,25,10,7.98
頂溪,科技大樓,25,10,5.92
頂溪,六張犁,25,10,7.05
頂溪,麟光,25,10,7.87
頂溪,辛亥,30,12,9.47
頂溪,萬芳醫院,30,12,10.23
頂溪,萬芳社區,35,14,11.37
頂溪,木柵,35,14,11.89
頂溪,動物園,35,14,12.57
頂溪,大安,25,10,5.17
頂溪,大安,25,10,5.17
頂溪,忠孝復興,25,10,6.04
頂溪,忠孝復興,25,10,6.04
頂溪,南京復興,25,10,7.05
頂溪,南京復興,25,10,7.05
頂溪,大直,35,14,12.05
頂溪,劍南路,35,14,13.38
頂溪,西湖,40,16,14.66
頂溪,港墘,40,16,15.49
頂溪,文德,40,16,16.5
頂溪,內湖,45,18,17.63
頂溪,大湖公園,45,18,18.11
頂溪,葫洲,40,16,16.49
頂溪,東湖,40,16,15.63
頂溪,南港軟體園區,40,16,14.59
頂溪,南港展覽館,35,14,13.95
頂溪,南港展覽館,35,14,13.95
頂溪,台大醫院,20,8,4.06
頂溪,台北車站,20,8,4.69
頂溪,台北車站,20,8,4.69
頂溪,中山,25,10,5.35
頂溪,中山,25,10,5.35
頂溪,民權西路,25,10,6.43
頂溪,民權西路,25,10,6.43
頂溪,小碧潭,30,12,9.63
頂溪,新店,30,12,9.69
頂溪,七張,25,10,7.68
頂溪,大坪林,25,10,6.83
頂溪,大坪林,25,10,6.83
頂溪,景美,25,10,6.54
頂溪,萬隆,25,10,5.48
頂溪,公館,20,8,3.92
頂溪,台電大樓,20,8,3.02
頂溪,古亭,20,8,2.14
頂溪,中正紀念堂,20,8,3.07
頂溪,頂溪,20,8,0
頂溪,永安市場,20,8,1.33
頂溪,景安,20,8,2.41
頂溪,景安,20,8,2.41
頂溪,南勢角,20,8,3.22
頂溪,雙連,25,10,5.9
頂溪,圓山,25,10,7.46
頂溪,劍潭,30,12,8.98
頂溪,士林,30,12,10.07
頂溪,芝山,35,14,11.17
頂溪,明德,35,14,12.05
頂溪,石牌,35,14,12.65
頂溪,唭哩岸,35,14,13.91
頂溪,奇岩,40,16,14.74
頂溪,北投,40,16,15.5
頂溪,新北投,40,16,16.53
頂溪,復興崗,45,18,17.11
頂溪,忠義,45,18,18.56
頂溪,關渡,45,18,19.43
頂溪,竹圍,50,20,21.57
頂溪,紅樹林,55,22,23.48
頂溪,淡水,55,22,25.57
頂溪,西門,20,8,4.65
頂溪,象山,25,10,7.89
頂溪,台北101/世貿,25,10,7.15
頂溪,信義安和,25,10,6.16
頂溪,大安森林公園,20,8,4.38
頂溪,北門,25,10,5.47
頂溪,東門,20,8,3.72
頂溪,新店區公所,30,12,8.58
頂溪,小南門,20,8,3.83
頂溪,松江南京,25,10,6.06
頂溪,松江南京,25,10,6.06
頂溪,忠孝新生,20,8,4.92
頂溪,忠孝新生,20,8,4.92
頂溪,頂埔,40,16,15.71
頂溪,永寧,35,14,13.76
頂溪,土城,35,14,12.65
頂溪,海山,35,14,11.18
頂溪,亞東醫院,30,12,9.54
頂溪,府中,30,12,8.26
頂溪,板橋,25,10,7.61
頂溪,板橋,25,10,7.61
頂溪,新埔,30,12,8.88
頂溪,江子翠,30,12,9.05
頂溪,龍山寺,25,10,5.97
頂溪,善導寺,25,10,5.37
頂溪,忠孝敦化,25,10,6.7
頂溪,國父紀念館,25,10,7.43
頂溪,市政府,30,12,8.27
頂溪,永春,30,12,9.26
頂溪,後山埤,30,12,10.07
頂溪,昆陽,35,14,11.44
頂溪,南港,35,14,12.86
頂溪,台北小巨蛋,25,10,7.99
頂溪,南京三民,30,12,9.19
頂溪,松山,30,12,10.54
頂溪,輔大,35,14,13.27
頂溪,新莊,35,14,11.54
頂溪,頭前庄,30,12,10.52
頂溪,頭前庄,30,12,10.52
頂溪,先嗇宮,35,14,11.79
頂溪,三重,30,12,10.28
頂溪,菜寮,30,12,9.41
頂溪,台北橋,30,12,8.42
頂溪,大橋頭,25,10,7.09
頂溪,中山國小,25,10,7.14
頂溪,行天宮,25,10,6.86
頂溪,蘆洲,35,14,13.1
頂溪,三民高中,35,14,11.94
頂溪,徐匯中學,35,14,11.03
頂溪,三和國中,30,12,10.2
頂溪,三重國小,30,12,8.97
頂溪,迴龍,40,16,16.04
頂溪,丹鳳,40,16,14.64
頂溪,十四張,25,10,5.28
頂溪,秀朗橋,20,8,4.4
頂溪,景平,20,8,3.5
頂溪,中和,20,8,3.94
頂溪,橋和,20,8,4.57
頂溪,中原,25,10,5.31
頂溪,板新,25,10,6.71
頂溪,新埔民生,30,12,8.88
頂溪,幸福,35,14,11.67
頂溪,新北產業園區,35,14,12.91
頂溪,廣慈/奉天宮,25,10,9.25
永安市場,松山機場,30,12,10.79
永安市場,中山國中,30,12,9.31
永安市場,科技大樓,25,10,7.25
永安市場,六張犁,30,12,8.38
永安市場,麟光,30,12,9.2
永安市場,辛亥,30,12,10.8
永安市場,萬芳醫院,35,14,11.56
永安市場,萬芳社區,35,14,12.7
永安市場,木柵,35,14,13.22
永安市場,動物園,35,14,13.9
永安市場,大安,25,10,6.5
永安市場,大安,25,10,6.5
永安市場,忠孝復興,25,10,7.37
永安市場,忠孝復興,25,10,7.37
永安市場,南京復興,30,12,8.38
永安市場,南京復興,30,12,8.38
永安市場,大直,35,14,13.38
永安市場,劍南路,40,16,14.71
永安市場,西湖,40,16,15.99
永安市場,港墘,40,16,16.82
永安市場,文德,45,18,17.83
永安市場,內湖,45,18,18.96
永安市場,大湖公園,45,18,19.44
永安市場,葫洲,45,18,17.82
永安市場,東湖,40,16,16.96
永安市場,南港軟體園區,40,16,15.92
永安市場,南港展覽館,40,16,15.28
永安市場,南港展覽館,40,16,15.28
永安市場,台大醫院,25,10,5.39
永安市場,台北車站,25,10,6.02
永安市場,台北車站,25,10,6.02
永安市場,中山,25,10,6.68
永安市場,中山,25,10,6.68
永安市場,民權西路,25,10,7.76
永安市場,民權西路,25,10,7.76
永安市場,小碧潭,30,12,8.3
永安市場,新店,30,12,8.36
永安市場,七張,25,10,6.35
永安市場,大坪林,25,10,5.5
永安市場,大坪林,25,10,5.5
永安市場,景美,25,10,6.65
永安市場,萬隆,25,10,6.81
永安市場,公館,25,10,5.25
永安市場,台電大樓,20,8,4.35
永安市場,古亭,20,8,3.47
永安市場,中正紀念堂,20,8,4.4
永安市場,頂溪,20,8,1.33
永安市場,永安市場,20,8,0
永安市場,景安,20,8,1.08
永安市場,景安,20,8,1.08
永安市場,南勢角,20,8,1.89
永安市場,雙連,25,10,7.23
永安市場,圓山,30,12,8.79
永安市場,劍潭,30,12,10.31
永安市場,士林,35,14,11.4
永安市場,芝山,35,14,12.5
永安市場,明德,35,14,13.38
永安市場,石牌,35,14,13.98
永安市場,唭哩岸,40,16,15.24
永安市場,奇岩,40,16,16.07
永安市場,北投,40,16,16.83
永安市場,新北投,45,18,17.86
永安市場,復興崗,45,18,18.44
永安市場,忠義,45,18,19.89
永安市場,關渡,50,20,20.76
永安市場,竹圍,50,20,22.9
永安市場,紅樹林,55,22,24.81
永安市場,淡水,55,22,26.9
永安市場,西門,25,10,5.98
永安市場,象山,30,12,9.22
永安市場,台北101/世貿,30,12,8.48
永安市場,信義安和,25,10,7.49
永安市場,大安森林公園,25,10,5.71
永安市場,北門,25,10,6.8
永安市場,東門,25,10,5.05
永安市場,新店區公所,25,10,7.25
永安市場,小南門,25,10,5.16
永安市場,松江南京,25,10,7.39
永安市場,松江南京,25,10,7.39
永安市場,忠孝新生,25,10,6.25
永安市場,忠孝新生,25,10,6.25
永安市場,頂埔,40,16,14.38
永安市場,永寧,35,14,12.43
永安市場,土城,35,14,11.32
永安市場,海山,30,12,9.85
永安市場,亞東醫院,30,12,8.21
永安市場,府中,25,10,6.93
永安市場,板橋,25,10,6.28
永安市場,板橋,25,10,6.28
永安市場,新埔,25,10,7.55
永安市場,江子翠,30,12,8.42
永安市場,龍山寺,25,10,7.3
永安市場,善導寺,25,10,6.7
永安市場,忠孝敦化,30,12,8.03
永安市場,國父紀念館,30,12,8.76
永安市場,市政府,30,12,9.6
永安市場,永春,30,12,10.59
永安市場,後山埤,35,14,11.4
永安市場,昆陽,35,14,12.77
永安市場,南港,40,16,14.19
永安市場,台北小巨蛋,30,12,9.32
永安市場,南京三民,30,12,10.52
永安市場,松山,35,14,11.87
永安市場,輔大,35,14,11.94
永安市場,新莊,30,12,10.21
永安市場,頭前庄,30,12,9.19
永安市場,頭前庄,30,12,9.19
永安市場,先嗇宮,30,12,10.46
永安市場,三重,35,14,11.61
永安市場,菜寮,30,12,10.74
永安市場,台北橋,30,12,9.75
永安市場,大橋頭,30,12,8.42
永安市場,中山國小,30,12,8.47
永安市場,行天宮,30,12,8.19
永安市場,蘆洲,40,16,14.43
永安市場,三民高中,35,14,13.27
永安市場,徐匯中學,35,14,12.36
永安市場,三和國中,35,14,11.53
永安市場,三重國小,30,12,10.3
永安市場,迴龍,40,16,14.71
永安市場,丹鳳,35,14,13.31
永安市場,十四張,20,8,3.95
永安市場,秀朗橋,20,8,3.07
永安市場,景平,20,8,2.17
永安市場,中和,20,8,2.61
永安市場,橋和,20,8,3.24
永安市場,中原,20,8,3.98
永安市場,板新,25,10,5.38
永安市場,新埔民生,25,10,7.55
永安市場,幸福,30,12,10.34
永安市場,新北產業園區,35,14,11.58
永安市場,廣慈/奉天宮,30,12,10.58
景安,松山機場,35,14,11.87
景安,松山機場,35,14,11.87
景安,中山國中,30,12,10.39
景安,中山國中,30,12,10.39
景安,科技大樓,30,12,8.33
景安,科技大樓,30,12,8.33
景安,六張犁,30,12,9.46
景安,六張犁,30,12,9.46
景安,麟光,30,12,10.28
景安,麟光,30,12,10.28
景安,辛亥,35,14,11.88
景安,辛亥,35,14,11.88
景安,萬芳醫院,35,14,12.64
景安,萬芳醫院,35,14,12.64
景安,萬芳社區,35,14,13.78
景安,萬芳社區,35,14,13.78
景安,木柵,40,16,14.3
景安,木柵,40,16,14.3
景安,動物園,40,16,14.98
景安,動物園,40,16,14.98
景安,大安,25,10,7.58
景安,大安,25,10,7.58
景安,大安,25,10,7.58
景安,大安,25,10,7.58
景安,忠孝復興,30,12,8.45
景安,忠孝復興,30,12,8.45
景安,忠孝復興,30,12,8.45
景安,忠孝復興,30,12,8.45
景安,南京復興,30,12,9.46
景安,南京復興,30,12,9.46
景安,南京復興,30,12,9.46
景安,南京復興,30,12,9.46
景安,大直,40,16,14.46
景安,大直,40,16,14.46
景安,劍南路,40,16,15.79
景安,劍南路,40,16,15.79
景安,西湖,45,18,17.07
景安,西湖,45,18,17.07
景安,港墘,45,18,17.9
景安,港墘,45,18,17.9
景安,文德,45,18,18.91
景安,文德,45,18,18.91
景安,內湖,50,20,20.04
景安,內湖,50,20,20.04
景安,大湖公園,50,20,20.52
景安,大湖公園,50,20,20.52
景安,葫洲,45,18,18.9
景安,葫洲,45,18,18.9
景安,東湖,45,18,18.04
景安,東湖,45,18,18.04
景安,南港軟體園區,45,18,17.01
景安,南港軟體園區,45,18,17.01
景安,南港展覽館,40,16,16.36
景安,南港展覽館,40,16,16.36
景安,南港展覽館,40,16,16.36
景安,南港展覽館,40,16,16.36
景安,台大醫院,25,10,6.47
景安,台大醫院,25,10,6.47
景安,台北車站,25,10,7.1
景安,台北車站,25,10,7.1
景安,台北車站,25,10,7.1
景安,台北車站,25,10,7.1
景安,中山,25,10,7.76
景安,中山,25,10,7.76
景安,中山,25,10,7.76
景安,中山,25,10,7.76
景安,民權西路,30,12,8.84
景安,民權西路,30,12,8.84
景安,民權西路,30,12,8.84
景安,民權西路,30,12,8.84
景安,小碧潭,25,10,7.22
景安,小碧潭,25,10,7.22
景安,新店,25,10,7.28
景安,新店,25,10,7.28
景安,七張,25,10,5.27
景安,七張,25,10,5.27
景安,大坪林,20,8,4.42
景安,大坪林,20,8,4.42
景安,大坪林,20,8,4.42
景安,大坪林,20,8,4.42
景安,景美,25,10,5.57
景安,景美,25,10,5.57
景安,萬隆,25,10,6.63
景安,萬隆,25,10,6.63
景安,公館,25,10,6.33
景安,公館,25,10,6.33
景安,台電大樓,25,10,5.43
景安,台電大樓,25,10,5.43
景安,古亭,20,8,4.55
景安,古亭,20,8,4.55
景安,中正紀念堂,25,10,5.48
景安,中正紀念堂,25,10,5.48
景安,頂溪,20,8,2.41
景安,頂溪,20,8,2.41
景安,永安市場,20,8,1.08
景安,永安市場,20,8,1.08
景安,景安,20,8,0
景安,景安,20,8,0
景安,景安,20,8,0
景安,景安,20,8,0
景安,南勢角,20,8,0.81
景安,南勢角,20,8,0.81
景安,雙連,30,12,8.31
景安,雙連,30,12,8.31
景安,圓山,30,12,9.87
景安,圓山,30,12,9.87
景安,劍潭,35,14,11.39
景安,劍潭,35,14,11.39
景安,士林,35,14,12.48
景安,士林,35,14,12.48
景安,芝山,35,14,13.58
景安,芝山,35,14,13.58
景安,明德,40,16,14.46
景安,明德,40,16,14.46
景安,石牌,40,16,15.06
景安,石牌,40,16,15.06
景安,唭哩岸,40,16,16.32
景安,唭哩岸,40,16,16.32
景安,奇岩,45,18,17.15
景安,奇岩,45,18,17.15
景安,北投,45,18,17.91
景安,北投,45,18,17.91
景安,新北投,45,18,18.94
景安,新北投,45,18,18.94
景安,復興崗,45,18,19.52
景安,復興崗,45,18,19.52
景安,忠義,50,20,20.97
景安,忠義,50,20,20.97
景安,關渡,50,20,21.84
景安,關渡,50,20,21.84
景安,竹圍,55,22,23.98
景安,竹圍,55,22,23.98
景安,紅樹林,55,22,25.89
景安,紅樹林,55,22,25.89
景安,淡水,60,24,27.98
景安,淡水,60,24,27.98
景安,西門,25,10,7.06
景安,西門,25,10,7.06
景安,象山,30,12,10.3
景安,象山,30,12,10.3
景安,台北101/世貿,30,12,9.56
景安,台北101/世貿,30,12,9.56
景安,信義安和,30,12,8.57
景安,信義安和,30,12,8.57
景安,大安森林公園,25,10,6.79
景安,大安森林公園,25,10,6.79
景安,北門,25,10,7.88
景安,北門,25,10,7.88
景安,東門,25,10,6.13
景安,東門,25,10,6.13
景安,新店區公所,25,10,6.17
景安,新店區公所,25,10,6.17
景安,小南門,25,10,6.24
景安,小南門,25,10,6.24
景安,松江南京,30,12,8.47
景安,松江南京,30,12,8.47
景安,松江南京,30,12,8.47
景安,松江南京,30,12,8.47
景安,忠孝新生,25,10,7.33
景安,忠孝新生,25,10,7.33
景安,忠孝新生,25,10,7.33
景安,忠孝新生,25,10,7.33
景安,頂埔,35,14,13.3
景安,頂埔,35,14,13.3
景安,永寧,35,14,11.35
景安,永寧,35,14,11.35
景安,土城,30,12,10.24
景安,土城,30,12,10.24
景安,海山,30,12,8.77
景安,海山,30,12,8.77
景安,亞東醫院,25,10,7.13
景安,亞東醫院,25,10,7.13
景安,府中,25,10,5.85
景安,府中,25,10,5.85
景安,板橋,25,10,5.2
景安,板橋,25,10,5.2
景安,板橋,25,10,5.2
景安,板橋,25,10,5.2
景安,新埔,25,10,6.47
景安,新埔,25,10,6.47
景安,江子翠,25,10,7.34
景安,江子翠,25,10,7.34
景安,龍山寺,30,12,8.38
景安,龍山寺,30,12,8.38
景安,善導寺,25,10,7.78
景安,善導寺,25,10,7.78
景安,忠孝敦化,30,12,9.11
景安,忠孝敦化,30,12,9.11
景安,國父紀念館,30,12,9.84
景安,國父紀念館,30,12,9.84
景安,市政府,30,12,10.68
景安,市政府,30,12,10.68
景安,永春,35,14,11.67
景安,永春,35,14,11.67
景安,後山埤,35,14,12.48
景安,後山埤,35,14,12.48
景安,昆陽,35,14,13.85
景安,昆陽,35,14,13.85
景安,南港,40,16,15.27
景安,南港,40,16,15.27
景安,台北小巨蛋,30,12,10.4
景安,台北小巨蛋,30,12,10.4
景安,南京三民,35,14,11.6
景安,南京三民,35,14,11.6
景安,松山,35,14,12.95
景安,松山,35,14,12.95
景安,輔大,30,12,10.86
景安,輔大,30,12,10.86
景安,新莊,30,12,9.13
景安,新莊,30,12,9.13
景安,頭前庄,30,12,8.11
景安,頭前庄,30,12,8.11
景安,頭前庄,30,12,8.11
景安,頭前庄,30,12,8.11
景安,先嗇宮,30,12,9.38
景安,先嗇宮,30,12,9.38
景安,三重,35,14,11.1
景安,三重,35,14,11.1
景安,菜寮,35,14,11.82
景安,菜寮,35,14,11.82
景安,台北橋,30,12,10.83
景安,台北橋,30,12,10.83
景安,大橋頭,30,12,9.5
景安,大橋頭,30,12,9.5
景安,中山國小,30,12,9.55
景安,中山國小,30,12,9.55
景安,行天宮,30,12,9.27
景安,行天宮,30,12,9.27
景安,蘆洲,40,16,15.51
景安,蘆洲,40,16,15.51
景安,三民高中,40,16,14.35
景安,三民高中,40,16,14.35
景安,徐匯中學,35,14,13.44
景安,徐匯中學,35,14,13.44
景安,三和國中,35,14,12.61
景安,三和國中,35,14,12.61
景安,三重國小,35,14,11.38
景安,三重國小,35,14,11.38
景安,迴龍,35,14,13.63
景安,迴龍,35,14,13.63
景安,丹鳳,35,14,12.23
景安,丹鳳,35,14,12.23
景安,十四張,20,8,2.87
景安,十四張,20,8,2.87
景安,秀朗橋,20,8,1.99
景安,秀朗橋,20,8,1.99
景安,景平,20,8,1.09
景安,景平,20,8,1.09
景安,中和,20,8,1.53
景安,中和,20,8,1.53
景安,橋和,20,8,2.16
景安,橋和,20,8,2.16
景安,中原,20,8,2.9
景安,中原,20,8,2.9
景安,板新,20,8,4.3
景安,板新,20,8,4.3
景安,新埔民生,25,10,6.47
景安,新埔民生,25,10,6.47
景安,幸福,30,12,9.26
景安,幸福,30,12,9.26
景安,新北產業園區,30,12,10.5
景安,新北產業園區,30,12,10.5
景安,廣慈/奉天宮,30,12,11.66
景安,廣慈/奉天宮,30,12,11.66
南勢角,松山機場,35,14,12.68
南勢角,中山國中,35,14,11.2
南勢角,科技大樓,30,12,9.14
南勢角,六張犁,30,12,10.27
南勢角,麟光,35,14,11.09
南勢角,辛亥,35,14,12.69
南勢角,萬芳醫院,35,14,13.45
南勢角,萬芳社區,40,16,14.59
南勢角,木柵,40,16,15.11
南勢角,動物園,40,16,15.79
南勢角,大安,30,12,8.39
南勢角,大安,30,12,8.39
南勢角,忠孝復興,30,12,9.26
南勢角,忠孝復興,30,12,9.26
南勢角,南京復興,30,12,10.27
南勢角,南京復興,30,12,10.27
南勢角,大直,40,16,15.27
南勢角,劍南路,40,16,16.6
南勢角,西湖,45,18,17.88
南勢角,港墘,45,18,18.71
南勢角,文德,45,18,19.72
南勢角,內湖,50,20,20.85
南勢角,大湖公園,50,20,21.33
南勢角,葫洲,45,18,19.71
南勢角,東湖,45,18,18.85
南勢角,南港軟體園區,45,18,17.81
南勢角,南港展覽館,45,18,17.17
南勢角,南港展覽館,45,18,17.17
南勢角,台大醫院,25,10,7.28
南勢角,台北車站,25,10,7.91
南勢角,台北車站,25,10,7.91
南勢角,中山,30,12,8.57
南勢角,中山,30,12,8.57
南勢角,民權西路,30,12,9.65
南勢角,民權西路,30,12,9.65
南勢角,小碧潭,30,12,8.03
南勢角,新店,30,12,8.09
南勢角,七張,25,10,6.08
南勢角,大坪林,25,10,5.23
南勢角,大坪林,25,10,5.23
南勢角,景美,25,10,6.38
南勢角,萬隆,25,10,7.44
南勢角,公館,25,10,7.14
南勢角,台電大樓,25,10,6.24
南勢角,古亭,25,10,5.36
南勢角,中正紀念堂,25,10,6.29
南勢角,頂溪,20,8,3.22
南勢角,永安市場,20,8,1.89
南勢角,景安,20,8,0.81
南勢角,景安,20,8,0.81
南勢角,南勢角,20,8,0
南勢角,雙連,30,12,9.12
南勢角,圓山,30,12,10.68
南勢角,劍潭,35,14,12.2
南勢角,士林,35,14,13.29
南勢角,芝山,40,16,14.39
南勢角,明德,40,16,15.27
南勢角,石牌,40,16,15.87
南勢角,唭哩岸,45,18,17.13
南勢角,奇岩,45,18,17.96
南勢角,北投,45,18,18.72
南勢角,新北投,45,18,19.75
南勢角,復興崗,50,20,20.33
南勢角,忠義,50,20,21.78
南勢角,關渡,50,20,22.65
南勢角,竹圍,55,22,24.79
南勢角,紅樹林,55,22,26.7
南勢角,淡水,60,24,28.79
南勢角,西門,25,10,7.87
南勢角,象山,35,14,11.11
南勢角,台北101/世貿,30,12,10.37
南勢角,信義安和,30,12,9.38
南勢角,大安森林公園,25,10,7.6
南勢角,北門,30,12,8.69
南勢角,東門,25,10,6.94
南勢角,新店區公所,25,10,6.98
南勢角,小南門,25,10,7.05
南勢角,松江南京,30,12,9.28
南勢角,松江南京,30,12,9.28
南勢角,忠孝新生,30,12,8.14
南勢角,忠孝新生,30,12,8.14
南勢角,頂埔,40,16,14.11
南勢角,永寧,35,14,12.16
南勢角,土城,35,14,11.05
南勢角,海山,30,12,9.58
南勢角,亞東醫院,25,10,7.94
南勢角,府中,25,10,6.66
南勢角,板橋,25,10,6.01
南勢角,板橋,25,10,6.01
南勢角,新埔,25,10,7.28
南勢角,江子翠,30,12,8.15
南勢角,龍山寺,30,12,9.19
南勢角,善導寺,30,12,8.59
南勢角,忠孝敦化,30,12,9.92
南勢角,國父紀念館,30,12,10.65
南勢角,市政府,35,14,11.49
南勢角,永春,35,14,12.48
南勢角,後山埤,35,14,13.29
南勢角,昆陽,40,16,14.66
南勢角,南港,40,16,16.08
南勢角,台北小巨蛋,35,14,11.21
南勢角,南京三民,35,14,12.41
南勢角,松山,35,14,13.76
南勢角,輔大,35,14,11.67
南勢角,新莊,30,12,9.94
南勢角,頭前庄,30,12,8.92
南勢角,頭前庄,30,12,8.92
南勢角,先嗇宮,30,12,10.19
南勢角,三重,35,14,11.91
南勢角,菜寮,35,14,12.63
南勢角,台北橋,35,14,11.64
南勢角,大橋頭,30,12,10.31
南勢角,中山國小,30,12,10.36
南勢角,行天宮,30,12,10.08
南勢角,蘆洲,40,16,16.32
南勢角,三民高中,40,16,15.16
南勢角,徐匯中學,40,16,14.25
南勢角,三和國中,35,14,13.42
南勢角,三重國小,35,14,12.19
南勢角,迴龍,40,16,14.44
南勢角,丹鳳,35,14,13.04
南勢角,十四張,20,8,3.68
南勢角,秀朗橋,20,8,2.8
南勢角,景平,20,8,1.9
南勢角,中和,20,8,2.34
南勢角,橋和,20,8,2.97
南勢角,中原,20,8,3.71
南勢角,板新,25,10,5.11
南勢角,新埔民生,25,10,7.28
南勢角,幸福,30,12,10.07
南勢角,新北產業園區,35,14,11.31
南勢角,廣慈/奉天宮,35,14,12.47
雙連,松山機場,25,10,5.25
雙連,中山國中,20,8,3.77
雙連,科技大樓,25,10,5.59
雙連,六張犁,25,10,6.72
雙連,麟光,25,10,7.54
雙連,辛亥,30,12,9.14
雙連,萬芳醫院,30,12,9.9
雙連,萬芳社區,35,14,11.04
雙連,木柵,35,14,11.56
雙連,動物園,35,14,12.24
雙連,大安,20,8,4.84
雙連,大安,20,8,4.84
雙連,忠孝復興,20,8,3.95
雙連,忠孝復興,20,8,3.95
雙連,南京復興,20,8,2.84
雙連,南京復興,20,8,2.84
雙連,大直,25,10,7.83
雙連,劍南路,30,12,9.16
雙連,西湖,30,12,10.45
雙連,港墘,35,14,11.27
雙連,文德,35,14,12.28
雙連,內湖,35,14,13.41
雙連,大湖公園,40,16,14.28
雙連,葫洲,40,16,14.4
雙連,東湖,35,14,13.55
雙連,南港軟體園區,35,14,12.51
雙連,南港展覽館,35,14,11.86
雙連,南港展覽館,35,14,11.86
雙連,台大醫院,20,8,1.84
雙連,台北車站,20,8,1.21
雙連,台北車站,20,8,1.21
雙連,中山,20,8,0.55
雙連,中山,20,8,0.55
雙連,民權西路,20,8,0.53
雙連,民權西路,20,8,0.53
雙連,小碧潭,35,14,12.1
雙連,新店,35,14,12.17
雙連,七張,30,12,10.16
雙連,大坪林,30,12,9.31
雙連,大坪林,30,12,9.31
雙連,景美,30,12,8.16
雙連,萬隆,25,10,7.1
雙連,公館,25,10,5.54
雙連,台電大樓,20,8,4.64
雙連,古亭,20,8,3.76
雙連,中正紀念堂,20,8,2.83
雙連,頂溪,25,10,5.9
雙連,永安市場,25,10,7.23
雙連,景安,30,12,8.31
雙連,景安,30,12,8.31
雙連,南勢角,30,12,9.12
雙連,雙連,20,8,0
雙連,圓山,20,8,1.56
雙連,劍潭,20,8,3.08
雙連,士林,20,8,4.17
雙連,芝山,25,10,5.27
雙連,明德,25,10,6.15
雙連,石牌,25,10,6.75
雙連,唭哩岸,30,12,8.01
雙連,奇岩,30,12,8.84
雙連,北投,30,12,9.6
雙連,新北投,30,12,10.63
雙連,復興崗,35,14,11.21
雙連,忠義,35,14,12.66
雙連,關渡,35,14,13.53
雙連,竹圍,40,16,15.67
雙連,紅樹林,45,18,17.58
雙連,淡水,45,18,19.67
雙連,西門,20,8,2.56
雙連,象山,25,10,7.56
雙連,台北101/世貿,25,10,6.83
雙連,信義安和,25,10,5.83
雙連,大安森林公園,20,8,4.7
雙連,北門,20,8,1.81
雙連,東門,20,8,4.03
雙連,新店區公所,35,14,11.06
雙連,小南門,20,8,3.38
雙連,松江南京,20,8,1.85
雙連,松江南京,20,8,1.85
雙連,忠孝新生,20,8,2.83
雙連,忠孝新生,20,8,2.83
雙連,頂埔,45,18,17.2
雙連,永寧,40,16,15.25
雙連,土城,40,16,14.14
雙連,海山,35,14,12.67
雙連,亞東醫院,35,14,11.03
雙連,府中,30,12,9.75
雙連,板橋,30,12,9.1
雙連,板橋,30,12,9.1
雙連,新埔,25,10,7.82
雙連,江子翠,25,10,6.95
雙連,龍山寺,20,8,3.87
雙連,善導寺,20,8,1.89
雙連,忠孝敦化,20,8,4.62
雙連,國父紀念館,25,10,5.35
雙連,市政府,25,10,6.19
雙連,永春,25,10,7.17
雙連,後山埤,25,10,7.99
雙連,昆陽,30,12,9.35
雙連,南港,30,12,10.77
雙連,台北小巨蛋,20,8,3.78
雙連,南京三民,20,8,4.97
雙連,松山,25,10,6.33
雙連,輔大,30,12,10.13
雙連,新莊,30,12,8.39
雙連,頭前庄,25,10,7.38
雙連,頭前庄,25,10,7.38
雙連,先嗇宮,25,10,6.1
雙連,三重,20,8,4.38
雙連,菜寮,20,8,3.51
雙連,台北橋,20,8,2.52
雙連,大橋頭,20,8,1.19
雙連,中山國小,20,8,1.24
雙連,行天宮,20,8,2.19
雙連,蘆洲,25,10,7.2
雙連,三民高中,25,10,6.04
雙連,徐匯中學,25,10,5.13
雙連,三和國中,20,8,4.3
雙連,三重國小,20,8,3.07
雙連,迴龍,35,14,12.9
雙連,丹鳳,35,14,11.5
雙連,十四張,30,12,10.86
雙連,秀朗橋,30,12,10.3
雙連,景平,30,12,9.4
雙連,中和,30,12,9.84
雙連,橋和,30,12,10.47
雙連,中原,35,14,11.21
雙連,板新,30,12,9.99
雙連,新埔民生,25,10,7.82
雙連,幸福,30,12,8.53
雙連,新北產業園區,30,12,9.77
雙連,廣慈/奉天宮,25,10,8.92
圓山,松山機場,25,10,6.81
圓山,中山國中,25,10,5.33
圓山,科技大樓,25,10,7.15
圓山,六張犁,30,12,8.28
圓山,麟光,30,12,9.1
圓山,辛亥,30,12,10.7
圓山,萬芳醫院,35,14,11.46
圓山,萬芳社區,35,14,12.6
圓山,木柵,35,14,13.12
圓山,動物園,35,14,13.8
圓山,大安,25,10,6.4
圓山,大安,25,10,6.4
圓山,忠孝復興,25,10,5.51
圓山,忠孝復興,25,10,5.51
圓山,南京復興,20,8,4.4
圓山,南京復興,20,8,4.4
圓山,大直,30,12,9.39
圓山,劍南路,30,12,10.72
圓山,西湖,35,14,12.01
圓山,港墘,35,14,12.83
圓山,文德,35,14,13.84
圓山,內湖,40,16,14.97
圓山,大湖公園,40,16,15.84
圓山,葫洲,40,16,15.96
圓山,東湖,40,16,15.11
圓山,南港軟體園區,40,16,14.07
圓山,南港展覽館,35,14,13.42
圓山,南港展覽館,35,14,13.42
圓山,台大醫院,20,8,3.4
圓山,台北車站,20,8,2.77
圓山,台北車站,20,8,2.77
圓山,中山,20,8,2.11
圓山,中山,20,8,2.11
圓山,民權西路,20,8,1.03
圓山,民權西路,20,8,1.03
圓山,小碧潭,35,14,13.66
圓山,新店,35,14,13.73
圓山,七張,35,14,11.72
圓山,大坪林,30,12,10.87
圓山,大坪林,30,12,10.87
圓山,景美,30,12,9.72
圓山,萬隆,30,12,8.66
圓山,公館,25,10,7.1
圓山,台電大樓,25,10,6.2
圓山,古亭,25,10,5.32
圓山,中正紀念堂,20,8,4.39
圓山,頂溪,25,10,7.46
圓山,永安市場,30,12,8.79
圓山,景安,30,12,9.87
圓山,景安,30,12,9.87
圓山,南勢角,30,12,10.68
圓山,雙連,20,8,1.56
圓山,圓山,20,8,0
圓山,劍潭,20,8,1.52
圓山,士林,20,8,2.61
圓山,芝山,20,8,3.71
圓山,明德,20,8,4.59
圓山,石牌,25,10,5.19
圓山,唭哩岸,25,10,6.45
圓山,奇岩,25,10,7.28
圓山,北投,30,12,8.04
圓山,新北投,30,12,9.07
圓山,復興崗,30,12,9.65
圓山,忠義,35,14,11.1
圓山,關渡,35,14,11.97
圓山,竹圍,40,16,14.11
圓山,紅樹林,40,16,16.02
圓山,淡水,45,18,18.11
圓山,西門,20,8,4.12
圓山,象山,30,12,9.12
圓山,台北101/世貿,30,12,8.39
圓山,信義安和,25,10,7.39
圓山,大安森林公園,25,10,6.26
圓山,北門,20,8,3.37
圓山,東門,25,10,5.59
圓山,新店區公所,35,14,12.62
圓山,小南門,20,8,4.94
圓山,松江南京,20,8,3.41
圓山,松江南京,20,8,3.41
圓山,忠孝新生,20,8,4.39
圓山,忠孝新生,20,8,4.39
圓山,頂埔,45,18,18.76
圓山,永寧,40,16,16.81
圓山,土城,40,16,15.7
圓山,海山,40,16,14.23
圓山,亞東醫院,35,14,12.59
圓山,府中,35,14,11.31
圓山,板橋,30,12,10.66
圓山,板橋,30,12,10.66
圓山,新埔,30,12,9.38
圓山,江子翠,30,12,8.51
圓山,龍山寺,25,10,5.43
圓山,善導寺,20,8,3.45
圓山,忠孝敦化,25,10,6.18
圓山,國父紀念館,25,10,6.91
圓山,市政府,25,10,7.75
圓山,永春,30,12,8.73
圓山,後山埤,30,12,9.55
圓山,昆陽,30,12,10.91
圓山,南港,35,14,12.33
圓山,台北小巨蛋,25,10,5.34
圓山,南京三民,25,10,6.53
圓山,松山,25,10,7.89
圓山,輔大,30,12,10.63
圓山,新莊,30,12,8.89
圓山,頭前庄,25,10,7.88
圓山,頭前庄,25,10,7.88
圓山,先嗇宮,25,10,6.6
圓山,三重,20,8,4.88
圓山,菜寮,20,8,4.01
圓山,台北橋,20,8,3.02
圓山,大橋頭,20,8,1.69
圓山,中山國小,20,8,1.74
圓山,行天宮,20,8,2.69
圓山,蘆洲,25,10,7.7
圓山,三民高中,25,10,6.54
圓山,徐匯中學,25,10,5.63
圓山,三和國中,20,8,4.8
圓山,三重國小,20,8,3.57
圓山,迴龍,35,14,13.4
圓山,丹鳳,35,14,12
圓山,十四張,35,14,12.42
圓山,秀朗橋,35,14,11.86
圓山,景平,30,12,10.96
圓山,中和,35,14,11.4
圓山,橋和,35,14,12.03
圓山,中原,35,14,12.77
圓山,板新,35,14,11.55
圓山,新埔民生,30,12,9.38
圓山,幸福,30,12,9.03
圓山,新北產業園區,30,12,10.27
圓山,廣慈/奉天宮,30,12,10.48
劍潭,松山機場,30,12,8.33
劍潭,中山國中,25,10,6.85
劍潭,科技大樓,30,12,8.67
劍潭,六張犁,30,12,9.8
劍潭,麟光,30,12,10.62
劍潭,辛亥,35,14,12.22
劍潭,萬芳醫院,35,14,12.98
劍潭,萬芳社區,40,16,14.12
劍潭,木柵,40,16,14.64
劍潭,動物園,40,16,15.32
劍潭,大安,25,10,7.92
劍潭,大安,25,10,7.92
劍潭,忠孝復興,25,10,7.03
劍潭,忠孝復興,25,10,7.03
劍潭,南京復興,25,10,5.92
劍潭,南京復興,25,10,5.92
劍潭,大直,30,12,10.91
劍潭,劍南路,35,14,12.24
劍潭,西湖,35,14,13.53
劍潭,港墘,40,16,14.35
劍潭,文德,40,16,15.36
劍潭,內湖,40,16,16.49
劍潭,大湖公園,45,18,17.36
劍潭,葫洲,45,18,17.48
劍潭,東湖,40,16,16.63
劍潭,南港軟體園區,40,16,15.59
劍潭,南港展覽館,40,16,14.94
劍潭,南港展覽館,40,16,14.94
劍潭,台大醫院,20,8,4.92
劍潭,台北車站,20,8,4.29
劍潭,台北車站,20,8,4.29
劍潭,中山,20,8,3.63
劍潭,中山,20,8,3.63
劍潭,民權西路,20,8,2.55
劍潭,民權西路,20,8,2.55
劍潭,小碧潭,40,16,15.18
劍潭,新店,40,16,15.25
劍潭,七張,35,14,13.24
劍潭,大坪林,35,14,12.39
劍潭,大坪林,35,14,12.39
劍潭,景美,35,14,11.24
劍潭,萬隆,30,12,10.18
劍潭,公館,30,12,8.62
劍潭,台電大樓,25,10,7.72
劍潭,古亭,25,10,6.84
劍潭,中正紀念堂,25,10,5.91
劍潭,頂溪,30,12,8.98
劍潭,永安市場,30,12,10.31
劍潭,景安,35,14,11.39
劍潭,景安,35,14,11.39
劍潭,南勢角,35,14,12.2
劍潭,雙連,20,8,3.08
劍潭,圓山,20,8,1.52
劍潭,劍潭,20,8,0
劍潭,士林,20,8,1.09
劍潭,芝山,20,8,2.19
劍潭,明德,20,8,3.07
劍潭,石牌,20,8,3.67
劍潭,唭哩岸,20,8,4.93
劍潭,奇岩,25,10,5.76
劍潭,北投,25,10,6.52
劍潭,新北投,25,10,7.55
劍潭,復興崗,30,12,8.13
劍潭,忠義,30,12,9.58
劍潭,關渡,30,12,10.45
劍潭,竹圍,35,14,12.59
劍潭,紅樹林,40,16,14.5
劍潭,淡水,40,16,16.59
劍潭,西門,25,10,5.64
劍潭,象山,30,12,10.64
劍潭,台北101/世貿,30,12,9.91
劍潭,信義安和,30,12,8.91
劍潭,大安森林公園,25,10,7.78
劍潭,北門,20,8,4.89
劍潭,東門,25,10,7.11
劍潭,新店區公所,40,16,14.14
劍潭,小南門,25,10,6.46
劍潭,松江南京,20,8,4.93
劍潭,松江南京,20,8,4.93
劍潭,忠孝新生,25,10,5.91
劍潭,忠孝新生,25,10,5.91
劍潭,頂埔,50,20,20.28
劍潭,永寧,45,18,18.33
劍潭,土城,45,18,17.22
劍潭,海山,40,16,15.75
劍潭,亞東醫院,40,16,14.11
劍潭,府中,35,14,12.83
劍潭,板橋,35,14,12.18
劍潭,板橋,35,14,12.18
劍潭,新埔,30,12,10.9
劍潭,江子翠,30,12,10.03
劍潭,龍山寺,25,10,6.95
劍潭,善導寺,20,8,4.97
劍潭,忠孝敦化,25,10,7.7
劍潭,國父紀念館,30,12,8.43
劍潭,市政府,30,12,9.27
劍潭,永春,30,12,10.25
劍潭,後山埤,35,14,11.07
劍潭,昆陽,35,14,12.43
劍潭,南港,35,14,13.85
劍潭,台北小巨蛋,25,10,6.86
劍潭,南京三民,30,12,8.05
劍潭,松山,30,12,9.41
劍潭,輔大,35,14,12.15
劍潭,新莊,30,12,10.41
劍潭,頭前庄,30,12,9.4
劍潭,頭前庄,30,12,9.4
劍潭,先嗇宮,30,12,8.12
劍潭,三重,25,10,6.4
劍潭,菜寮,25,10,5.53
劍潭,台北橋,20,8,4.54
劍潭,大橋頭,20,8,3.21
劍潭,中山國小,20,8,3.26
劍潭,行天宮,20,8,4.21
劍潭,蘆洲,30,12,9.22
劍潭,三民高中,30,12,8.06
劍潭,徐匯中學,25,10,7.15
劍潭,三和國中,25,10,6.32
劍潭,三重國小,25,10,5.09
劍潭,迴龍,40,16,14.92
劍潭,丹鳳,35,14,13.52
劍潭,十四張,35,14,13.94
劍潭,秀朗橋,35,14,13.38
劍潭,景平,35,14,12.48
劍潭,中和,35,14,12.92
劍潭,橋和,35,14,13.55
劍潭,中原,40,16,14.29
劍潭,板新,35,14,13.07
劍潭,新埔民生,30,12,10.9
劍潭,幸福,30,12,10.55
劍潭,新北產業園區,35,14,11.79
劍潭,廣慈/奉天宮,30,12,12
士林,松山機場,30,12,9.42
士林,中山國中,25,10,7.94
士林,科技大樓,30,12,9.76
士林,六張犁,30,12,10.89
士林,麟光,35,14,11.71
士林,辛亥,35,14,13.31
士林,萬芳醫院,40,16,14.07
士林,萬芳社區,40,16,15.21
士林,木柵,40,16,15.73
士林,動物園,40,16,16.41
士林,大安,30,12,9.01
士林,大安,30,12,9.01
士林,忠孝復興,30,12,8.12
士林,忠孝復興,30,12,8.12
士林,南京復興,25,10,7.01
士林,南京復興,25,10,7.01
士林,大直,35,14,12
士林,劍南路,35,14,13.33
士林,西湖,40,16,14.62
士林,港墘,40,16,15.44
士林,文德,40,16,16.45
士林,內湖,45,18,17.58
士林,大湖公園,45,18,18.45
士林,葫洲,45,18,18.57
士林,東湖,45,18,17.72
士林,南港軟體園區,40,16,16.68
士林,南港展覽館,40,16,16.03
士林,南港展覽館,40,16,16.03
士林,台大醫院,25,10,6.01
士林,台北車站,25,10,5.38
士林,台北車站,25,10,5.38
士林,中山,20,8,4.72
士林,中山,20,8,4.72
士林,民權西路,20,8,3.64
士林,民權西路,20,8,3.64
士林,小碧潭,40,16,16.27
士林,新店,40,16,16.34
士林,七張,40,16,14.33
士林,大坪林,35,14,13.48
士林,大坪林,35,14,13.48
士林,景美,35,14,12.33
士林,萬隆,35,14,11.27
士林,公館,30,12,9.71
士林,台電大樓,30,12,8.81
士林,古亭,25,10,7.93
士林,中正紀念堂,25,10,7
士林,頂溪,30,12,10.07
士林,永安市場,35,14,11.4
士林,景安,35,14,12.48
士林,景安,35,14,12.48
士林,南勢角,35,14,13.29
士林,雙連,20,8,4.17
士林,圓山,20,8,2.61
士林,劍潭,20,8,1.09
士林,士林,20,8,0
士林,芝山,20,8,1.1
士林,明德,20,8,1.98
士林,石牌,20,8,2.58
士林,唭哩岸,20,8,3.84
士林,奇岩,20,8,4.67
士林,北投,25,10,5.43
士林,新北投,25,10,6.46
士林,復興崗,25,10,7.04
士林,忠義,30,12,8.49
士林,關渡,30,12,9.36
士林,竹圍,35,14,11.5
士林,紅樹林,35,14,13.41
士林,淡水,40,16,15.5
士林,西門,25,10,6.73
士林,象山,35,14,11.73
士林,台北101/世貿,30,12,11
士林,信義安和,30,12,10
士林,大安森林公園,30,12,8.87
士林,北門,25,10,5.98
士林,東門,30,12,8.2
士林,新店區公所,40,16,15.23
士林,小南門,25,10,7.55
士林,松江南京,25,10,6.02
士林,松江南京,25,10,6.02
士林,忠孝新生,25,10,7
士林,忠孝新生,25,10,7
士林,頂埔,50,20,21.37
士林,永寧,45,18,19.42
士林,土城,45,18,18.31
士林,海山,40,16,16.84
士林,亞東醫院,40,16,15.2
士林,府中,35,14,13.92
士林,板橋,35,14,13.27
士林,板橋,35,14,13.27
士林,新埔,35,14,11.99
士林,江子翠,35,14,11.12
士林,龍山寺,30,12,8.04
士林,善導寺,25,10,6.06
士林,忠孝敦化,30,12,8.79
士林,國父紀念館,30,12,9.52
士林,市政府,30,12,10.36
士林,永春,35,14,11.34
士林,後山埤,35,14,12.16
士林,昆陽,35,14,13.52
士林,南港,40,16,14.94
士林,台北小巨蛋,25,10,7.95
士林,南京三民,30,12,9.14
士林,松山,30,12,10.5
士林,輔大,35,14,13.24
士林,新莊,35,14,11.5
士林,頭前庄,30,12,10.49
士林,頭前庄,30,12,10.49
士林,先嗇宮,30,12,9.21
士林,三重,25,10,7.49
士林,菜寮,25,10,6.62
士林,台北橋,25,10,5.63
士林,大橋頭,20,8,4.3
士林,中山國小,20,8,4.35
士林,行天宮,25,10,5.3
士林,蘆洲,30,12,10.31
士林,三民高中,30,12,9.15
士林,徐匯中學,30,12,8.24
士林,三和國中,25,10,7.41
士林,三重國小,25,10,6.18
士林,迴龍,40,16,16.01
士林,丹鳳,40,16,14.61
士林,十四張,40,16,15.03
士林,秀朗橋,40,16,14.47
士林,景平,35,14,13.57
士林,中和,40,16,14.01
士林,橋和,40,16,14.64
士林,中原,40,16,15.38
士林,板新,40,16,14.16
士林,新埔民生,35,14,11.99
士林,幸福,35,14,11.64
士林,新北產業園區,35,14,12.88
士林,廣慈/奉天宮,35,14,13.09
芝山,松山機場,30,12,10.52
芝山,中山國中,30,12,9.04
芝山,科技大樓,30,12,10.86
芝山,六張犁,35,14,11.99
芝山,麟光,35,14,12.81
芝山,辛亥,40,16,14.41
芝山,萬芳醫院,40,16,15.17
芝山,萬芳社區,40,16,16.31
芝山,木柵,40,16,16.83
芝山,動物園,45,18,17.51
芝山,大安,30,12,10.11
芝山,大安,30,12,10.11
芝山,忠孝復興,30,12,9.22
芝山,忠孝復興,30,12,9.22
芝山,南京復興,30,12,8.11
芝山,南京復興,30,12,8.11
芝山,大直,35,14,13.1
芝山,劍南路,40,16,14.43
芝山,西湖,40,16,15.72
芝山,港墘,40,16,16.54
芝山,文德,45,18,17.55
芝山,內湖,45,18,18.68
芝山,大湖公園,45,18,19.55
芝山,葫洲,45,18,19.67
芝山,東湖,45,18,18.82
芝山,南港軟體園區,45,18,17.78
芝山,南港展覽館,45,18,17.13
芝山,南港展覽館,45,18,17.13
芝山,台大醫院,25,10,7.11
芝山,台北車站,25,10,6.48
芝山,台北車站,25,10,6.48
芝山,中山,25,10,5.82
芝山,中山,25,10,5.82
芝山,民權西路,20,8,4.74
芝山,民權西路,20,8,4.74
芝山,小碧潭,45,18,17.37
芝山,新店,45,18,17.44
芝山,七張,40,16,15.43
芝山,大坪林,40,16,14.58
芝山,大坪林,40,16,14.58
芝山,景美,35,14,13.43
芝山,萬隆,35,14,12.37
芝山,公館,30,12,10.81
芝山,台電大樓,30,12,9.91
芝山,古亭,30,12,9.03
芝山,中正紀念堂,30,12,8.1
芝山,頂溪,35,14,11.17
芝山,永安市場,35,14,12.5
芝山,景安,35,14,13.58
芝山,景安,35,14,13.58
芝山,南勢角,40,16,14.39
芝山,雙連,25,10,5.27
芝山,圓山,20,8,3.71
芝山,劍潭,20,8,2.19
芝山,士林,20,8,1.1
芝山,芝山,20,8,0
芝山,明德,20,8,0.88
芝山,石牌,20,8,1.48
芝山,唭哩岸,20,8,2.74
芝山,奇岩,20,8,3.57
芝山,北投,20,8,4.33
芝山,新北投,25,10,5.36
芝山,復興崗,25,10,5.94
芝山,忠義,25,10,7.39
芝山,關渡,30,12,8.26
芝山,竹圍,30,12,10.4
芝山,紅樹林,35,14,12.31
芝山,淡水,40,16,14.4
芝山,西門,25,10,7.83
芝山,象山,35,14,12.83
芝山,台北101/世貿,35,14,12.1
芝山,信義安和,35,14,11.1
芝山,大安森林公園,30,12,9.97
芝山,北門,25,10,7.08
芝山,東門,30,12,9.3
芝山,新店區公所,40,16,16.33
芝山,小南門,30,12,8.65
芝山,松江南京,25,10,7.12
芝山,松江南京,25,10,7.12
芝山,忠孝新生,30,12,8.1
芝山,忠孝新生,30,12,8.1
芝山,頂埔,50,20,22.47
芝山,永寧,50,20,20.52
芝山,土城,45,18,19.41
芝山,海山,45,18,17.94
芝山,亞東醫院,40,16,16.3
芝山,府中,40,16,15.02
芝山,板橋,40,16,14.37
芝山,板橋,40,16,14.37
芝山,新埔,35,14,13.09
芝山,江子翠,35,14,12.22
芝山,龍山寺,30,12,9.14
芝山,善導寺,25,10,7.16
芝山,忠孝敦化,30,12,9.89
芝山,國父紀念館,30,12,10.62
芝山,市政府,35,14,11.46
芝山,永春,35,14,12.44
芝山,後山埤,35,14,13.26
芝山,昆陽,40,16,14.62
芝山,南港,40,16,16.04
芝山,台北小巨蛋,30,12,9.05
芝山,南京三民,30,12,10.24
芝山,松山,35,14,11.6
芝山,輔大,40,16,14.34
芝山,新莊,35,14,12.6
芝山,頭前庄,35,14,11.59
芝山,頭前庄,35,14,11.59
芝山,先嗇宮,30,12,10.31
芝山,三重,30,12,8.59
芝山,菜寮,25,10,7.72
芝山,台北橋,25,10,6.73
芝山,大橋頭,25,10,5.4
芝山,中山國小,25,10,5.45
芝山,行天宮,25,10,6.4
芝山,蘆洲,35,14,11.41
芝山,三民高中,30,12,10.25
芝山,徐匯中學,30,12,9.34
芝山,三和國中,30,12,8.51
芝山,三重國小,25,10,7.28
芝山,迴龍,45,18,17.11
芝山,丹鳳,40,16,15.71
芝山,十四張,40,16,16.13
芝山,秀朗橋,40,16,15.57
芝山,景平,40,16,14.67
芝山,中和,40,16,15.11
芝山,橋和,40,16,15.74
芝山,中原,40,16,16.48
芝山,板新,40,16,15.26
芝山,新埔民生,35,14,13.09
芝山,幸福,35,14,12.74
芝山,新北產業園區,35,14,13.98
芝山,廣慈/奉天宮,35,14,14.19
明德,松山機場,35,14,11.4
明德,中山國中,30,12,9.92
明德,科技大樓,35,14,11.74
明德,六張犁,35,14,12.87
明德,麟光,35,14,13.69
明德,辛亥,40,16,15.29
明德,萬芳醫院,40,16,16.05
明德,萬芳社區,45,18,17.19
明德,木柵,45,18,17.71
明德,動物園,45,18,18.39
明德,大安,30,12,10.99
明德,大安,30,12,10.99
明德,忠孝復興,30,12,10.1
明德,忠孝復興,30,12,10.1
明德,南京復興,30,12,8.99
明德,南京復興,30,12,8.99
明德,大直,35,14,13.98
明德,劍南路,40,16,15.31
明德,西湖,40,16,16.6
明德,港墘,45,18,17.42
明德,文德,45,18,18.43
明德,內湖,45,18,19.56
明德,大湖公園,50,20,20.43
明德,葫洲,50,20,20.55
明德,東湖,45,18,19.7
明德,南港軟體園區,45,18,18.66
明德,南港展覽館,45,18,18.01
明德,南港展覽館,45,18,18.01
明德,台大醫院,25,10,7.99
明德,台北車站,25,10,7.36
明德,台北車站,25,10,7.36
明德,中山,25,10,6.7
明德,中山,25,10,6.7
明德,民權西路,25,10,5.62
明德,民權西路,25,10,5.62
明德,小碧潭,45,18,18.25
明德,新店,45,18,18.32
明德,七張,40,16,16.31
明德,大坪林,40,16,15.46
明德,大坪林,40,16,15.46
明德,景美,40,16,14.31
明德,萬隆,35,14,13.25
明德,公館,35,14,11.69
明德,台電大樓,30,12,10.79
明德,古亭,30,12,9.91
明德,中正紀念堂,30,12,8.98
明德,頂溪,35,14,12.05
明德,永安市場,35,14,13.38
明德,景安,40,16,14.46
明德,景安,40,16,14.46
明德,南勢角,40,16,15.27
明德,雙連,25,10,6.15
明德,圓山,20,8,4.59
明德,劍潭,20,8,3.07
明德,士林,20,8,1.98
明德,芝山,20,8,0.88
明德,明德,20,8,0
明德,石牌,20,8,0.6
明德,唭哩岸,20,8,1.86
明德,奇岩,20,8,2.69
明德,北投,20,8,3.45
明德,新北投,20,8,4.48
明德,復興崗,25,10,5.06
明德,忠義,25,10,6.51
明德,關渡,25,10,7.38
明德,竹圍,30,12,9.52
明德,紅樹林,35,14,11.43
明德,淡水,35,14,13.52
明德,西門,30,12,8.71
明德,象山,35,14,13.71
明德,台北101/世貿,35,14,12.98
明德,信義安和,35,14,11.98
明德,大安森林公園,30,12,10.85
明德,北門,25,10,7.96
明德,東門,30,12,10.18
明德,新店區公所,45,18,17.21
明德,小南門,30,12,9.53
明德,松江南京,25,10,8
明德,松江南京,25,10,8
明德,忠孝新生,30,12,8.98
明德,忠孝新生,30,12,8.98
明德,頂埔,55,22,23.35
明德,永寧,50,20,21.4
明德,土城,50,20,20.29
明德,海山,45,18,18.82
明德,亞東醫院,45,18,17.18
明德,府中,40,16,15.9
明德,板橋,40,16,15.25
明德,板橋,40,16,15.25
明德,新埔,35,14,13.97
明德,江子翠,35,14,13.1
明德,龍山寺,30,12,10.02
明德,善導寺,30,12,8.04
明德,忠孝敦化,30,12,10.77
明德,國父紀念館,35,14,11.5
明德,市政府,35,14,12.34
明德,永春,35,14,13.32
明德,後山埤,40,16,14.14
明德,昆陽,40,16,15.5
明德,南港,40,16,16.92
明德,台北小巨蛋,30,12,9.93
明德,南京三民,35,14,11.12
明德,松山,35,14,12.48
明德,輔大,40,16,15.22
明德,新莊,35,14,13.48
明德,頭前庄,35,14,12.47
明德,頭前庄,35,14,12.47
明德,先嗇宮,35,14,11.19
明德,三重,30,12,9.47
明德,菜寮,30,12,8.6
明德,台北橋,25,10,7.61
明德,大橋頭,25,10,6.28
明德,中山國小,25,10,6.33
明德,行天宮,25,10,7.28
明德,蘆洲,35,14,12.29
明德,三民高中,35,14,11.13
明德,徐匯中學,30,12,10.22
明德,三和國中,30,12,9.39
明德,三重國小,30,12,8.16
明德,迴龍,45,18,17.99
明德,丹鳳,40,16,16.59
明德,十四張,45,18,17.01
明德,秀朗橋,40,16,16.45
明德,景平,40,16,15.55
明德,中和,40,16,15.99
明德,橋和,40,16,16.62
明德,中原,45,18,17.36
明德,板新,40,16,16.14
明德,新埔民生,35,14,13.97
明德,幸福,35,14,13.62
明德,新北產業園區,40,16,14.86
明德,廣慈/奉天宮,35,14,15.07
石牌,松山機場,35,14,12
石牌,中山國中,30,12,10.52
石牌,科技大樓,35,14,12.34
石牌,六張犁,35,14,13.47
石牌,麟光,40,16,14.29
石牌,辛亥,40,16,15.89
石牌,萬芳醫院,40,16,16.65
石牌,萬芳社區,45,18,17.79
石牌,木柵,45,18,18.31
石牌,動物園,45,18,18.99
石牌,大安,35,14,11.59
石牌,大安,35,14,11.59
石牌,忠孝復興,30,12,10.7
石牌,忠孝復興,30,12,10.7
石牌,南京復興,30,12,9.59
石牌,南京復興,30,12,9.59
石牌,大直,40,16,14.58
石牌,劍南路,40,16,15.91
石牌,西湖,45,18,17.2
石牌,港墘,45,18,18.02
石牌,文德,45,18,19.03
石牌,內湖,50,20,20.16
石牌,大湖公園,50,20,21.03
石牌,葫洲,50,20,21.15
石牌,東湖,50,20,20.3
石牌,南港軟體園區,45,18,19.26
石牌,南港展覽館,45,18,18.61
石牌,南港展覽館,45,18,18.61
石牌,台大醫院,30,12,8.59
石牌,台北車站,25,10,7.96
石牌,台北車站,25,10,7.96
石牌,中山,25,10,7.3
石牌,中山,25,10,7.3
石牌,民權西路,25,10,6.22
石牌,民權西路,25,10,6.22
石牌,小碧潭,45,18,18.85
石牌,新店,45,18,18.92
石牌,七張,40,16,16.91
石牌,大坪林,40,16,16.06
石牌,大坪林,40,16,16.06
石牌,景美,40,16,14.91
石牌,萬隆,35,14,13.85
石牌,公館,35,14,12.29
石牌,台電大樓,35,14,11.39
石牌,古亭,30,12,10.51
石牌,中正紀念堂,30,12,9.58
石牌,頂溪,35,14,12.65
石牌,永安市場,35,14,13.98
石牌,景安,40,16,15.06
石牌,景安,40,16,15.06
石牌,南勢角,40,16,15.87
石牌,雙連,25,10,6.75
石牌,圓山,25,10,5.19
石牌,劍潭,20,8,3.67
石牌,士林,20,8,2.58
石牌,芝山,20,8,1.48
石牌,明德,20,8,0.6
石牌,石牌,20,8,0
石牌,唭哩岸,20,8,1.26
石牌,奇岩,20,8,2.09
石牌,北投,20,8,2.85
石牌,新北投,20,8,3.88
石牌,復興崗,20,8,4.46
石牌,忠義,25,10,5.91
石牌,關渡,25,10,6.78
石牌,竹圍,30,12,8.92
石牌,紅樹林,30,12,10.83
石牌,淡水,35,14,12.92
石牌,西門,30,12,9.31
石牌,象山,40,16,14.31
石牌,台北101/世貿,35,14,13.58
石牌,信義安和,35,14,12.58
石牌,大安森林公園,35,14,11.45
石牌,北門,30,12,8.56
石牌,東門,30,12,10.78
石牌,新店區公所,45,18,17.81
石牌,小南門,30,12,10.13
石牌,松江南京,30,12,8.6
石牌,松江南京,30,12,8.6
石牌,忠孝新生,30,12,9.58
石牌,忠孝新生,30,12,9.58
石牌,頂埔,55,22,23.95
石牌,永寧,50,20,22
石牌,土城,50,20,20.89
石牌,海山,45,18,19.42
石牌,亞東醫院,45,18,17.78
石牌,府中,40,16,16.5
石牌,板橋,40,16,15.85
石牌,板橋,40,16,15.85
石牌,新埔,40,16,14.57
石牌,江子翠,35,14,13.7
石牌,龍山寺,30,12,10.62
石牌,善導寺,30,12,8.64
石牌,忠孝敦化,35,14,11.37
石牌,國父紀念館,35,14,12.1
石牌,市政府,35,14,12.94
石牌,永春,35,14,13.92
石牌,後山埤,40,16,14.74
石牌,昆陽,40,16,16.1
石牌,南港,45,18,17.52
石牌,台北小巨蛋,30,12,10.53
石牌,南京三民,35,14,11.72
石牌,松山,35,14,13.08
石牌,輔大,40,16,15.82
石牌,新莊,40,16,14.08
石牌,頭前庄,35,14,13.07
石牌,頭前庄,35,14,13.07
石牌,先嗇宮,35,14,11.79
石牌,三重,30,12,10.07
石牌,菜寮,30,12,9.2
石牌,台北橋,30,12,8.21
石牌,大橋頭,25,10,6.88
石牌,中山國小,25,10,6.93
石牌,行天宮,25,10,7.88
石牌,蘆洲,35,14,12.89
石牌,三民高中,35,14,11.73
石牌,徐匯中學,30,12,10.82
石牌,三和國中,30,12,9.99
石牌,三重國小,30,12,8.76
石牌,迴龍,45,18,18.59
石牌,丹鳳,45,18,17.19
石牌,十四張,45,18,17.61
石牌,秀朗橋,45,18,17.05
石牌,景平,40,16,16.15
石牌,中和,40,16,16.59
石牌,橋和,45,18,17.22
石牌,中原,45,18,17.96
石牌,板新,40,16,16.74
石牌,新埔民生,40,16,14.57
石牌,幸福,40,16,14.22
石牌,新北產業園區,40,16,15.46
石牌,廣慈/奉天宮,40,16,15.67
唭哩岸,松山機場,35,14,13.26
唭哩岸,中山國中,35,14,11.78
唭哩岸,科技大樓,35,14,13.6
唭哩岸,六張犁,40,16,14.73
唭哩岸,麟光,40,16,15.55
唭哩岸,辛亥,45,18,17.15
唭哩岸,萬芳醫院,45,18,17.91
唭哩岸,萬芳社區,45,18,19.05
唭哩岸,木柵,45,18,19.57
唭哩岸,動物園,50,20,20.25
唭哩岸,大安,35,14,12.85
唭哩岸,大安,35,14,12.85
唭哩岸,忠孝復興,35,14,11.96
唭哩岸,忠孝復興,35,14,11.96
唭哩岸,南京復興,30,12,10.85
唭哩岸,南京復興,30,12,10.85
唭哩岸,大直,40,16,15.84
唭哩岸,劍南路,45,18,17.17
唭哩岸,西湖,45,18,18.46
唭哩岸,港墘,45,18,19.28
唭哩岸,文德,50,20,20.29
唭哩岸,內湖,50,20,21.42
唭哩岸,大湖公園,50,20,22.29
唭哩岸,葫洲,50,20,22.41
唭哩岸,東湖,50,20,21.56
唭哩岸,南港軟體園區,50,20,20.52
唭哩岸,南港展覽館,45,18,19.87
唭哩岸,南港展覽館,45,18,19.87
唭哩岸,台大醫院,30,12,9.85
唭哩岸,台北車站,30,12,9.22
唭哩岸,台北車站,30,12,9.22
唭哩岸,中山,30,12,8.56
唭哩岸,中山,30,12,8.56
唭哩岸,民權西路,25,10,7.48
唭哩岸,民權西路,25,10,7.48
唭哩岸,小碧潭,50,20,20.11
唭哩岸,新店,50,20,20.18
唭哩岸,七張,45,18,18.17
唭哩岸,大坪林,45,18,17.32
唭哩岸,大坪林,45,18,17.32
唭哩岸,景美,40,16,16.17
唭哩岸,萬隆,40,16,15.11
唭哩岸,公館,35,14,13.55
唭哩岸,台電大樓,35,14,12.65
唭哩岸,古亭,35,14,11.77
唭哩岸,中正紀念堂,30,12,10.84
唭哩岸,頂溪,35,14,13.91
唭哩岸,永安市場,40,16,15.24
唭哩岸,景安,40,16,16.32
唭哩岸,景安,40,16,16.32
唭哩岸,南勢角,45,18,17.13
唭哩岸,雙連,30,12,8.01
唭哩岸,圓山,25,10,6.45
唭哩岸,劍潭,20,8,4.93
唭哩岸,士林,20,8,3.84
唭哩岸,芝山,20,8,2.74
唭哩岸,明德,20,8,1.86
唭哩岸,石牌,20,8,1.26
唭哩岸,唭哩岸,20,8,0
唭哩岸,奇岩,20,8,0.83
唭哩岸,北投,20,8,1.59
唭哩岸,新北投,20,8,2.62
唭哩岸,復興崗,20,8,3.2
唭哩岸,忠義,20,8,4.65
唭哩岸,關渡,25,10,5.52
唭哩岸,竹圍,25,10,7.66
唭哩岸,紅樹林,30,12,9.57
唭哩岸,淡水,35,14,11.66
唭哩岸,西門,30,12,10.57
唭哩岸,象山,40,16,15.57
唭哩岸,台北101/世貿,40,16,14.84
唭哩岸,信義安和,35,14,13.84
唭哩岸,大安森林公園,35,14,12.71
唭哩岸,北門,30,12,9.82
唭哩岸,東門,35,14,12.04
唭哩岸,新店區公所,45,18,19.07
唭哩岸,小南門,35,14,11.39
唭哩岸,松江南京,30,12,9.86
唭哩岸,松江南京,30,12,9.86
唭哩岸,忠孝新生,30,12,10.84
唭哩岸,忠孝新生,30,12,10.84
唭哩岸,頂埔,55,22,25.21
唭哩岸,永寧,55,22,23.26
唭哩岸,土城,50,20,22.15
唭哩岸,海山,50,20,20.68
唭哩岸,亞東醫院,45,18,19.04
唭哩岸,府中,45,18,17.76
唭哩岸,板橋,45,18,17.11
唭哩岸,板橋,45,18,17.11
唭哩岸,新埔,40,16,15.83
唭哩岸,江子翠,40,16,14.96
唭哩岸,龍山寺,35,14,11.88
唭哩岸,善導寺,30,12,9.9
唭哩岸,忠孝敦化,35,14,12.63
唭哩岸,國父紀念館,35,14,13.36
唭哩岸,市政府,40,16,14.2
唭哩岸,永春,40,16,15.18
唭哩岸,後山埤,40,16,16
唭哩岸,昆陽,45,18,17.36
唭哩岸,南港,45,18,18.78
唭哩岸,台北小巨蛋,35,14,11.79
唭哩岸,南京三民,35,14,12.98
唭哩岸,松山,40,16,14.34
唭哩岸,輔大,45,18,17.08
唭哩岸,新莊,40,16,15.34
唭哩岸,頭前庄,40,16,14.33
唭哩岸,頭前庄,40,16,14.33
唭哩岸,先嗇宮,35,14,13.05
唭哩岸,三重,35,14,11.33
唭哩岸,菜寮,30,12,10.46
唭哩岸,台北橋,30,12,9.47
唭哩岸,大橋頭,30,12,8.14
唭哩岸,中山國小,30,12,8.19
唭哩岸,行天宮,30,12,9.14
唭哩岸,蘆洲,40,16,14.15
唭哩岸,三民高中,35,14,12.99
唭哩岸,徐匯中學,35,14,12.08
唭哩岸,三和國中,35,14,11.25
唭哩岸,三重國小,30,12,10.02
唭哩岸,迴龍,45,18,19.85
唭哩岸,丹鳳,45,18,18.45
唭哩岸,十四張,45,18,18.87
唭哩岸,秀朗橋,45,18,18.31
唭哩岸,景平,45,18,17.41
唭哩岸,中和,45,18,17.85
唭哩岸,橋和,45,18,18.48
唭哩岸,中原,45,18,19.22
唭哩岸,板新,45,18,18
唭哩岸,新埔民生,40,16,15.83
唭哩岸,幸福,40,16,15.48
唭哩岸,新北產業園區,40,16,16.72
唭哩岸,廣慈/奉天宮,40,16,16.93
奇岩,松山機場,40,16,14.09
奇岩,中山國中,35,14,12.61
奇岩,科技大樓,40,16,14.43
奇岩,六張犁,40,16,15.56
奇岩,麟光,40,16,16.38
奇岩,辛亥,45,18,17.98
奇岩,萬芳醫院,45,18,18.74
奇岩,萬芳社區,45,18,19.88
奇岩,木柵,50,20,20.4
奇岩,動物園,50,20,21.08
奇岩,大安,35,14,13.68
奇岩,大安,35,14,13.68
奇岩,忠孝復興,35,14,12.79
奇岩,忠孝復興,35,14,12.79
奇岩,南京復興,35,14,11.68
奇岩,南京復興,35,14,11.68
奇岩,大直,40,16,16.67
奇岩,劍南路,45,18,18
奇岩,西湖,45,18,19.29
奇岩,港墘,50,20,20.11
奇岩,文德,50,20,21.12
奇岩,內湖,50,20,22.25
奇岩,大湖公園,55,22,23.12
奇岩,葫洲,55,22,23.24
奇岩,東湖,50,20,22.39
奇岩,南港軟體園區,50,20,21.35
奇岩,南港展覽館,50,20,20.7
奇岩,南港展覽館,50,20,20.7
奇岩,台大醫院,30,12,10.68
奇岩,台北車站,30,12,10.05
奇岩,台北車站,30,12,10.05
奇岩,中山,30,12,9.39
奇岩,中山,30,12,9.39
奇岩,民權西路,30,12,8.31
奇岩,民權西路,30,12,8.31
奇岩,小碧潭,50,20,20.94
奇岩,新店,50,20,21.01
奇岩,七張,45,18,19
奇岩,大坪林,45,18,18.15
奇岩,大坪林,45,18,18.15
奇岩,景美,40,16,17
奇岩,萬隆,40,16,15.94
奇岩,公館,40,16,14.38
奇岩,台電大樓,35,14,13.48
奇岩,古亭,35,14,12.6
奇岩,中正紀念堂,35,14,11.67
奇岩,頂溪,40,16,14.74
奇岩,永安市場,40,16,16.07
奇岩,景安,45,18,17.15
奇岩,景安,45,18,17.15
奇岩,南勢角,45,18,17.96
奇岩,雙連,30,12,8.84
奇岩,圓山,25,10,7.28
奇岩,劍潭,25,10,5.76
奇岩,士林,20,8,4.67
奇岩,芝山,20,8,3.57
奇岩,明德,20,8,2.69
奇岩,石牌,20,8,2.09
奇岩,唭哩岸,20,8,0.83
奇岩,奇岩,20,8,0
奇岩,北投,20,8,0.76
奇岩,新北投,20,8,1.79
奇岩,復興崗,20,8,2.37
奇岩,忠義,20,8,3.82
奇岩,關渡,20,8,4.69
奇岩,竹圍,25,10,6.83
奇岩,紅樹林,30,12,8.74
奇岩,淡水,30,12,10.83
奇岩,西門,35,14,11.4
奇岩,象山,40,16,16.4
奇岩,台北101/世貿,40,16,15.67
奇岩,信義安和,40,16,14.67
奇岩,大安森林公園,35,14,13.54
奇岩,北門,30,12,10.65
奇岩,東門,35,14,12.87
奇岩,新店區公所,45,18,19.9
奇岩,小南門,35,14,12.22
奇岩,松江南京,30,12,10.69
奇岩,松江南京,30,12,10.69
奇岩,忠孝新生,35,14,11.67
奇岩,忠孝新生,35,14,11.67
奇岩,頂埔,55,22,26.04
奇岩,永寧,55,22,24.09
奇岩,土城,50,20,22.98
奇岩,海山,50,20,21.51
奇岩,亞東醫院,45,18,19.87
奇岩,府中,45,18,18.59
奇岩,板橋,45,18,17.94
奇岩,板橋,45,18,17.94
奇岩,新埔,40,16,16.66
奇岩,江子翠,40,16,15.79
奇岩,龍山寺,35,14,12.71
奇岩,善導寺,30,12,10.73
奇岩,忠孝敦化,35,14,13.46
奇岩,國父紀念館,40,16,14.19
奇岩,市政府,40,16,15.03
奇岩,永春,40,16,16.01
奇岩,後山埤,40,16,16.83
奇岩,昆陽,45,18,18.19
奇岩,南港,45,18,19.61
奇岩,台北小巨蛋,35,14,12.62
奇岩,南京三民,35,14,13.81
奇岩,松山,40,16,15.17
奇岩,輔大,45,18,17.91
奇岩,新莊,40,16,16.17
奇岩,頭前庄,40,16,15.16
奇岩,頭前庄,40,16,15.16
奇岩,先嗇宮,35,14,13.88
奇岩,三重,35,14,12.16
奇岩,菜寮,35,14,11.29
奇岩,台北橋,30,12,10.3
奇岩,大橋頭,30,12,8.97
奇岩,中山國小,30,12,9.02
奇岩,行天宮,30,12,9.97
奇岩,蘆洲,40,16,14.98
奇岩,三民高中,35,14,13.82
奇岩,徐匯中學,35,14,12.91
奇岩,三和國中,35,14,12.08
奇岩,三重國小,30,12,10.85
奇岩,迴龍,50,20,20.68
奇岩,丹鳳,45,18,19.28
奇岩,十四張,45,18,19.7
奇岩,秀朗橋,45,18,19.14
奇岩,景平,45,18,18.24
奇岩,中和,45,18,18.68
奇岩,橋和,45,18,19.31
奇岩,中原,50,20,20.05
奇岩,板新,45,18,18.83
奇岩,新埔民生,40,16,16.66
奇岩,幸福,40,16,16.31
奇岩,新北產業園區,45,18,17.55
奇岩,廣慈/奉天宮,40,16,17.76
北投,松山機場,40,16,14.85
北投,中山國中,35,14,13.37
北投,科技大樓,40,16,15.19
北投,六張犁,40,16,16.32
北投,麟光,45,18,17.14
北投,辛亥,45,18,18.74
北投,萬芳醫院,45,18,19.5
北投,萬芳社區,50,20,20.64
北投,木柵,50,20,21.16
北投,動物園,50,20,21.84
北投,大安,40,16,14.44
北投,大安,40,16,14.44
北投,忠孝復興,35,14,13.55
北投,忠孝復興,35,14,13.55
北投,南京復興,35,14,12.44
北投,南京復興,35,14,12.44
北投,大直,45,18,17.43
北投,劍南路,45,18,18.76
北投,西湖,50,20,20.05
北投,港墘,50,20,20.87
北投,文德,50,20,21.88
北投,內湖,55,22,23.01
北投,大湖公園,55,22,23.88
北投,葫洲,55,22,24
北投,東湖,55,22,23.15
北投,南港軟體園區,50,20,22.11
北投,南港展覽館,50,20,21.46
北投,南港展覽館,50,20,21.46
北投,台大醫院,35,14,11.44
北投,台北車站,30,12,10.81
北投,台北車站,30,12,10.81
北投,中山,30,12,10.15
北投,中山,30,12,10.15
北投,民權西路,30,12,9.07
北投,民權西路,30,12,9.07
北投,小碧潭,50,20,21.7
北投,新店,50,20,21.77
北投,七張,45,18,19.76
北投,大坪林,45,18,18.91
北投,大坪林,45,18,18.91
北投,景美,45,18,17.76
北投,萬隆,40,16,16.7
北投,公館,40,16,15.14
北投,台電大樓,40,16,14.24
北投,古亭,35,14,13.36
北投,中正紀念堂,35,14,12.43
北投,頂溪,40,16,15.5
北投,永安市場,40,16,16.83
北投,景安,45,18,17.91
北投,景安,45,18,17.91
北投,南勢角,45,18,18.72
北投,雙連,30,12,9.6
北投,圓山,30,12,8.04
北投,劍潭,25,10,6.52
北投,士林,25,10,5.43
北投,芝山,20,8,4.33
北投,明德,20,8,3.45
北投,石牌,20,8,2.85
北投,唭哩岸,20,8,1.59
北投,奇岩,20,8,0.76
北投,北投,20,8,0
北投,新北投,20,8,1.03
北投,復興崗,20,8,1.61
北投,忠義,20,8,3.06
北投,關渡,20,8,3.93
北投,竹圍,25,10,6.07
北投,紅樹林,25,10,7.98
北投,淡水,30,12,10.07
北投,西門,35,14,12.16
北投,象山,45,18,17.16
北投,台北101/世貿,40,16,16.43
北投,信義安和,40,16,15.43
北投,大安森林公園,40,16,14.3
北投,北門,35,14,11.41
北投,東門,35,14,13.63
北投,新店區公所,50,20,20.66
北投,小南門,35,14,12.98
北投,松江南京,35,14,11.45
北投,松江南京,35,14,11.45
北投,忠孝新生,35,14,12.43
北投,忠孝新生,35,14,12.43
北投,頂埔,55,22,26.8
北投,永寧,55,22,24.85
北投,土城,55,22,23.74
北投,海山,50,20,22.27
北投,亞東醫院,50,20,20.63
北投,府中,45,18,19.35
北投,板橋,45,18,18.7
北投,板橋,45,18,18.7
北投,新埔,45,18,17.42
北投,江子翠,40,16,16.55
北投,龍山寺,35,14,13.47
北投,善導寺,35,14,11.49
北投,忠孝敦化,40,16,14.22
北投,國父紀念館,40,16,14.95
北投,市政府,40,16,15.79
北投,永春,40,16,16.77
北投,後山埤,45,18,17.59
北投,昆陽,45,18,18.95
北投,南港,50,20,20.37
北投,台北小巨蛋,35,14,13.38
北投,南京三民,40,16,14.57
北投,松山,40,16,15.93
北投,輔大,45,18,18.67
北投,新莊,40,16,16.93
北投,頭前庄,40,16,15.92
北投,頭前庄,40,16,15.92
北投,先嗇宮,40,16,14.64
北投,三重,35,14,12.92
北投,菜寮,35,14,12.05
北投,台北橋,35,14,11.06
北投,大橋頭,30,12,9.73
北投,中山國小,30,12,9.78
北投,行天宮,30,12,10.73
北投,蘆洲,40,16,15.74
北投,三民高中,40,16,14.58
北投,徐匯中學,35,14,13.67
北投,三和國中,35,14,12.84
北投,三重國小,35,14,11.61
北投,迴龍,50,20,21.44
北投,丹鳳,50,20,20.04
北投,十四張,50,20,20.46
北投,秀朗橋,45,18,19.9
北投,景平,45,18,19
北投,中和,45,18,19.44
北投,橋和,50,20,20.07
北投,中原,50,20,20.81
北投,板新,45,18,19.59
北投,新埔民生,45,18,17.42
北投,幸福,45,18,17.07
北投,新北產業園區,45,18,18.31
北投,廣慈/奉天宮,45,18,18.52
新北投,松山機場,40,16,15.88
新北投,中山國中,40,16,14.4
新北投,科技大樓,40,16,16.22
新北投,六張犁,45,18,17.35
新北投,麟光,45,18,18.17
新北投,辛亥,45,18,19.77
新北投,萬芳醫院,50,20,20.53
新北投,萬芳社區,50,20,21.67
新北投,木柵,50,20,22.19
新北投,動物園,50,20,22.87
新北投,大安,40,16,15.47
新北投,大安,40,16,15.47
新北投,忠孝復興,40,16,14.58
新北投,忠孝復興,40,16,14.58
新北投,南京復興,35,14,13.47
新北投,南京復興,35,14,13.47
新北投,大直,45,18,18.46
新北投,劍南路,45,18,19.79
新北投,西湖,50,20,21.08
新北投,港墘,50,20,21.9
新北投,文德,50,20,22.91
新北投,內湖,55,22,24.04
新北投,大湖公園,55,22,24.91
新北投,葫洲,55,22,25.03
新北投,東湖,55,22,24.18
新北投,南港軟體園區,55,22,23.14
新北投,南港展覽館,50,20,22.49
新北投,南港展覽館,50,20,22.49
新北投,台大醫院,35,14,12.47
新北投,台北車站,35,14,11.84
新北投,台北車站,35,14,11.84
新北投,中山,35,14,11.18
新北投,中山,35,14,11.18
新北投,民權西路,30,12,10.1
新北投,民權西路,30,12,10.1
新北投,小碧潭,50,20,22.73
新北投,新店,50,20,22.8
新北投,七張,50,20,20.79
新北投,大坪林,45,18,19.94
新北投,大坪林,45,18,19.94
新北投,景美,45,18,18.79
新北投,萬隆,45,18,17.73
新北投,公館,40,16,16.17
新北投,台電大樓,40,16,15.27
新北投,古亭,40,16,14.39
新北投,中正紀念堂,35,14,13.46
新北投,頂溪,40,16,16.53
新北投,永安市場,45,18,17.86
新北投,景安,45,18,18.94
新北投,景安,45,18,18.94
新北投,南勢角,45,18,19.75
新北投,雙連,30,12,10.63
新北投,圓山,30,12,9.07
新北投,劍潭,25,10,7.55
新北投,士林,25,10,6.46
新北投,芝山,25,10,5.36
新北投,明德,20,8,4.48
新北投,石牌,20,8,3.88
新北投,唭哩岸,20,8,2.62
新北投,奇岩,20,8,1.79
新北投,北投,20,8,1.03
新北投,新北投,20,8,0
新北投,復興崗,20,8,2.64
新北投,忠義,20,8,4.09
新北投,關渡,20,8,4.96
新北投,竹圍,25,10,7.1
新北投,紅樹林,30,12,9.01
新北投,淡水,35,14,11.1
新北投,西門,35,14,13.19
新北投,象山,45,18,18.19
新北投,台北101/世貿,45,18,17.46
新北投,信義安和,40,16,16.46
新北投,大安森林公園,40,16,15.33
新北投,北門,35,14,12.44
新北投,東門,40,16,14.66
新北投,新店區公所,50,20,21.69
新北投,小南門,40,16,14.01
新北投,松江南京,35,14,12.48
新北投,松江南京,35,14,12.48
新北投,忠孝新生,35,14,13.46
新北投,忠孝新生,35,14,13.46
新北投,頂埔,60,24,27.83
新北投,永寧,55,22,25.88
新北投,土城,55,22,24.77
新北投,海山,55,22,23.3
新北投,亞東醫院,50,20,21.66
新北投,府中,50,20,20.38
新北投,板橋,45,18,19.73
新北投,板橋,45,18,19.73
新北投,新埔,45,18,18.45
新北投,江子翠,45,18,17.58
新北投,龍山寺,40,16,14.5
新北投,善導寺,35,14,12.52
新北投,忠孝敦化,40,16,15.25
新北投,國父紀念館,40,16,15.98
新北投,市政府,40,16,16.82
新北投,永春,45,18,17.8
新北投,後山埤,45,18,18.62
新北投,昆陽,45,18,19.98
新北投,南港,50,20,21.4
新北投,台北小巨蛋,40,16,14.41
新北投,南京三民,40,16,15.6
新北投,松山,40,16,16.96
新北投,輔大,45,18,19.7
新北投,新莊,45,18,17.96
新北投,頭前庄,40,16,16.95
新北投,頭前庄,40,16,16.95
新北投,先嗇宮,40,16,15.67
新北投,三重,35,14,13.95
新北投,菜寮,35,14,13.08
新北投,台北橋,35,14,12.09
新北投,大橋頭,30,12,10.76
新北投,中山國小,30,12,10.81
新北投,行天宮,35,14,11.76
新北投,蘆洲,40,16,16.77
新北投,三民高中,40,16,15.61
新北投,徐匯中學,40,16,14.7
新北投,三和國中,35,14,13.87
新北投,三重國小,35,14,12.64
新北投,迴龍,50,20,22.47
新北投,丹鳳,50,20,21.07
新北投,十四張,50,20,21.49
新北投,秀朗橋,50,20,20.93
新北投,景平,50,20,20.03
新北投,中和,50,20,20.47
新北投,橋和,50,20,21.1
新北投,中原,50,20,21.84
新北投,板新,50,20,20.62
新北投,新埔民生,45,18,18.45
新北投,幸福,45,18,18.1
新北投,新北產業園區,45,18,19.34
新北投,廣慈/奉天宮,45,18,19.55
復興崗,松山機場,40,16,16.46
復興崗,中山國中,40,16,14.98
復興崗,科技大樓,40,16,16.8
復興崗,六張犁,45,18,17.93
復興崗,麟光,45,18,18.75
復興崗,辛亥,50,20,20.35
復興崗,萬芳醫院,50,20,21.11
復興崗,萬芳社區,50,20,22.25
復興崗,木柵,50,20,22.77
復興崗,動物園,55,22,23.45
復興崗,大安,40,16,16.05
復興崗,大安,40,16,16.05
復興崗,忠孝復興,40,16,15.16
復興崗,忠孝復興,40,16,15.16
復興崗,南京復興,40,16,14.05
復興崗,南京復興,40,16,14.05
復興崗,大直,45,18,19.04
復興崗,劍南路,50,20,20.37
復興崗,西湖,50,20,21.66
復興崗,港墘,50,20,22.48
復興崗,文德,55,22,23.49
復興崗,內湖,55,22,24.62
復興崗,大湖公園,55,22,25.49
復興崗,葫洲,55,22,25.61
復興崗,東湖,55,22,24.76
復興崗,南港軟體園區,55,22,23.72
復興崗,南港展覽館,55,22,23.07
復興崗,南港展覽館,55,22,23.07
復興崗,台大醫院,35,14,13.05
復興崗,台北車站,35,14,12.42
復興崗,台北車站,35,14,12.42
復興崗,中山,35,14,11.76
復興崗,中山,35,14,11.76
復興崗,民權西路,30,12,10.68
復興崗,民權西路,30,12,10.68
復興崗,小碧潭,55,22,23.31
復興崗,新店,55,22,23.38
復興崗,七張,50,20,21.37
復興崗,大坪林,50,20,20.52
復興崗,大坪林,50,20,20.52
復興崗,景美,45,18,19.37
復興崗,萬隆,45,18,18.31
復興崗,公館,40,16,16.75
復興崗,台電大樓,40,16,15.85
復興崗,古亭,40,16,14.97
復興崗,中正紀念堂,40,16,14.04
復興崗,頂溪,45,18,17.11
復興崗,永安市場,45,18,18.44
復興崗,景安,45,18,19.52
復興崗,景安,45,18,19.52
復興崗,南勢角,50,20,20.33
復興崗,雙連,35,14,11.21
復興崗,圓山,30,12,9.65
復興崗,劍潭,30,12,8.13
復興崗,士林,25,10,7.04
復興崗,芝山,25,10,5.94
復興崗,明德,25,10,5.06
復興崗,石牌,20,8,4.46
復興崗,唭哩岸,20,8,3.2
復興崗,奇岩,20,8,2.37
復興崗,北投,20,8,1.61
復興崗,新北投,20,8,2.64
復興崗,復興崗,20,8,0
復興崗,忠義,20,8,1.45
復興崗,關渡,20,8,2.32
復興崗,竹圍,20,8,4.46
復興崗,紅樹林,25,10,6.37
復興崗,淡水,30,12,8.46
復興崗,西門,35,14,13.77
復興崗,象山,45,18,18.77
復興崗,台北101/世貿,45,18,18.04
復興崗,信義安和,45,18,17.04
復興崗,大安森林公園,40,16,15.91
復興崗,北門,35,14,13.02
復興崗,東門,40,16,15.24
復興崗,新店區公所,50,20,22.27
復興崗,小南門,40,16,14.59
復興崗,松江南京,35,14,13.06
復興崗,松江南京,35,14,13.06
復興崗,忠孝新生,40,16,14.04
復興崗,忠孝新生,40,16,14.04
復興崗,頂埔,60,24,28.41
復興崗,永寧,55,22,26.46
復興崗,土城,55,22,25.35
復興崗,海山,55,22,23.88
復興崗,亞東醫院,50,20,22.24
復興崗,府中,50,20,20.96
復興崗,板橋,50,20,20.31
復興崗,板橋,50,20,20.31
復興崗,新埔,45,18,19.03
復興崗,江子翠,45,18,18.16
復興崗,龍山寺,40,16,15.08
復興崗,善導寺,35,14,13.1
復興崗,忠孝敦化,40,16,15.83
復興崗,國父紀念館,40,16,16.56
復興崗,市政府,45,18,17.4
復興崗,永春,45,18,18.38
復興崗,後山埤,45,18,19.2
復興崗,昆陽,50,20,20.56
復興崗,南港,50,20,21.98
復興崗,台北小巨蛋,40,16,14.99
復興崗,南京三民,40,16,16.18
復興崗,松山,45,18,17.54
復興崗,輔大,50,20,20.28
復興崗,新莊,45,18,18.54
復興崗,頭前庄,45,18,17.53
復興崗,頭前庄,45,18,17.53
復興崗,先嗇宮,40,16,16.25
復興崗,三重,40,16,14.53
復興崗,菜寮,35,14,13.66
復興崗,台北橋,35,14,12.67
復興崗,大橋頭,35,14,11.34
復興崗,中山國小,35,14,11.39
復興崗,行天宮,35,14,12.34
復興崗,蘆洲,45,18,17.35
復興崗,三民高中,40,16,16.19
復興崗,徐匯中學,40,16,15.28
復興崗,三和國中,40,16,14.45
復興崗,三重國小,35,14,13.22
復興崗,迴龍,55,22,23.05
復興崗,丹鳳,50,20,21.65
復興崗,十四張,50,20,22.07
復興崗,秀朗橋,50,20,21.51
復興崗,景平,50,20,20.61
復興崗,中和,50,20,21.05
復興崗,橋和,50,20,21.68
復興崗,中原,50,20,22.42
復興崗,板新,50,20,21.2
復興崗,新埔民生,45,18,19.03
復興崗,幸福,45,18,18.68
復興崗,新北產業園區,45,18,19.92
復興崗,廣慈/奉天宮,45,18,20.13
忠義,松山機場,45,18,17.91
忠義,中山國中,40,16,16.43
忠義,科技大樓,45,18,18.25
忠義,六張犁,45,18,19.38
忠義,麟光,50,20,20.2
忠義,辛亥,50,20,21.8
忠義,萬芳醫院,50,20,22.56
忠義,萬芳社區,55,22,23.7
忠義,木柵,55,22,24.22
忠義,動物園,55,22,24.9
忠義,大安,45,18,17.5
忠義,大安,45,18,17.5
忠義,忠孝復興,40,16,16.61
忠義,忠孝復興,40,16,16.61
忠義,南京復興,40,16,15.5
忠義,南京復興,40,16,15.5
忠義,大直,50,20,20.49
忠義,劍南路,50,20,21.82
忠義,西湖,55,22,23.11
忠義,港墘,55,22,23.93
忠義,文德,55,22,24.94
忠義,內湖,55,22,26.07
忠義,大湖公園,55,22,26.94
忠義,葫洲,60,24,27.06
忠義,東湖,55,22,26.21
忠義,南港軟體園區,55,22,25.17
忠義,南港展覽館,55,22,24.52
忠義,南港展覽館,55,22,24.52
忠義,台大醫院,40,16,14.5
忠義,台北車站,35,14,13.87
忠義,台北車站,35,14,13.87
忠義,中山,35,14,13.21
忠義,中山,35,14,13.21
忠義,民權西路,35,14,12.13
忠義,民權西路,35,14,12.13
忠義,小碧潭,55,22,24.76
忠義,新店,55,22,24.83
忠義,七張,50,20,22.82
忠義,大坪林,50,20,21.97
忠義,大坪林,50,20,21.97
忠義,景美,50,20,20.82
忠義,萬隆,45,18,19.76
忠義,公館,45,18,18.2
忠義,台電大樓,45,18,17.3
忠義,古亭,40,16,16.42
忠義,中正紀念堂,40,16,15.49
忠義,頂溪,45,18,18.56
忠義,永安市場,45,18,19.89
忠義,景安,50,20,20.97
忠義,景安,50,20,20.97
忠義,南勢角,50,20,21.78
忠義,雙連,35,14,12.66
忠義,圓山,35,14,11.1
忠義,劍潭,30,12,9.58
忠義,士林,30,12,8.49
忠義,芝山,25,10,7.39
忠義,明德,25,10,6.51
忠義,石牌,25,10,5.91
忠義,唭哩岸,20,8,4.65
忠義,奇岩,20,8,3.82
忠義,北投,20,8,3.06
忠義,新北投,20,8,4.09
忠義,復興崗,20,8,1.45
忠義,忠義,20,8,0
忠義,關渡,20,8,0.87
忠義,竹圍,20,8,3.01
忠義,紅樹林,20,8,4.92
忠義,淡水,25,10,7.01
忠義,西門,40,16,15.22
忠義,象山,50,20,20.22
忠義,台北101/世貿,45,18,19.49
忠義,信義安和,45,18,18.49
忠義,大安森林公園,45,18,17.36
忠義,北門,40,16,14.47
忠義,東門,40,16,16.69
忠義,新店區公所,55,22,23.72
忠義,小南門,40,16,16.04
忠義,松江南京,40,16,14.51
忠義,松江南京,40,16,14.51
忠義,忠孝新生,40,16,15.49
忠義,忠孝新生,40,16,15.49
忠義,頂埔,60,24,29.86
忠義,永寧,60,24,27.91
忠義,土城,55,22,26.8
忠義,海山,55,22,25.33
忠義,亞東醫院,55,22,23.69
忠義,府中,50,20,22.41
忠義,板橋,50,20,21.76
忠義,板橋,50,20,21.76
忠義,新埔,50,20,20.48
忠義,江子翠,45,18,19.61
忠義,龍山寺,40,16,16.53
忠義,善導寺,40,16,14.55
忠義,忠孝敦化,45,18,17.28
忠義,國父紀念館,45,18,18.01
忠義,市政府,45,18,18.85
忠義,永春,45,18,19.83
忠義,後山埤,50,20,20.65
忠義,昆陽,50,20,22.01
忠義,南港,55,22,23.43
忠義,台北小巨蛋,40,16,16.44
忠義,南京三民,45,18,17.63
忠義,松山,45,18,18.99
忠義,輔大,50,20,21.73
忠義,新莊,45,18,19.99
忠義,頭前庄,45,18,18.98
忠義,頭前庄,45,18,18.98
忠義,先嗇宮,45,18,17.7
忠義,三重,40,16,15.98
忠義,菜寮,40,16,15.11
忠義,台北橋,40,16,14.12
忠義,大橋頭,35,14,12.79
忠義,中山國小,35,14,12.84
忠義,行天宮,35,14,13.79
忠義,蘆洲,45,18,18.8
忠義,三民高中,45,18,17.64
忠義,徐匯中學,40,16,16.73
忠義,三和國中,40,16,15.9
忠義,三重國小,40,16,14.67
忠義,迴龍,55,22,24.5
忠義,丹鳳,55,22,23.1
忠義,十四張,55,22,23.52
忠義,秀朗橋,50,20,22.96
忠義,景平,50,20,22.06
忠義,中和,50,20,22.5
忠義,橋和,55,22,23.13
忠義,中原,55,22,23.87
忠義,板新,50,20,22.65
忠義,新埔民生,50,20,20.48
忠義,幸福,50,20,20.13
忠義,新北產業園區,50,20,21.37
忠義,廣慈/奉天宮,50,20,21.58
關渡,松山機場,45,18,18.78
關渡,中山國中,45,18,17.3
關渡,科技大樓,45,18,19.12
關渡,六張犁,50,20,20.25
關渡,麟光,50,20,21.07
關渡,辛亥,50,20,22.67
關渡,萬芳醫院,55,22,23.43
關渡,萬芳社區,55,22,24.57
關渡,木柵,55,22,25.09
關渡,動物園,55,22,25.77
關渡,大安,45,18,18.37
關渡,大安,45,18,18.37
關渡,忠孝復興,45,18,17.48
關渡,忠孝復興,45,18,17.48
關渡,南京復興,40,16,16.37
關渡,南京復興,40,16,16.37
關渡,大直,50,20,21.36
關渡,劍南路,50,20,22.69
關渡,西湖,55,22,23.98
關渡,港墘,55,22,24.8
關渡,文德,55,22,25.81
關渡,內湖,55,22,26.94
關渡,大湖公園,60,24,27.81
關渡,葫洲,60,24,27.93
關渡,東湖,60,24,27.08
關渡,南港軟體園區,55,22,26.04
關渡,南港展覽館,55,22,25.39
關渡,南港展覽館,55,22,25.39
關渡,台大醫院,40,16,15.37
關渡,台北車站,40,16,14.74
關渡,台北車站,40,16,14.74
關渡,中山,40,16,14.08
關渡,中山,40,16,14.08
關渡,民權西路,35,14,13
關渡,民權西路,35,14,13
關渡,小碧潭,55,22,25.63
關渡,新店,55,22,25.7
關渡,七張,55,22,23.69
關渡,大坪林,50,20,22.84
關渡,大坪林,50,20,22.84
關渡,景美,50,20,21.69
關渡,萬隆,50,20,20.63
關渡,公館,45,18,19.07
關渡,台電大樓,45,18,18.17
關渡,古亭,45,18,17.29
關渡,中正紀念堂,40,16,16.36
關渡,頂溪,45,18,19.43
關渡,永安市場,50,20,20.76
關渡,景安,50,20,21.84
關渡,景安,50,20,21.84
關渡,南勢角,50,20,22.65
關渡,雙連,35,14,13.53
關渡,圓山,35,14,11.97
關渡,劍潭,30,12,10.45
關渡,士林,30,12,9.36
關渡,芝山,30,12,8.26
關渡,明德,25,10,7.38
關渡,石牌,25,10,6.78
關渡,唭哩岸,25,10,5.52
關渡,奇岩,20,8,4.69
關渡,北投,20,8,3.93
關渡,新北投,20,8,4.96
關渡,復興崗,20,8,2.32
關渡,忠義,20,8,0.87
關渡,關渡,20,8,0
關渡,竹圍,20,8,2.14
關渡,紅樹林,20,8,4.05
關渡,淡水,25,10,6.14
關渡,西門,40,16,16.09
關渡,象山,50,20,21.09
關渡,台北101/世貿,50,20,20.36
關渡,信義安和,45,18,19.36
關渡,大安森林公園,45,18,18.23
關渡,北門,40,16,15.34
關渡,東門,45,18,17.56
關渡,新店區公所,55,22,24.59
關渡,小南門,40,16,16.91
關渡,松江南京,40,16,15.38
關渡,松江南京,40,16,15.38
關渡,忠孝新生,40,16,16.36
關渡,忠孝新生,40,16,16.36
關渡,頂埔,60,24,30.73
關渡,永寧,60,24,28.78
關渡,土城,60,24,27.67
關渡,海山,55,22,26.2
關渡,亞東醫院,55,22,24.56
關渡,府中,55,22,23.28
關渡,板橋,50,20,22.63
關渡,板橋,50,20,22.63
關渡,新埔,50,20,21.35
關渡,江子翠,50,20,20.48
關渡,龍山寺,45,18,17.4
關渡,善導寺,40,16,15.42
關渡,忠孝敦化,45,18,18.15
關渡,國父紀念館,45,18,18.88
關渡,市政府,45,18,19.72
關渡,永春,50,20,20.7
關渡,後山埤,50,20,21.52
關渡,昆陽,50,20,22.88
關渡,南港,55,22,24.3
關渡,台北小巨蛋,45,18,17.31
關渡,南京三民,45,18,18.5
關渡,松山,45,18,19.86
關渡,輔大,50,20,22.6
關渡,新莊,50,20,20.86
關渡,頭前庄,45,18,19.85
關渡,頭前庄,45,18,19.85
關渡,先嗇宮,45,18,18.57
關渡,三重,40,16,16.85
關渡,菜寮,40,16,15.98
關渡,台北橋,40,16,14.99
關渡,大橋頭,35,14,13.66
關渡,中山國小,35,14,13.71
關渡,行天宮,40,16,14.66
關渡,蘆洲,45,18,19.67
關渡,三民高中,45,18,18.51
關渡,徐匯中學,45,18,17.6
關渡,三和國中,40,16,16.77
關渡,三重國小,40,16,15.54
關渡,迴龍,55,22,25.37
關渡,丹鳳,55,22,23.97
關渡,十四張,55,22,24.39
關渡,秀朗橋,55,22,23.83
關渡,景平,50,20,22.93
關渡,中和,55,22,23.37
關渡,橋和,55,22,24
關渡,中原,55,22,24.74
關渡,板新,55,22,23.52
關渡,新埔民生,50,20,21.35
關渡,幸福,50,20,21
關渡,新北產業園區,50,20,22.24
關渡,廣慈/奉天宮,50,20,22.45
竹圍,松山機場,50,20,20.92
竹圍,中山國中,45,18,19.44
竹圍,科技大樓,50,20,21.26
竹圍,六張犁,50,20,22.39
竹圍,麟光,55,22,23.21
竹圍,辛亥,55,22,24.81
竹圍,萬芳醫院,55,22,25.57
竹圍,萬芳社區,55,22,26.71
竹圍,木柵,60,24,27.23
竹圍,動物園,60,24,27.91
竹圍,大安,50,20,20.51
竹圍,大安,50,20,20.51
竹圍,忠孝復興,45,18,19.62
竹圍,忠孝復興,45,18,19.62
竹圍,南京復興,45,18,18.51
竹圍,南京復興,45,18,18.51
竹圍,大直,55,22,23.5
竹圍,劍南路,55,22,24.83
竹圍,西湖,55,22,26.12
竹圍,港墘,55,22,26.94
竹圍,文德,60,24,27.95
竹圍,內湖,60,24,29.08
竹圍,大湖公園,60,24,29.95
竹圍,葫洲,60,24,30.07
竹圍,東湖,60,24,29.22
竹圍,南港軟體園區,60,24,28.18
竹圍,南港展覽館,60,24,27.53
竹圍,南港展覽館,60,24,27.53
竹圍,台大醫院,45,18,17.51
竹圍,台北車站,40,16,16.88
竹圍,台北車站,40,16,16.88
竹圍,中山,40,16,16.22
竹圍,中山,40,16,16.22
竹圍,民權西路,40,16,15.14
竹圍,民權西路,40,16,15.14
竹圍,小碧潭,60,24,27.77
竹圍,新店,60,24,27.84
竹圍,七張,55,22,25.83
竹圍,大坪林,55,22,24.98
竹圍,大坪林,55,22,24.98
竹圍,景美,55,22,23.83
竹圍,萬隆,50,20,22.77
竹圍,公館,50,20,21.21
竹圍,台電大樓,50,20,20.31
竹圍,古亭,45,18,19.43
竹圍,中正紀念堂,45,18,18.5
竹圍,頂溪,50,20,21.57
竹圍,永安市場,50,20,22.9
竹圍,景安,55,22,23.98
竹圍,景安,55,22,23.98
竹圍,南勢角,55,22,24.79
竹圍,雙連,40,16,15.67
竹圍,圓山,40,16,14.11
竹圍,劍潭,35,14,12.59
竹圍,士林,35,14,11.5
竹圍,芝山,30,12,10.4
竹圍,明德,30,12,9.52
竹圍,石牌,30,12,8.92
竹圍,唭哩岸,25,10,7.66
竹圍,奇岩,25,10,6.83
竹圍,北投,25,10,6.07
竹圍,新北投,25,10,7.1
竹圍,復興崗,20,8,4.46
竹圍,忠義,20,8,3.01
竹圍,關渡,20,8,2.14
竹圍,竹圍,20,8,0
竹圍,紅樹林,20,8,1.91
竹圍,淡水,20,8,4
竹圍,西門,45,18,18.23
竹圍,象山,55,22,23.23
竹圍,台北101/世貿,50,20,22.5
竹圍,信義安和,50,20,21.5
竹圍,大安森林公園,50,20,20.37
竹圍,北門,45,18,17.48
竹圍,東門,45,18,19.7
竹圍,新店區公所,55,22,26.73
竹圍,小南門,45,18,19.05
竹圍,松江南京,45,18,17.52
竹圍,松江南京,45,18,17.52
竹圍,忠孝新生,45,18,18.5
竹圍,忠孝新生,45,18,18.5
竹圍,頂埔,65,26,32.87
竹圍,永寧,60,24,30.92
竹圍,土城,60,24,29.81
竹圍,海山,60,24,28.34
竹圍,亞東醫院,55,22,26.7
竹圍,府中,55,22,25.42
竹圍,板橋,55,22,24.77
竹圍,板橋,55,22,24.77
竹圍,新埔,55,22,23.49
竹圍,江子翠,50,20,22.62
竹圍,龍山寺,45,18,19.54
竹圍,善導寺,45,18,17.56
竹圍,忠孝敦化,50,20,20.29
竹圍,國父紀念館,50,20,21.02
竹圍,市政府,50,20,21.86
竹圍,永春,50,20,22.84
竹圍,後山埤,55,22,23.66
竹圍,昆陽,55,22,25.02
竹圍,南港,55,22,26.44
竹圍,台北小巨蛋,45,18,19.45
竹圍,南京三民,50,20,20.64
竹圍,松山,50,20,22
竹圍,輔大,55,22,24.74
竹圍,新莊,55,22,23.01
竹圍,頭前庄,50,20,21.99
竹圍,頭前庄,50,20,21.99
竹圍,先嗇宮,50,20,20.71
竹圍,三重,45,18,18.99
竹圍,菜寮,45,18,18.12
竹圍,台北橋,45,18,17.13
竹圍,大橋頭,40,16,15.8
竹圍,中山國小,40,16,15.85
竹圍,行天宮,40,16,16.8
竹圍,蘆洲,50,20,21.81
竹圍,三民高中,50,20,20.65
竹圍,徐匯中學,45,18,19.74
竹圍,三和國中,45,18,18.91
竹圍,三重國小,45,18,17.68
竹圍,迴龍,60,24,27.51
竹圍,丹鳳,55,22,26.11
竹圍,十四張,55,22,26.53
竹圍,秀朗橋,55,22,25.97
竹圍,景平,55,22,25.07
竹圍,中和,55,22,25.51
竹圍,橋和,55,22,26.14
竹圍,中原,55,22,26.88
竹圍,板新,55,22,25.66
竹圍,新埔民生,55,22,23.49
竹圍,幸福,55,22,23.14
竹圍,新北產業園區,55,22,24.38
竹圍,廣慈/奉天宮,55,22,24.59
紅樹林,松山機場,50,20,22.83
紅樹林,中山國中,50,20,21.35
紅樹林,科技大樓,55,22,23.17
紅樹林,六張犁,55,22,24.3
紅樹林,麟光,55,22,25.12
紅樹林,辛亥,55,22,26.72
紅樹林,萬芳醫院,60,24,27.48
紅樹林,萬芳社區,60,24,28.62
紅樹林,木柵,60,24,29.14
紅樹林,動物園,60,24,29.82
紅樹林,大安,50,20,22.42
紅樹林,大安,50,20,22.42
紅樹林,忠孝復興,50,20,21.53
紅樹林,忠孝復興,50,20,21.53
紅樹林,南京復興,50,20,20.42
紅樹林,南京復興,50,20,20.42
紅樹林,大直,55,22,25.41
紅樹林,劍南路,55,22,26.74
紅樹林,西湖,60,24,28.03
紅樹林,港墘,60,24,28.85
紅樹林,文德,60,24,29.86
紅樹林,內湖,60,24,30.99
紅樹林,大湖公園,65,26,31.86
紅樹林,葫洲,65,26,31.98
紅樹林,東湖,65,26,31.13
紅樹林,南港軟體園區,60,24,30.09
紅樹林,南港展覽館,60,24,29.44
紅樹林,南港展覽館,60,24,29.44
紅樹林,台大醫院,45,18,19.42
紅樹林,台北車站,45,18,18.79
紅樹林,台北車站,45,18,18.79
紅樹林,中山,45,18,18.13
紅樹林,中山,45,18,18.13
紅樹林,民權西路,45,18,17.05
紅樹林,民權西路,45,18,17.05
紅樹林,小碧潭,60,24,29.68
紅樹林,新店,60,24,29.75
紅樹林,七張,60,24,27.74
紅樹林,大坪林,55,22,26.89
紅樹林,大坪林,55,22,26.89
紅樹林,景美,55,22,25.74
紅樹林,萬隆,55,22,24.68
紅樹林,公館,55,22,23.12
紅樹林,台電大樓,50,20,22.22
紅樹林,古亭,50,20,21.34
紅樹林,中正紀念堂,50,20,20.41
紅樹林,頂溪,55,22,23.48
紅樹林,永安市場,55,22,24.81
紅樹林,景安,55,22,25.89
紅樹林,景安,55,22,25.89
紅樹林,南勢角,55,22,26.7
紅樹林,雙連,45,18,17.58
紅樹林,圓山,40,16,16.02
紅樹林,劍潭,40,16,14.5
紅樹林,士林,35,14,13.41
紅樹林,芝山,35,14,12.31
紅樹林,明德,35,14,11.43
紅樹林,石牌,30,12,10.83
紅樹林,唭哩岸,30,12,9.57
紅樹林,奇岩,30,12,8.74
紅樹林,北投,25,10,7.98
紅樹林,新北投,30,12,9.01
紅樹林,復興崗,25,10,6.37
紅樹林,忠義,20,8,4.92
紅樹林,關渡,20,8,4.05
紅樹林,竹圍,20,8,1.91
紅樹林,紅樹林,20,8,0
紅樹林,淡水,20,8,2.09
紅樹林,西門,50,20,20.14
紅樹林,象山,55,22,25.14
紅樹林,台北101/世貿,55,22,24.41
紅樹林,信義安和,55,22,23.41
紅樹林,大安森林公園,50,20,22.28
紅樹林,北門,45,18,19.39
紅樹林,東門,50,20,21.61
紅樹林,新店區公所,60,24,28.64
紅樹林,小南門,50,20,20.96
紅樹林,松江南京,45,18,19.43
紅樹林,松江南京,45,18,19.43
紅樹林,忠孝新生,50,20,20.41
紅樹林,忠孝新生,50,20,20.41
紅樹林,頂埔,65,26,34.78
紅樹林,永寧,65,26,32.83
紅樹林,土城,65,26,31.72
紅樹林,海山,60,24,30.25
紅樹林,亞東醫院,60,24,28.61
紅樹林,府中,60,24,27.33
紅樹林,板橋,55,22,26.68
紅樹林,板橋,55,22,26.68
紅樹林,新埔,55,22,25.4
紅樹林,江子翠,55,22,24.53
紅樹林,龍山寺,50,20,21.45
紅樹林,善導寺,45,18,19.47
紅樹林,忠孝敦化,50,20,22.2
紅樹林,國父紀念館,50,20,22.93
紅樹林,市政府,55,22,23.77
紅樹林,永春,55,22,24.75
紅樹林,後山埤,55,22,25.57
紅樹林,昆陽,55,22,26.93
紅樹林,南港,60,24,28.35
紅樹林,台北小巨蛋,50,20,21.36
紅樹林,南京三民,50,20,22.55
紅樹林,松山,55,22,23.91
紅樹林,輔大,55,22,26.65
紅樹林,新莊,55,22,24.91
紅樹林,頭前庄,55,22,23.9
紅樹林,頭前庄,55,22,23.9
紅樹林,先嗇宮,50,20,22.62
紅樹林,三重,50,20,20.9
紅樹林,菜寮,50,20,20.03
紅樹林,台北橋,45,18,19.04
紅樹林,大橋頭,45,18,17.71
紅樹林,中山國小,45,18,17.76
紅樹林,行天宮,45,18,18.71
紅樹林,蘆洲,55,22,23.72
紅樹林,三民高中,50,20,22.56
紅樹林,徐匯中學,50,20,21.65
紅樹林,三和國中,50,20,20.82
紅樹林,三重國小,45,18,19.59
紅樹林,迴龍,60,24,29.42
紅樹林,丹鳳,60,24,28.02
紅樹林,十四張,60,24,28.44
紅樹林,秀朗橋,60,24,27.88
紅樹林,景平,55,22,26.98
紅樹林,中和,60,24,27.42
紅樹林,橋和,60,24,28.05
紅樹林,中原,60,24,28.79
紅樹林,板新,60,24,27.57
紅樹林,新埔民生,55,22,25.4
紅樹林,幸福,55,22,25.05
紅樹林,新北產業園區,55,22,26.29
紅樹林,廣慈/奉天宮,55,22,26.5
淡水,松山機場,55,22,24.92
淡水,中山國中,55,22,23.44
淡水,科技大樓,55,22,25.26
淡水,六張犁,55,22,26.39
淡水,麟光,60,24,27.21
淡水,辛亥,60,24,28.81
淡水,萬芳醫院,60,24,29.57
淡水,萬芳社區,60,24,30.71
淡水,木柵,65,26,31.23
淡水,動物園,65,26,31.91
淡水,大安,55,22,24.51
淡水,大安,55,22,24.51
淡水,忠孝復興,55,22,23.62
淡水,忠孝復興,55,22,23.62
淡水,南京復興,50,20,22.51
淡水,南京復興,50,20,22.51
淡水,大直,60,24,27.5
淡水,劍南路,60,24,28.83
淡水,西湖,60,24,30.12
淡水,港墘,60,24,30.94
淡水,文德,65,26,31.95
淡水,內湖,65,26,33.08
淡水,大湖公園,65,26,33.95
淡水,葫洲,65,26,34.07
淡水,東湖,65,26,33.22
淡水,南港軟體園區,65,26,32.18
淡水,南港展覽館,65,26,31.53
淡水,南港展覽館,65,26,31.53
淡水,台大醫院,50,20,21.51
淡水,台北車站,50,20,20.88
淡水,台北車站,50,20,20.88
淡水,中山,50,20,20.22
淡水,中山,50,20,20.22
淡水,民權西路,45,18,19.14
淡水,民權西路,45,18,19.14
淡水,小碧潭,65,26,31.77
淡水,新店,65,26,31.84
淡水,七張,60,24,29.83
淡水,大坪林,60,24,28.98
淡水,大坪林,60,24,28.98
淡水,景美,60,24,27.83
淡水,萬隆,55,22,26.77
淡水,公館,55,22,25.21
淡水,台電大樓,55,22,24.31
淡水,古亭,55,22,23.43
淡水,中正紀念堂,50,20,22.5
淡水,頂溪,55,22,25.57
淡水,永安市場,55,22,26.9
淡水,景安,60,24,27.98
淡水,景安,60,24,27.98
淡水,南勢角,60,24,28.79
淡水,雙連,45,18,19.67
淡水,圓山,45,18,18.11
淡水,劍潭,40,16,16.59
淡水,士林,40,16,15.5
淡水,芝山,40,16,14.4
淡水,明德,35,14,13.52
淡水,石牌,35,14,12.92
淡水,唭哩岸,35,14,11.66
淡水,奇岩,30,12,10.83
淡水,北投,30,12,10.07
淡水,新北投,35,14,11.1
淡水,復興崗,30,12,8.46
淡水,忠義,25,10,7.01
淡水,關渡,25,10,6.14
淡水,竹圍,20,8,4
淡水,紅樹林,20,8,2.09
淡水,淡水,20,8,0
淡水,西門,50,20,22.23
淡水,象山,60,24,27.23
淡水,台北101/世貿,55,22,26.5
淡水,信義安和,55,22,25.5
淡水,大安森林公園,55,22,24.37
淡水,北門,50,20,21.48
淡水,東門,55,22,23.7
淡水,新店區公所,60,24,30.73
淡水,小南門,55,22,23.05
淡水,松江南京,50,20,21.52
淡水,松江南京,50,20,21.52
淡水,忠孝新生,50,20,22.5
淡水,忠孝新生,50,20,22.5
淡水,頂埔,65,26,36.87
淡水,永寧,65,26,34.92
淡水,土城,65,26,33.81
淡水,海山,65,26,32.34
淡水,亞東醫院,60,24,30.7
淡水,府中,60,24,29.42
淡水,板橋,60,24,28.77
淡水,板橋,60,24,28.77
淡水,新埔,60,24,27.49
淡水,江子翠,55,22,26.62
淡水,龍山寺,55,22,23.54
淡水,善導寺,50,20,21.56
淡水,忠孝敦化,55,22,24.29
淡水,國父紀念館,55,22,25.02
淡水,市政府,55,22,25.86
淡水,永春,55,22,26.84
淡水,後山埤,60,24,27.66
淡水,昆陽,60,24,29.02
淡水,南港,60,24,30.44
淡水,台北小巨蛋,55,22,23.45
淡水,南京三民,55,22,24.64
淡水,松山,55,22,26
淡水,輔大,60,24,28.74
淡水,新莊,60,24,27.01
淡水,頭前庄,55,22,25.99
淡水,頭前庄,55,22,25.99
淡水,先嗇宮,55,22,24.71
淡水,三重,50,20,22.99
淡水,菜寮,50,20,22.12
淡水,台北橋,50,20,21.13
淡水,大橋頭,45,18,19.8
淡水,中山國小,45,18,19.85
淡水,行天宮,50,20,20.8
淡水,蘆洲,55,22,25.81
淡水,三民高中,55,22,24.65
淡水,徐匯中學,55,22,23.74
淡水,三和國中,50,20,22.91
淡水,三重國小,50,20,21.68
淡水,迴龍,65,26,31.51
淡水,丹鳳,60,24,30.11
淡水,十四張,60,24,30.53
淡水,秀朗橋,60,24,29.97
淡水,景平,60,24,29.07
淡水,中和,60,24,29.51
淡水,橋和,60,24,30.14
淡水,中原,60,24,30.88
淡水,板新,60,24,29.66
淡水,新埔民生,60,24,27.49
淡水,幸福,60,24,27.14
淡水,新北產業園區,60,24,28.38
淡水,廣慈/奉天宮,60,24,28.59
西門,松山機場,25,10,6.71
西門,中山國中,25,10,5.23
西門,科技大樓,25,10,5.34
西門,六張犁,25,10,6.48
西門,麟光,25,10,7.3
西門,辛亥,30,12,8.89
西門,萬芳醫院,30,12,9.66
西門,萬芳社區,30,12,10.8
西門,木柵,35,14,11.31
西門,動物園,35,14,11.99
西門,大安,20,8,4.6
西門,大安,20,8,4.6
西門,忠孝復興,20,8,4.09
西門,忠孝復興,20,8,4.09
西門,南京復興,20,8,4.3
西門,南京復興,20,8,4.3
西門,大直,30,12,9.29
西門,劍南路,30,12,10.62
西門,西湖,35,14,11.9
西門,港墘,35,14,12.73
西門,文德,35,14,13.74
西門,內湖,40,16,14.87
西門,大湖公園,40,16,15.74
西門,葫洲,40,16,14.54
西門,東湖,35,14,13.69
西門,南港軟體園區,35,14,12.65
西門,南港展覽館,35,14,12
西門,南港展覽館,35,14,12
西門,台大醫院,20,8,1.98
西門,台北車站,20,8,1.35
西門,台北車站,20,8,1.35
西門,中山,20,8,2.01
西門,中山,20,8,2.01
西門,民權西路,20,8,3.09
西門,民權西路,20,8,3.09
西門,小碧潭,30,12,10.86
西門,新店,30,12,10.92
西門,七張,30,12,8.91
西門,大坪林,30,12,8.06
西門,大坪林,30,12,8.06
西門,景美,25,10,6.91
西門,萬隆,25,10,5.85
西門,公館,20,8,4.29
西門,台電大樓,20,8,3.39
西門,古亭,20,8,2.51
西門,中正紀念堂,20,8,1.58
西門,頂溪,20,8,4.65
西門,永安市場,25,10,5.98
西門,景安,25,10,7.06
西門,景安,25,10,7.06
西門,南勢角,25,10,7.87
西門,雙連,20,8,2.56
西門,圓山,20,8,4.12
西門,劍潭,25,10,5.64
西門,士林,25,10,6.73
西門,芝山,25,10,7.83
西門,明德,30,12,8.71
西門,石牌,30,12,9.31
西門,唭哩岸,30,12,10.57
西門,奇岩,35,14,11.4
西門,北投,35,14,12.16
西門,新北投,35,14,13.19
西門,復興崗,35,14,13.77
西門,忠義,40,16,15.22
西門,關渡,40,16,16.09
西門,竹圍,45,18,18.23
西門,紅樹林,50,20,20.14
西門,淡水,50,20,22.23
西門,西門,20,8,0
西門,象山,25,10,7.31
西門,台北101/世貿,25,10,6.58
西門,信義安和,25,10,5.59
西門,大安森林公園,20,8,3.81
西門,北門,20,8,0.81
西門,東門,20,8,3.14
西門,新店區公所,30,12,9.81
西門,小南門,20,8,0.82
西門,松江南京,20,8,3.31
西門,松江南京,20,8,3.31
西門,忠孝新生,20,8,2.97
西門,忠孝新生,20,8,2.97
西門,頂埔,40,16,14.64
西門,永寧,35,14,12.69
西門,土城,35,14,11.58
西門,海山,30,12,10.11
西門,亞東醫院,30,12,8.47
西門,府中,25,10,7.19
西門,板橋,25,10,6.54
西門,板橋,25,10,6.54
西門,新埔,25,10,5.26
西門,江子翠,20,8,4.39
西門,龍山寺,20,8,1.31
西門,善導寺,20,8,2.03
西門,忠孝敦化,20,8,4.76
西門,國父紀念館,25,10,5.48
西門,市政府,25,10,6.33
西門,永春,25,10,7.31
西門,後山埤,30,12,8.13
西門,昆陽,30,12,9.49
西門,南港,30,12,10.91
西門,台北小巨蛋,25,10,5.24
西門,南京三民,25,10,6.43
西門,松山,25,10,7.79
西門,輔大,30,12,9.65
西門,新莊,25,10,7.91
西門,頭前庄,25,10,6.89
西門,頭前庄,25,10,6.89
西門,先嗇宮,30,12,8.17
西門,三重,25,10,6.94
西門,菜寮,25,10,6.07
西門,台北橋,25,10,5.08
西門,大橋頭,20,8,3.75
西門,中山國小,20,8,3.8
西門,行天宮,20,8,4.1
西門,蘆洲,30,12,9.76
西門,三民高中,30,12,8.59
西門,徐匯中學,25,10,7.69
西門,三和國中,25,10,6.86
西門,三重國小,25,10,5.63
西門,迴龍,35,14,12.42
西門,丹鳳,35,14,11.02
西門,十四張,30,12,9.61
西門,秀朗橋,30,12,9.05
西門,景平,30,12,8.15
西門,中和,30,12,8.59
西門,橋和,30,12,9.22
西門,中原,30,12,8.84
西門,板新,25,10,7.43
西門,新埔民生,25,10,5.26
西門,幸福,30,12,8.05
西門,新北產業園區,30,12,9.29
西門,廣慈/奉天宮,25,10,8.68
象山,松山機場,25,10,7.29
象山,中山國中,25,10,5.81
象山,科技大樓,20,8,3.46
象山,六張犁,20,8,4.6
象山,麟光,25,10,5.42
象山,辛亥,25,10,7.01
象山,萬芳醫院,25,10,7.78
象山,萬芳社區,30,12,8.92
象山,木柵,30,12,9.43
象山,動物園,30,12,10.11
象山,大安,20,8,2.72
象山,大安,20,8,2.72
象山,忠孝復興,20,8,3.61
象山,忠孝復興,20,8,3.61
象山,南京復興,20,8,4.88
象山,南京復興,20,8,4.88
象山,大直,30,12,9.87
象山,劍南路,35,14,11.2
象山,西湖,35,14,12.49
象山,港墘,35,14,13.31
象山,文德,40,16,14.32
象山,內湖,40,16,15.45
象山,大湖公園,40,16,15.69
象山,葫洲,40,16,14.06
象山,東湖,35,14,13.21
象山,南港軟體園區,35,14,12.17
象山,南港展覽館,35,14,11.52
象山,南港展覽館,35,14,11.52
象山,台大醫院,25,10,6.72
象山,台北車站,25,10,6.35
象山,台北車站,25,10,6.35
象山,中山,25,10,7.01
象山,中山,25,10,7.01
象山,民權西路,30,12,8.09
象山,民權西路,30,12,8.09
象山,小碧潭,40,16,14.09
象山,新店,40,16,14.16
象山,七張,35,14,12.15
象山,大坪林,35,14,11.3
象山,大坪林,35,14,11.3
象山,景美,30,12,10.15
象山,萬隆,30,12,9.09
象山,公館,25,10,7.53
象山,台電大樓,25,10,6.63
象山,古亭,25,10,5.75
象山,中正紀念堂,25,10,5.73
象山,頂溪,25,10,7.89
象山,永安市場,30,12,9.22
象山,景安,30,12,10.3
象山,景安,30,12,10.3
象山,南勢角,35,14,11.11
象山,雙連,25,10,7.56
象山,圓山,30,12,9.12
象山,劍潭,30,12,10.64
象山,士林,35,14,11.73
象山,芝山,35,14,12.83
象山,明德,35,14,13.71
象山,石牌,40,16,14.31
象山,唭哩岸,40,16,15.57
象山,奇岩,40,16,16.4
象山,北投,45,18,17.16
象山,新北投,45,18,18.19
象山,復興崗,45,18,18.77
象山,忠義,50,20,20.22
象山,關渡,50,20,21.09
象山,竹圍,55,22,23.23
象山,紅樹林,55,22,25.14
象山,淡水,60,24,27.23
象山,西門,25,10,7.31
象山,象山,20,8,0
象山,台北101/世貿,20,8,0.74
象山,信義安和,20,8,1.73
象山,大安森林公園,20,8,3.51
象山,北門,30,12,8.13
象山,東門,20,8,4.17
象山,新店區公所,35,14,13.05
象山,小南門,25,10,6.5
象山,松江南京,25,10,5.87
象山,松江南京,25,10,5.87
象山,忠孝新生,20,8,4.73
象山,忠孝新生,20,8,4.73
象山,頂埔,50,20,21.95
象山,永寧,50,20,20.01
象山,土城,45,18,18.89
象山,海山,45,18,17.43
象山,亞東醫院,40,16,15.78
象山,府中,40,16,14.5
象山,板橋,35,14,13.85
象山,板橋,35,14,13.85
象山,新埔,35,14,12.57
象山,江子翠,35,14,11.71
象山,龍山寺,30,12,8.63
象山,善導寺,25,10,5.67
象山,忠孝敦化,20,8,4.28
象山,國父紀念館,25,10,5.01
象山,市政府,25,10,5.85
象山,永春,25,10,6.83
象山,後山埤,25,10,7.65
象山,昆陽,30,12,9.01
象山,南港,30,12,10.43
象山,台北小巨蛋,25,10,5.82
象山,南京三民,25,10,7.01
象山,松山,30,12,8.37
象山,輔大,40,16,16.96
象山,新莊,40,16,15.22
象山,頭前庄,40,16,14.21
象山,頭前庄,40,16,14.21
象山,先嗇宮,35,14,13.66
象山,三重,35,14,11.94
象山,菜寮,35,14,11.07
象山,台北橋,30,12,10.08
象山,大橋頭,30,12,8.75
象山,中山國小,25,10,7.62
象山,行天宮,25,10,6.67
象山,蘆洲,40,16,14.76
象山,三民高中,35,14,13.6
象山,徐匯中學,35,14,12.69
象山,三和國中,35,14,11.86
象山,三重國小,30,12,10.63
象山,迴龍,45,18,19.73
象山,丹鳳,45,18,18.33
象山,十四張,35,14,12.85
象山,秀朗橋,35,14,12.28
象山,景平,35,14,11.38
象山,中和,35,14,11.82
象山,橋和,35,14,12.45
象山,中原,35,14,13.19
象山,板新,40,16,14.6
象山,新埔民生,35,14,12.57
象山,幸福,40,16,15.36
象山,新北產業園區,40,16,16.6
象山,廣慈/奉天宮,0,0,1.36
台北101/世貿,松山機場,25,10,6.55
台北101/世貿,中山國中,25,10,5.07
台北101/世貿,科技大樓,20,8,2.73
台北101/世貿,六張犁,20,8,3.86
台北101/世貿,麟光,20,8,4.68
台北101/世貿,辛亥,25,10,6.28
台北101/世貿,萬芳醫院,25,10,7.04
台北101/世貿,萬芳社區,30,12,8.18
台北101/世貿,木柵,30,12,8.7
台北101/世貿,動物園,30,12,9.38
台北101/世貿,大安,20,8,1.98
台北101/世貿,大安,20,8,1.98
台北101/世貿,忠孝復興,20,8,2.88
台北101/世貿,忠孝復興,20,8,2.88
台北101/世貿,南京復興,20,8,4.14
台北101/世貿,南京復興,20,8,4.14
台北101/世貿,大直,30,12,9.14
台北101/世貿,劍南路,30,12,10.47
台北101/世貿,西湖,35,14,11.75
台北101/世貿,港墘,35,14,12.58
台北101/世貿,文德,35,14,13.59
台北101/世貿,內湖,40,16,14.72
台北101/世貿,大湖公園,40,16,14.95
台北101/世貿,葫洲,35,14,13.33
台北101/世貿,東湖,35,14,12.47
台北101/世貿,南港軟體園區,35,14,11.43
台北101/世貿,南港展覽館,30,12,10.79
台北101/世貿,南港展覽館,30,12,10.79
台北101/世貿,台大醫院,25,10,5.99
台北101/世貿,台北車站,25,10,5.62
台北101/世貿,台北車站,25,10,5.62
台北101/世貿,中山,25,10,6.28
台北101/世貿,中山,25,10,6.28
台北101/世貿,民權西路,25,10,7.36
台北101/世貿,民權西路,25,10,7.36
台北101/世貿,小碧潭,35,14,13.36
台北101/世貿,新店,35,14,13.42
台北101/世貿,七張,35,14,11.41
台北101/世貿,大坪林,30,12,10.56
台北101/世貿,大坪林,30,12,10.56
台北101/世貿,景美,30,12,9.41
台北101/世貿,萬隆,30,12,8.35
台北101/世貿,公館,25,10,6.79
台北101/世貿,台電大樓,25,10,5.89
台北101/世貿,古亭,25,10,5.01
台北101/世貿,中正紀念堂,20,8,5
台北101/世貿,頂溪,25,10,7.15
台北101/世貿,永安市場,30,12,8.48
台北101/世貿,景安,30,12,9.56
台北101/世貿,景安,30,12,9.56
台北101/世貿,南勢角,30,12,10.37
台北101/世貿,雙連,25,10,6.83
台北101/世貿,圓山,30,12,8.39
台北101/世貿,劍潭,30,12,9.91
台北101/世貿,士林,30,12,11
台北101/世貿,芝山,35,14,12.1
台北101/世貿,明德,35,14,12.98
台北101/世貿,石牌,35,14,13.58
台北101/世貿,唭哩岸,40,16,14.84
台北101/世貿,奇岩,40,16,15.67
台北101/世貿,北投,40,16,16.43
台北101/世貿,新北投,45,18,17.46
台北101/世貿,復興崗,45,18,18.04
台北101/世貿,忠義,45,18,19.49
台北101/世貿,關渡,50,20,20.36
台北101/世貿,竹圍,50,20,22.5
台北101/世貿,紅樹林,55,22,24.41
台北101/世貿,淡水,55,22,26.5
台北101/世貿,西門,25,10,6.58
台北101/世貿,象山,20,8,0.74
台北101/世貿,台北101/世貿,20,8,0
台北101/世貿,信義安和,20,8,0.99
台北101/世貿,大安森林公園,20,8,2.77
台北101/世貿,北門,25,10,7.39
台北101/世貿,東門,20,8,3.44
台北101/世貿,新店區公所,35,14,12.31
台北101/世貿,小南門,25,10,5.76
台北101/世貿,松江南京,25,10,5.14
台北101/世貿,松江南京,25,10,5.14
台北101/世貿,忠孝新生,20,8,3.99
台北101/世貿,忠孝新生,20,8,3.99
台北101/世貿,頂埔,50,20,21.22
台北101/世貿,永寧,45,18,19.27
台北101/世貿,土城,45,18,18.16
台北101/世貿,海山,40,16,16.69
台北101/世貿,亞東醫院,40,16,15.05
台北101/世貿,府中,35,14,13.77
台北101/世貿,板橋,35,14,13.12
台北101/世貿,板橋,35,14,13.12
台北101/世貿,新埔,35,14,11.84
台北101/世貿,江子翠,30,12,10.97
台北101/世貿,龍山寺,25,10,7.89
台北101/世貿,善導寺,20,8,4.93
台北101/世貿,忠孝敦化,20,8,3.54
台北101/世貿,國父紀念館,20,8,4.27
台北101/世貿,市政府,25,10,5.11
台北101/世貿,永春,25,10,6.1
台北101/世貿,後山埤,25,10,6.91
台北101/世貿,昆陽,30,12,8.28
台北101/世貿,南港,30,12,9.7
台北101/世貿,台北小巨蛋,25,10,5.08
台北101/世貿,南京三民,25,10,6.28
台北101/世貿,松山,25,10,7.63
台北101/世貿,輔大,40,16,16.23
台北101/世貿,新莊,40,16,14.49
台北101/世貿,頭前庄,35,14,13.47
台北101/世貿,頭前庄,35,14,13.47
台北101/世貿,先嗇宮,35,14,12.93
台北101/世貿,三重,35,14,11.21
台北101/世貿,菜寮,30,12,10.34
台北101/世貿,台北橋,30,12,9.35
台北101/世貿,大橋頭,30,12,8.02
台北101/世貿,中山國小,25,10,6.88
台北101/世貿,行天宮,25,10,5.93
台北101/世貿,蘆洲,40,16,14.03
台北101/世貿,三民高中,35,14,12.86
台北101/世貿,徐匯中學,35,14,11.96
台北101/世貿,三和國中,35,14,11.13
台北101/世貿,三重國小,30,12,9.89
台北101/世貿,迴龍,45,18,19
台北101/世貿,丹鳳,45,18,17.6
台北101/世貿,十四張,35,14,12.11
台北101/世貿,秀朗橋,35,14,11.55
台北101/世貿,景平,30,12,10.65
台北101/世貿,中和,35,14,11.09
台北101/世貿,橋和,35,14,11.72
台北101/世貿,中原,35,14,12.46
台北101/世貿,板新,35,14,13.86
台北101/世貿,新埔民生,35,14,11.84
台北101/世貿,幸福,40,16,14.63
台北101/世貿,新北產業園區,40,16,15.87
台北101/世貿,廣慈/奉天宮,20,8,2.1
信義安和,松山機場,25,10,5.56
信義安和,中山國中,20,8,4.08
信義安和,科技大樓,20,8,1.73
信義安和,六張犁,20,8,2.87
信義安和,麟光,20,8,3.69
信義安和,辛亥,25,10,5.29
信義安和,萬芳醫院,25,10,6.05
信義安和,萬芳社區,25,10,7.19
信義安和,木柵,25,10,7.7
信義安和,動物園,30,12,8.39
信義安和,大安,20,8,0.99
信義安和,大安,20,8,0.99
信義安和,忠孝復興,20,8,1.88
信義安和,忠孝復興,20,8,1.88
信義安和,南京復興,20,8,3.15
信義安和,南京復興,20,8,3.15
信義安和,大直,30,12,8.14
信義安和,劍南路,30,12,9.47
信義安和,西湖,30,12,10.76
信義安和,港墘,35,14,11.58
信義安和,文德,35,14,12.6
信義安和,內湖,35,14,13.72
信義安和,大湖公園,35,14,13.96
信義安和,葫洲,35,14,12.33
信義安和,東湖,35,14,11.48
信義安和,南港軟體園區,30,12,10.44
信義安和,南港展覽館,30,12,9.79
信義安和,南港展覽館,30,12,9.79
信義安和,台大醫院,20,8,4.99
信義安和,台北車站,20,8,4.62
信義安和,台北車站,20,8,4.62
信義安和,中山,25,10,5.28
信義安和,中山,25,10,5.28
信義安和,民權西路,25,10,6.36
信義安和,民權西路,25,10,6.36
信義安和,小碧潭,35,14,12.36
信義安和,新店,35,14,12.43
信義安和,七張,30,12,10.42
信義安和,大坪林,30,12,9.57
信義安和,大坪林,30,12,9.57
信義安和,景美,30,12,8.42
信義安和,萬隆,25,10,7.36
信義安和,公館,25,10,5.8
信義安和,台電大樓,20,8,4.9
信義安和,古亭,20,8,4.02
信義安和,中正紀念堂,20,8,4
信義安和,頂溪,25,10,6.16
信義安和,永安市場,25,10,7.49
信義安和,景安,30,12,8.57
信義安和,景安,30,12,8.57
信義安和,南勢角,30,12,9.38
信義安和,雙連,25,10,5.83
信義安和,圓山,25,10,7.39
信義安和,劍潭,30,12,8.91
信義安和,士林,30,12,10
信義安和,芝山,35,14,11.1
信義安和,明德,35,14,11.98
信義安和,石牌,35,14,12.58
信義安和,唭哩岸,35,14,13.84
信義安和,奇岩,40,16,14.67
信義安和,北投,40,16,15.43
信義安和,新北投,40,16,16.46
信義安和,復興崗,45,18,17.04
信義安和,忠義,45,18,18.49
信義安和,關渡,45,18,19.36
信義安和,竹圍,50,20,21.5
信義安和,紅樹林,55,22,23.41
信義安和,淡水,55,22,25.5
信義安和,西門,25,10,5.59
信義安和,象山,20,8,1.73
信義安和,台北101/世貿,20,8,0.99
信義安和,信義安和,20,8,0
信義安和,大安森林公園,20,8,1.78
信義安和,北門,25,10,6.4
信義安和,東門,20,8,2.44
信義安和,新店區公所,35,14,11.32
信義安和,小南門,20,8,4.77
信義安和,松江南京,20,8,4.14
信義安和,松江南京,20,8,4.14
信義安和,忠孝新生,20,8,3
信義安和,忠孝新生,20,8,3
信義安和,頂埔,50,20,20.22
信義安和,永寧,45,18,18.28
信義安和,土城,45,18,17.17
信義安和,海山,40,16,15.7
信義安和,亞東醫院,40,16,14.06
信義安和,府中,35,14,12.77
信義安和,板橋,35,14,12.12
信義安和,板橋,35,14,12.12
信義安和,新埔,30,12,10.84
信義安和,江子翠,30,12,9.98
信義安和,龍山寺,25,10,6.9
信義安和,善導寺,20,8,3.94
信義安和,忠孝敦化,20,8,2.55
信義安和,國父紀念館,20,8,3.28
信義安和,市政府,20,8,4.12
信義安和,永春,25,10,5.1
信義安和,後山埤,25,10,5.92
信義安和,昆陽,25,10,7.28
信義安和,南港,30,12,8.71
信義安和,台北小巨蛋,20,8,4.09
信義安和,南京三民,25,10,5.29
信義安和,松山,25,10,6.64
信義安和,輔大,40,16,15.23
信義安和,新莊,35,14,13.5
信義安和,頭前庄,35,14,12.48
信義安和,頭前庄,35,14,12.48
信義安和,先嗇宮,35,14,11.93
信義安和,三重,30,12,10.21
信義安和,菜寮,30,12,9.34
信義安和,台北橋,30,12,8.35
信義安和,大橋頭,25,10,7.02
信義安和,中山國小,25,10,5.89
信義安和,行天宮,20,8,4.94
信義安和,蘆洲,35,14,13.03
信義安和,三民高中,35,14,11.87
信義安和,徐匯中學,30,12,10.97
信義安和,三和國中,30,12,10.13
信義安和,三重國小,30,12,8.9
信義安和,迴龍,45,18,18
信義安和,丹鳳,40,16,16.6
信義安和,十四張,35,14,11.12
信義安和,秀朗橋,30,12,10.56
信義安和,景平,30,12,9.65
信義安和,中和,30,12,10.1
信義安和,橋和,30,12,10.73
信義安和,中原,35,14,11.46
信義安和,板新,35,14,12.87
信義安和,新埔民生,30,12,10.84
信義安和,幸福,35,14,13.63
信義安和,新北產業園區,40,16,14.87
信義安和,廣慈/奉天宮,20,8,3.09
大安森林公園,松山機場,25,10,5.36
大安森林公園,中山國中,20,8,3.88
大安森林公園,科技大樓,20,8,1.53
大安森林公園,六張犁,20,8,2.67
大安森林公園,麟光,20,8,3.49
大安森林公園,辛亥,25,10,5.09
大安森林公園,萬芳醫院,25,10,5.85
大安森林公園,萬芳社區,25,10,6.99
大安森林公園,木柵,25,10,7.5
大安森林公園,動物園,30,12,8.19
大安森林公園,大安,20,8,0.79
大安森林公園,大安,20,8,0.79
大安森林公園,忠孝復興,20,8,1.68
大安森林公園,忠孝復興,20,8,1.68
大安森林公園,南京復興,20,8,2.95
大安森林公園,南京復興,20,8,2.95
大安森林公園,大直,25,10,7.94
大安森林公園,劍南路,30,12,9.27
大安森林公園,西湖,30,12,10.56
大安森林公園,港墘,35,14,11.38
大安森林公園,文德,35,14,12.4
大安森林公園,內湖,35,14,13.52
大安森林公園,大湖公園,35,14,13.76
大安森林公園,葫洲,35,14,12.13
大安森林公園,東湖,35,14,11.28
大安森林公園,南港軟體園區,30,12,10.24
大安森林公園,南港展覽館,30,12,9.59
大安森林公園,南港展覽館,30,12,9.59
大安森林公園,台大醫院,20,8,3.22
大安森林公園,台北車站,20,8,3.49
大安森林公園,台北車站,20,8,3.49
大安森林公園,中山,20,8,4.15
大安森林公園,中山,20,8,4.15
大安森林公園,民權西路,25,10,5.23
大安森林公園,民權西路,25,10,5.23
大安森林公園,小碧潭,30,12,10.59
大安森林公園,新店,30,12,10.65
大安森林公園,七張,30,12,8.64
大安森林公園,大坪林,25,10,7.79
大安森林公園,大坪林,25,10,7.79
大安森林公園,景美,25,10,6.64
大安森林公園,萬隆,25,10,5.58
大安森林公園,公館,20,8,4.02
大安森林公園,台電大樓,20,8,3.12
大安森林公園,古亭,20,8,2.24
大安森林公園,中正紀念堂,20,8,2.23
大安森林公園,頂溪,20,8,4.38
大安森林公園,永安市場,25,10,5.71
大安森林公園,景安,25,10,6.79
大安森林公園,景安,25,10,6.79
大安森林公園,南勢角,25,10,7.6
大安森林公園,雙連,20,8,4.7
大安森林公園,圓山,25,10,6.26
大安森林公園,劍潭,25,10,7.78
大安森林公園,士林,30,12,8.87
大安森林公園,芝山,30,12,9.97
大安森林公園,明德,30,12,10.85
大安森林公園,石牌,35,14,11.45
大安森林公園,唭哩岸,35,14,12.71
大安森林公園,奇岩,35,14,13.54
大安森林公園,北投,40,16,14.3
大安森林公園,新北投,40,16,15.33
大安森林公園,復興崗,40,16,15.91
大安森林公園,忠義,45,18,17.36
大安森林公園,關渡,45,18,18.23
大安森林公園,竹圍,50,20,20.37
大安森林公園,紅樹林,50,20,22.28
大安森林公園,淡水,55,22,24.37
大安森林公園,西門,20,8,3.81
大安森林公園,象山,20,8,3.51
大安森林公園,台北101/世貿,20,8,2.77
大安森林公園,信義安和,20,8,1.78
大安森林公園,大安森林公園,20,8,0
大安森林公園,北門,20,8,4.62
大安森林公園,東門,20,8,0.67
大安森林公園,新店區公所,30,12,9.54
大安森林公園,小南門,20,8,2.99
大安森林公園,松江南京,20,8,3.01
大安森林公園,松江南京,20,8,3.01
大安森林公園,忠孝新生,20,8,1.87
大安森林公園,忠孝新生,20,8,1.87
大安森林公園,頂埔,45,18,18.45
大安森林公園,永寧,40,16,16.5
大安森林公園,土城,40,16,15.39
大安森林公園,海山,35,14,13.92
大安森林公園,亞東醫院,35,14,12.28
大安森林公園,府中,30,12,11
大安森林公園,板橋,30,12,10.35
大安森林公園,板橋,30,12,10.35
大安森林公園,新埔,30,12,9.07
大安森林公園,江子翠,30,12,8.2
大安森林公園,龍山寺,25,10,5.12
大安森林公園,善導寺,20,8,2.81
大安森林公園,忠孝敦化,20,8,2.35
大安森林公園,國父紀念館,20,8,3.08
大安森林公園,市政府,20,8,3.92
大安森林公園,永春,20,8,4.9
大安森林公園,後山埤,25,10,5.72
大安森林公園,昆陽,25,10,7.08
大安森林公園,南港,30,12,8.51
大安森林公園,台北小巨蛋,20,8,3.89
大安森林公園,南京三民,25,10,5.09
大安森林公園,松山,25,10,6.44
大安森林公園,輔大,35,14,13.46
大安森林公園,新莊,35,14,11.72
大安森林公園,頭前庄,30,12,10.7
大安森林公園,頭前庄,30,12,10.7
大安森林公園,先嗇宮,30,12,10.8
大安森林公園,三重,30,12,9.08
大安森林公園,菜寮,30,12,8.21
大安森林公園,台北橋,25,10,7.22
大安森林公園,大橋頭,25,10,5.89
大安森林公園,中山國小,20,8,4.76
大安森林公園,行天宮,20,8,3.81
大安森林公園,蘆洲,35,14,11.9
大安森林公園,三民高中,30,12,10.73
大安森林公園,徐匯中學,30,12,9.83
大安森林公園,三和國中,30,12,9
大安森林公園,三重國小,25,10,7.77
大安森林公園,迴龍,40,16,16.23
大安森林公園,丹鳳,40,16,14.83
大安森林公園,十四張,30,12,9.34
大安森林公園,秀朗橋,30,12,8.78
大安森林公園,景平,25,10,7.88
大安森林公園,中和,30,12,8.32
大安森林公園,橋和,30,12,8.95
大安森林公園,中原,30,12,9.69
大安森林公園,板新,35,14,11.09
大安森林公園,新埔民生,30,12,9.07
大安森林公園,幸福,35,14,11.86
大安森林公園,新北產業園區,35,14,13.1
大安森林公園,廣慈/奉天宮,20,8,4.87
北門,松山機場,25,10,5.96
北門,中山國中,20,8,4.48
北門,科技大樓,25,10,6.16
北門,六張犁,25,10,7.29
北門,麟光,30,12,8.11
北門,辛亥,30,12,9.71
北門,萬芳醫院,30,12,10.47
北門,萬芳社區,35,14,11.61
北門,木柵,35,14,12.13
北門,動物園,35,14,12.81
北門,大安,25,10,5.41
北門,大安,25,10,5.41
北門,忠孝復興,20,8,4.66
北門,忠孝復興,20,8,4.66
北門,南京復興,20,8,3.55
北門,南京復興,20,8,3.55
北門,大直,30,12,8.55
北門,劍南路,30,12,9.87
北門,西湖,35,14,11.16
北門,港墘,35,14,11.99
北門,文德,35,14,13
北門,內湖,40,16,14.13
北門,大湖公園,40,16,14.99
北門,葫洲,40,16,15.11
北門,東湖,40,16,14.26
北門,南港軟體園區,35,14,13.22
北門,南港展覽館,35,14,12.58
北門,南港展覽館,35,14,12.58
北門,台大醫院,20,8,2.55
北門,台北車站,20,8,1.92
北門,台北車站,20,8,1.92
北門,中山,20,8,1.26
北門,中山,20,8,1.26
北門,民權西路,20,8,2.34
北門,民權西路,20,8,2.34
北門,小碧潭,35,14,11.67
北門,新店,35,14,11.74
北門,七張,30,12,9.73
北門,大坪林,30,12,8.88
北門,大坪林,30,12,8.88
北門,景美,25,10,7.73
北門,萬隆,25,10,6.67
北門,公館,25,10,5.11
北門,台電大樓,20,8,4.21
北門,古亭,20,8,3.33
北門,中正紀念堂,20,8,2.4
北門,頂溪,25,10,5.47
北門,永安市場,25,10,6.8
北門,景安,25,10,7.88
北門,景安,25,10,7.88
北門,南勢角,30,12,8.69
北門,雙連,20,8,1.81
北門,圓山,20,8,3.37
北門,劍潭,20,8,4.89
北門,士林,25,10,5.98
北門,芝山,25,10,7.08
北門,明德,25,10,7.96
北門,石牌,30,12,8.56
北門,唭哩岸,30,12,9.82
北門,奇岩,30,12,10.65
北門,北投,35,14,11.41
北門,新北投,35,14,12.44
北門,復興崗,35,14,13.02
北門,忠義,40,16,14.47
北門,關渡,40,16,15.34
北門,竹圍,45,18,17.48
北門,紅樹林,45,18,19.39
北門,淡水,50,20,21.48
北門,西門,20,8,0.81
北門,象山,30,12,8.13
北門,台北101/世貿,25,10,7.39
北門,信義安和,25,10,6.4
北門,大安森林公園,20,8,4.62
北門,北門,20,8,0
北門,東門,20,8,3.96
北門,新店區公所,30,12,10.63
北門,小南門,20,8,1.63
北門,松江南京,20,8,2.56
北門,松江南京,20,8,2.56
北門,忠孝新生,20,8,3.54
北門,忠孝新生,20,8,3.54
北門,頂埔,40,16,15.45
北門,永寧,35,14,13.5
北門,土城,35,14,12.39
北門,海山,30,12,10.93
北門,亞東醫院,30,12,9.28
北門,府中,30,12,8.01
北門,板橋,25,10,7.35
北門,板橋,25,10,7.35
北門,新埔,25,10,6.07
北門,江子翠,25,10,5.21
北門,龍山寺,20,8,2.13
北門,善導寺,20,8,2.61
北門,忠孝敦化,25,10,5.33
北門,國父紀念館,25,10,6.06
北門,市政府,25,10,6.9
北門,永春,25,10,7.89
北門,後山埤,30,12,8.7
北門,昆陽,30,12,10.06
北門,南港,35,14,11.49
北門,台北小巨蛋,20,8,4.49
北門,南京三民,25,10,5.69
北門,松山,25,10,7.04
北門,輔大,30,12,10.46
北門,新莊,30,12,8.72
北門,頭前庄,25,10,7.71
北門,頭前庄,25,10,7.71
北門,先嗇宮,25,10,7.92
北門,三重,25,10,6.19
北門,菜寮,25,10,5.32
北門,台北橋,20,8,4.34
北門,大橋頭,20,8,3
北門,中山國小,20,8,3.05
北門,行天宮,20,8,3.36
北門,蘆洲,30,12,9.02
北門,三民高中,25,10,7.85
北門,徐匯中學,25,10,6.95
北門,三和國中,25,10,6.11
北門,三重國小,20,8,4.88
北門,迴龍,35,14,13.23
北門,丹鳳,35,14,11.83
北門,十四張,30,12,10.43
北門,秀朗橋,30,12,9.86
北門,景平,30,12,8.96
北門,中和,30,12,9.4
北門,橋和,30,12,10.03
北門,中原,30,12,9.65
北門,板新,30,12,8.24
北門,新埔民生,25,10,6.07
北門,幸福,30,12,8.86
北門,新北產業園區,30,12,10.1
北門,廣慈/奉天宮,30,12,9.49
東門,松山機場,25,10,5.75
東門,中山國中,20,8,4.27
東門,科技大樓,20,8,2.2
東門,六張犁,20,8,3.34
東門,麟光,20,8,4.16
東門,辛亥,25,10,5.75
東門,萬芳醫院,25,10,6.51
東門,萬芳社區,25,10,7.66
東門,木柵,30,12,8.17
東門,動物園,30,12,8.85
東門,大安,20,8,1.46
東門,大安,20,8,1.46
東門,忠孝復興,20,8,2.32
東門,忠孝復興,20,8,2.32
東門,南京復興,20,8,3.34
東門,南京復興,20,8,3.34
東門,大直,30,12,8.33
東門,劍南路,30,12,9.66
東門,西湖,30,12,10.94
東門,港墘,35,14,11.77
東門,文德,35,14,12.78
東門,內湖,35,14,13.91
東門,大湖公園,40,16,14.4
東門,葫洲,35,14,12.77
東門,東湖,35,14,11.92
東門,南港軟體園區,30,12,10.88
東門,南港展覽館,30,12,10.23
東門,南港展覽館,30,12,10.23
東門,台大醫院,20,8,2.55
東門,台北車站,20,8,2.82
東門,台北車站,20,8,2.82
東門,中山,20,8,3.48
東門,中山,20,8,3.48
東門,民權西路,20,8,4.56
東門,民權西路,20,8,4.56
東門,小碧潭,30,12,9.92
東門,新店,30,12,9.99
東門,七張,25,10,7.98
東門,大坪林,25,10,7.13
東門,大坪林,25,10,7.13
東門,景美,25,10,5.98
東門,萬隆,20,8,4.92
東門,公館,20,8,3.36
東門,台電大樓,20,8,2.46
東門,古亭,20,8,1.58
東門,中正紀念堂,20,8,1.56
東門,頂溪,20,8,3.72
東門,永安市場,25,10,5.05
東門,景安,25,10,6.13
東門,景安,25,10,6.13
東門,南勢角,25,10,6.94
東門,雙連,20,8,4.03
東門,圓山,25,10,5.59
東門,劍潭,25,10,7.11
東門,士林,30,12,8.2
東門,芝山,30,12,9.3
東門,明德,30,12,10.18
東門,石牌,30,12,10.78
東門,唭哩岸,35,14,12.04
東門,奇岩,35,14,12.87
東門,北投,35,14,13.63
東門,新北投,40,16,14.66
東門,復興崗,40,16,15.24
東門,忠義,40,16,16.69
東門,關渡,45,18,17.56
東門,竹圍,45,18,19.7
東門,紅樹林,50,20,21.61
東門,淡水,55,22,23.7
東門,西門,20,8,3.14
東門,象山,20,8,4.17
東門,台北101/世貿,20,8,3.44
東門,信義安和,20,8,2.44
東門,大安森林公園,20,8,0.67
東門,北門,20,8,3.96
東門,東門,20,8,0
東門,新店區公所,30,12,8.88
東門,小南門,20,8,2.32
東門,松江南京,20,8,2.35
東門,松江南京,20,8,2.35
東門,忠孝新生,20,8,1.2
東門,忠孝新生,20,8,1.2
東門,頂埔,45,18,17.78
東門,永寧,40,16,15.83
東門,土城,40,16,14.72
東門,海山,35,14,13.26
東門,亞東醫院,35,14,11.61
東門,府中,30,12,10.33
東門,板橋,30,12,9.68
東門,板橋,30,12,9.68
東門,新埔,30,12,8.4
東門,江子翠,25,10,7.54
東門,龍山寺,20,8,4.46
東門,善導寺,20,8,2.14
東門,忠孝敦化,20,8,2.99
東門,國父紀念館,20,8,3.72
東門,市政府,20,8,4.56
東門,永春,25,10,5.54
東門,後山埤,25,10,6.36
東門,昆陽,25,10,7.72
東門,南港,30,12,9.14
東門,台北小巨蛋,20,8,4.28
東門,南京三民,25,10,5.47
東門,松山,25,10,6.83
東門,輔大,35,14,12.79
東門,新莊,35,14,11.05
東門,頭前庄,30,12,10.03
東門,頭前庄,30,12,10.03
東門,先嗇宮,30,12,10.14
東門,三重,30,12,8.41
東門,菜寮,25,10,7.54
東門,台北橋,25,10,6.56
東門,大橋頭,25,10,5.22
東門,中山國小,20,8,4.09
東門,行天宮,20,8,3.14
東門,蘆洲,35,14,11.23
東門,三民高中,30,12,10.07
東門,徐匯中學,30,12,9.17
東門,三和國中,30,12,8.33
東門,三重國小,25,10,7.1
東門,迴龍,40,16,15.56
東門,丹鳳,40,16,14.16
東門,十四張,30,12,8.68
東門,秀朗橋,30,12,8.11
東門,景平,25,10,7.21
東門,中和,25,10,7.65
東門,橋和,30,12,8.28
東門,中原,30,12,9.02
東門,板新,30,12,10.43
東門,新埔民生,30,12,8.4
東門,幸福,35,14,11.19
東門,新北產業園區,35,14,12.43
東門,廣慈/奉天宮,20,8,5.54
新店區公所,松山機場,40,16,14.62
新店區公所,中山國中,35,14,13.14
新店區公所,科技大樓,35,14,11.08
新店區公所,六張犁,35,14,12.21
新店區公所,麟光,35,14,13.03
新店區公所,辛亥,40,16,14.63
新店區公所,萬芳醫院,40,16,15.39
新店區公所,萬芳社區,40,16,16.53
新店區公所,木柵,45,18,17.05
新店區公所,動物園,45,18,17.73
新店區公所,大安,30,12,10.33
新店區公所,大安,30,12,10.33
新店區公所,忠孝復興,35,14,11.2
新店區公所,忠孝復興,35,14,11.2
新店區公所,南京復興,35,14,12.21
新店區公所,南京復興,35,14,12.21
新店區公所,大直,45,18,17.21
新店區公所,劍南路,45,18,18.54
新店區公所,西湖,45,18,19.82
新店區公所,港墘,50,20,20.65
新店區公所,文德,50,20,21.66
新店區公所,內湖,50,20,22.79
新店區公所,大湖公園,55,22,23.27
新店區公所,葫洲,50,20,21.65
新店區公所,東湖,50,20,20.79
新店區公所,南港軟體園區,45,18,19.75
新店區公所,南港展覽館,45,18,19.11
新店區公所,南港展覽館,45,18,19.11
新店區公所,台大醫院,30,12,9.22
新店區公所,台北車站,30,12,9.85
新店區公所,台北車站,30,12,9.85
新店區公所,中山,30,12,10.51
新店區公所,中山,30,12,10.51
新店區公所,民權西路,35,14,11.59
新店區公所,民權西路,35,14,11.59
新店區公所,小碧潭,20,8,2.84
新店區公所,新店,20,8,1.11
新店區公所,七張,20,8,0.9
新店區公所,大坪林,20,8,1.75
新店區公所,大坪林,20,8,1.75
新店區公所,景美,20,8,2.9
新店區公所,萬隆,20,8,3.96
新店區公所,公館,25,10,5.52
新店區公所,台電大樓,25,10,6.42
新店區公所,古亭,25,10,7.3
新店區公所,中正紀念堂,30,12,8.23
新店區公所,頂溪,30,12,8.58
新店區公所,永安市場,25,10,7.25
新店區公所,景安,25,10,6.17
新店區公所,景安,25,10,6.17
新店區公所,南勢角,25,10,6.98
新店區公所,雙連,35,14,11.06
新店區公所,圓山,35,14,12.62
新店區公所,劍潭,40,16,14.14
新店區公所,士林,40,16,15.23
新店區公所,芝山,40,16,16.33
新店區公所,明德,45,18,17.21
新店區公所,石牌,45,18,17.81
新店區公所,唭哩岸,45,18,19.07
新店區公所,奇岩,45,18,19.9
新店區公所,北投,50,20,20.66
新店區公所,新北投,50,20,21.69
新店區公所,復興崗,50,20,22.27
新店區公所,忠義,55,22,23.72
新店區公所,關渡,55,22,24.59
新店區公所,竹圍,55,22,26.73
新店區公所,紅樹林,60,24,28.64
新店區公所,淡水,60,24,30.73
新店區公所,西門,30,12,9.81
新店區公所,象山,35,14,13.05
新店區公所,台北101/世貿,35,14,12.31
新店區公所,信義安和,35,14,11.32
新店區公所,大安森林公園,30,12,9.54
新店區公所,北門,30,12,10.63
新店區公所,東門,30,12,8.88
新店區公所,新店區公所,20,8,0
新店區公所,小南門,30,12,8.99
新店區公所,松江南京,35,14,11.22
新店區公所,松江南京,35,14,11.22
新店區公所,忠孝新生,30,12,10.08
新店區公所,忠孝新生,30,12,10.08
新店區公所,頂埔,45,18,19.47
新店區公所,永寧,45,18,17.52
新店區公所,土城,40,16,16.41
新店區公所,海山,40,16,14.95
新店區公所,亞東醫院,35,14,13.3
新店區公所,府中,35,14,12.02
新店區公所,板橋,35,14,11.37
新店區公所,板橋,35,14,11.37
新店區公所,新埔,35,14,12.65
新店區公所,江子翠,35,14,13.51
新店區公所,龍山寺,35,14,11.13
新店區公所,善導寺,30,12,10.53
新店區公所,忠孝敦化,35,14,11.86
新店區公所,國父紀念館,35,14,12.59
新店區公所,市政府,35,14,13.43
新店區公所,永春,40,16,14.42
新店區公所,後山埤,40,16,15.23
新店區公所,昆陽,40,16,16.6
新店區公所,南港,45,18,18.02
新店區公所,台北小巨蛋,35,14,13.15
新店區公所,南京三民,40,16,14.35
新店區公所,松山,40,16,15.7
新店區公所,輔大,45,18,17.04
新店區公所,新莊,40,16,15.3
新店區公所,頭前庄,40,16,14.28
新店區公所,頭前庄,40,16,14.28
新店區公所,先嗇宮,40,16,15.55
新店區公所,三重,40,16,15.44
新店區公所,菜寮,40,16,14.57
新店區公所,台北橋,35,14,13.58
新店區公所,大橋頭,35,14,12.25
新店區公所,中山國小,35,14,12.3
新店區公所,行天宮,35,14,12.02
新店區公所,蘆洲,45,18,18.26
新店區公所,三民高中,45,18,17.1
新店區公所,徐匯中學,40,16,16.19
新店區公所,三和國中,40,16,15.36
新店區公所,三重國小,40,16,14.13
新店區公所,迴龍,45,18,19.81
新店區公所,丹鳳,45,18,18.41
新店區公所,十四張,20,8,3.3
新店區公所,秀朗橋,20,8,4.19
新店區公所,景平,25,10,5.09
新店區公所,中和,25,10,7.7
新店區公所,橋和,30,12,8.33
新店區公所,中原,30,12,9.07
新店區公所,板新,30,12,10.48
新店區公所,新埔民生,35,14,12.65
新店區公所,幸福,40,16,15.44
新店區公所,新北產業園區,40,16,16.68
新店區公所,廣慈/奉天宮,35,14,14.41
小南門,松山機場,25,10,7.53
小南門,中山國中,25,10,6.05
小南門,科技大樓,20,8,4.52
小南門,六張犁,25,10,5.66
小南門,麟光,25,10,6.48
小南門,辛亥,30,12,8.08
小南門,萬芳醫院,30,12,8.84
小南門,萬芳社區,30,12,9.98
小南門,木柵,30,12,10.49
小南門,動物園,35,14,11.18
小南門,大安,20,8,3.78
小南門,大安,20,8,3.78
小南門,忠孝復興,20,8,4.64
小南門,忠孝復興,20,8,4.64
小南門,南京復興,25,10,5.12
小南門,南京復興,25,10,5.12
小南門,大直,30,12,10.11
小南門,劍南路,35,14,11.44
小南門,西湖,35,14,12.72
小南門,港墘,35,14,13.55
小南門,文德,40,16,14.56
小南門,內湖,40,16,15.69
小南門,大湖公園,40,16,16.56
小南門,葫洲,40,16,15.09
小南門,東湖,40,16,14.24
小南門,南港軟體園區,35,14,13.2
小南門,南港展覽館,35,14,12.56
小南門,南港展覽館,35,14,12.56
小南門,台大醫院,20,8,1.75
小南門,台北車站,20,8,2.17
小南門,台北車站,20,8,2.17
小南門,中山,20,8,2.83
小南門,中山,20,8,2.83
小南門,民權西路,20,8,3.91
小南門,民權西路,20,8,3.91
小南門,小碧潭,30,12,10.04
小南門,新店,30,12,10.1
小南門,七張,30,12,8.09
小南門,大坪林,25,10,7.24
小南門,大坪林,25,10,7.24
小南門,景美,25,10,6.09
小南門,萬隆,25,10,5.03
小南門,公館,20,8,3.47
小南門,台電大樓,20,8,2.57
小南門,古亭,20,8,1.69
小南門,中正紀念堂,20,8,0.76
小南門,頂溪,20,8,3.83
小南門,永安市場,25,10,5.16
小南門,景安,25,10,6.24
小南門,景安,25,10,6.24
小南門,南勢角,25,10,7.05
小南門,雙連,20,8,3.38
小南門,圓山,20,8,4.94
小南門,劍潭,25,10,6.46
小南門,士林,25,10,7.55
小南門,芝山,30,12,8.65
小南門,明德,30,12,9.53
小南門,石牌,30,12,10.13
小南門,唭哩岸,35,14,11.39
小南門,奇岩,35,14,12.22
小南門,北投,35,14,12.98
小南門,新北投,40,16,14.01
小南門,復興崗,40,16,14.59
小南門,忠義,40,16,16.04
小南門,關渡,40,16,16.91
小南門,竹圍,45,18,19.05
小南門,紅樹林,50,20,20.96
小南門,淡水,55,22,23.05
小南門,西門,20,8,0.82
小南門,象山,25,10,6.5
小南門,台北101/世貿,25,10,5.76
小南門,信義安和,20,8,4.77
小南門,大安森林公園,20,8,2.99
小南門,北門,20,8,1.63
小南門,東門,20,8,2.32
小南門,新店區公所,30,12,8.99
小南門,小南門,20,8,0
小南門,松江南京,20,8,4.12
小南門,松江南京,20,8,4.12
小南門,忠孝新生,20,8,3.52
小南門,忠孝新生,20,8,3.52
小南門,頂埔,40,16,15.46
小南門,永寧,35,14,13.51
小南門,土城,35,14,12.4
小南門,海山,30,12,10.93
小南門,亞東醫院,30,12,9.29
小南門,府中,30,12,8.01
小南門,板橋,25,10,7.36
小南門,板橋,25,10,7.36
小南門,新埔,25,10,6.08
小南門,江子翠,25,10,5.21
小南門,龍山寺,20,8,2.13
小南門,善導寺,20,8,2.85
小南門,忠孝敦化,25,10,5.31
小南門,國父紀念館,25,10,6.04
小南門,市政府,25,10,6.88
小南門,永春,25,10,7.87
小南門,後山埤,30,12,8.68
小南門,昆陽,30,12,10.04
小南門,南港,35,14,11.47
小南門,台北小巨蛋,25,10,6.06
小南門,南京三民,25,10,7.25
小南門,松山,30,12,8.61
小南門,輔大,30,12,10.47
小南門,新莊,30,12,8.73
小南門,頭前庄,25,10,7.71
小南門,頭前庄,25,10,7.71
小南門,先嗇宮,30,12,8.98
小南門,三重,25,10,7.76
小南門,菜寮,25,10,6.89
小南門,台北橋,25,10,5.9
小南門,大橋頭,20,8,4.57
小南門,中山國小,20,8,4.62
小南門,行天宮,20,8,4.92
小南門,蘆洲,30,12,10.58
小南門,三民高中,30,12,9.41
小南門,徐匯中學,30,12,8.51
小南門,三和國中,25,10,7.68
小南門,三重國小,25,10,6.45
小南門,迴龍,35,14,13.24
小南門,丹鳳,35,14,11.84
小南門,十四張,30,12,8.79
小南門,秀朗橋,30,12,8.23
小南門,景平,25,10,7.33
小南門,中和,25,10,7.77
小南門,橋和,30,12,8.4
小南門,中原,30,12,9.14
小南門,板新,30,12,8.25
小南門,新埔民生,25,10,6.08
小南門,幸福,30,12,8.87
小南門,新北產業園區,30,12,10.11
小南門,廣慈/奉天宮,25,10,7.86
松江南京,松山機場,20,8,3.4
松江南京,松山機場,20,8,3.4
松江南京,中山國中,20,8,1.92
松江南京,中山國中,20,8,1.92
松江南京,科技大樓,20,8,3.9
松江南京,科技大樓,20,8,3.9
松江南京,六張犁,25,10,5.03
松江南京,六張犁,25,10,5.03
松江南京,麟光,25,10,5.85
松江南京,麟光,25,10,5.85
松江南京,辛亥,25,10,7.45
松江南京,辛亥,25,10,7.45
松江南京,萬芳醫院,30,12,8.21
松江南京,萬芳醫院,30,12,8.21
松江南京,萬芳社區,30,12,9.35
松江南京,萬芳社區,30,12,9.35
松江南京,木柵,30,12,9.87
松江南京,木柵,30,12,9.87
松江南京,動物園,30,12,10.55
松江南京,動物園,30,12,10.55
松江南京,大安,20,8,3.15
松江南京,大安,20,8,3.15
松江南京,大安,20,8,3.15
松江南京,大安,20,8,3.15
松江南京,忠孝復興,20,8,2.26
松江南京,忠孝復興,20,8,2.26
松江南京,忠孝復興,20,8,2.26
松江南京,忠孝復興,20,8,2.26
松江南京,南京復興,20,8,0.99
松江南京,南京復興,20,8,0.99
松江南京,南京復興,20,8,0.99
松江南京,南京復興,20,8,0.99
松江南京,大直,25,10,5.99
松江南京,大直,25,10,5.99
松江南京,劍南路,25,10,7.32
松江南京,劍南路,25,10,7.32
松江南京,西湖,30,12,8.6
松江南京,西湖,30,12,8.6
松江南京,港墘,30,12,9.43
松江南京,港墘,30,12,9.43
松江南京,文德,30,12,10.44
松江南京,文德,30,12,10.44
松江南京,內湖,35,14,11.57
松江南京,內湖,35,14,11.57
松江南京,大湖公園,35,14,12.43
松江南京,大湖公園,35,14,12.43
松江南京,葫洲,35,14,12.71
松江南京,葫洲,35,14,12.71
松江南京,東湖,35,14,11.86
松江南京,東湖,35,14,11.86
松江南京,南港軟體園區,30,12,10.82
松江南京,南港軟體園區,30,12,10.82
松江南京,南港展覽館,30,12,10.17
松江南京,南港展覽館,30,12,10.17
松江南京,南港展覽館,30,12,10.17
松江南京,南港展覽館,30,12,10.17
松江南京,台大醫院,20,8,2.59
松江南京,台大醫院,20,8,2.59
松江南京,台北車站,20,8,1.96
松江南京,台北車站,20,8,1.96
松江南京,台北車站,20,8,1.96
松江南京,台北車站,20,8,1.96
松江南京,中山,20,8,1.3
松江南京,中山,20,8,1.3
松江南京,中山,20,8,1.3
松江南京,中山,20,8,1.3
松江南京,民權西路,20,8,2.38
松江南京,民權西路,20,8,2.38
松江南京,民權西路,20,8,2.38
松江南京,民權西路,20,8,2.38
松江南京,小碧潭,35,14,12.26
松江南京,小碧潭,35,14,12.26
松江南京,新店,35,14,12.33
松江南京,新店,35,14,12.33
松江南京,七張,30,12,10.32
松江南京,七張,30,12,10.32
松江南京,大坪林,30,12,9.47
松江南京,大坪林,30,12,9.47
松江南京,大坪林,30,12,9.47
松江南京,大坪林,30,12,9.47
松江南京,景美,30,12,8.32
松江南京,景美,30,12,8.32
松江南京,萬隆,25,10,7.26
松江南京,萬隆,25,10,7.26
松江南京,公館,25,10,5.7
松江南京,公館,25,10,5.7
松江南京,台電大樓,20,8,4.8
松江南京,台電大樓,20,8,4.8
松江南京,古亭,20,8,3.92
松江南京,古亭,20,8,3.92
松江南京,中正紀念堂,20,8,3.58
松江南京,中正紀念堂,20,8,3.58
松江南京,頂溪,25,10,6.06
松江南京,頂溪,25,10,6.06
松江南京,永安市場,25,10,7.39
松江南京,永安市場,25,10,7.39
松江南京,景安,30,12,8.47
松江南京,景安,30,12,8.47
松江南京,景安,30,12,8.47
松江南京,景安,30,12,8.47
松江南京,南勢角,30,12,9.28
松江南京,南勢角,30,12,9.28
松江南京,雙連,20,8,1.85
松江南京,雙連,20,8,1.85
松江南京,圓山,20,8,3.41
松江南京,圓山,20,8,3.41
松江南京,劍潭,20,8,4.93
松江南京,劍潭,20,8,4.93
松江南京,士林,25,10,6.02
松江南京,士林,25,10,6.02
松江南京,芝山,25,10,7.12
松江南京,芝山,25,10,7.12
松江南京,明德,25,10,8
松江南京,明德,25,10,8
松江南京,石牌,30,12,8.6
松江南京,石牌,30,12,8.6
松江南京,唭哩岸,30,12,9.86
松江南京,唭哩岸,30,12,9.86
松江南京,奇岩,30,12,10.69
松江南京,奇岩,30,12,10.69
松江南京,北投,35,14,11.45
松江南京,北投,35,14,11.45
松江南京,新北投,35,14,12.48
松江南京,新北投,35,14,12.48
松江南京,復興崗,35,14,13.06
松江南京,復興崗,35,14,13.06
松江南京,忠義,40,16,14.51
松江南京,忠義,40,16,14.51
松江南京,關渡,40,16,15.38
松江南京,關渡,40,16,15.38
松江南京,竹圍,45,18,17.52
松江南京,竹圍,45,18,17.52
松江南京,紅樹林,45,18,19.43
松江南京,紅樹林,45,18,19.43
松江南京,淡水,50,20,21.52
松江南京,淡水,50,20,21.52
松江南京,西門,20,8,3.31
松江南京,西門,20,8,3.31
松江南京,象山,25,10,5.87
松江南京,象山,25,10,5.87
松江南京,台北101/世貿,25,10,5.14
松江南京,台北101/世貿,25,10,5.14
松江南京,信義安和,20,8,4.14
松江南京,信義安和,20,8,4.14
松江南京,大安森林公園,20,8,3.01
松江南京,大安森林公園,20,8,3.01
松江南京,北門,20,8,2.56
松江南京,北門,20,8,2.56
松江南京,東門,20,8,2.35
松江南京,東門,20,8,2.35
松江南京,新店區公所,35,14,11.22
松江南京,新店區公所,35,14,11.22
松江南京,小南門,20,8,4.12
松江南京,小南門,20,8,4.12
松江南京,松江南京,20,8,0
松江南京,松江南京,20,8,0
松江南京,松江南京,20,8,0
松江南京,松江南京,20,8,0
松江南京,忠孝新生,20,8,1.14
松江南京,忠孝新生,20,8,1.14
松江南京,忠孝新生,20,8,1.14
松江南京,忠孝新生,20,8,1.14
松江南京,頂埔,45,18,17.94
松江南京,頂埔,45,18,17.94
松江南京,永寧,40,16,16
松江南京,永寧,40,16,16
松江南京,土城,40,16,14.89
松江南京,土城,40,16,14.89
松江南京,海山,35,14,13.42
松江南京,海山,35,14,13.42
松江南京,亞東醫院,35,14,11.78
松江南京,亞東醫院,35,14,11.78
松江南京,府中,30,12,10.49
松江南京,府中,30,12,10.49
松江南京,板橋,30,12,9.84
松江南京,板橋,30,12,9.84
松江南京,板橋,30,12,9.84
松江南京,板橋,30,12,9.84
松江南京,新埔,30,12,8.56
松江南京,新埔,30,12,8.56
松江南京,江子翠,25,10,7.7
松江南京,江子翠,25,10,7.7
松江南京,龍山寺,20,8,4.62
松江南京,龍山寺,20,8,4.62
松江南京,善導寺,20,8,2.08
松江南京,善導寺,20,8,2.08
松江南京,忠孝敦化,20,8,2.93
松江南京,忠孝敦化,20,8,2.93
松江南京,國父紀念館,20,8,3.66
松江南京,國父紀念館,20,8,3.66
松江南京,市政府,20,8,4.5
松江南京,市政府,20,8,4.5
松江南京,永春,25,10,5.48
松江南京,永春,25,10,5.48
松江南京,後山埤,25,10,6.3
松江南京,後山埤,25,10,6.3
松江南京,昆陽,25,10,7.66
松江南京,昆陽,25,10,7.66
松江南京,南港,30,12,9.08
松江南京,南港,30,12,9.08
松江南京,台北小巨蛋,20,8,1.93
松江南京,台北小巨蛋,20,8,1.93
松江南京,南京三民,20,8,3.13
松江南京,南京三民,20,8,3.13
松江南京,松山,20,8,4.48
松江南京,松山,20,8,4.48
松江南京,輔大,35,14,11.98
松江南京,輔大,35,14,11.98
松江南京,新莊,30,12,10.24
松江南京,新莊,30,12,10.24
松江南京,頭前庄,30,12,9.22
松江南京,頭前庄,30,12,9.22
松江南京,頭前庄,30,12,9.22
松江南京,頭前庄,30,12,9.22
松江南京,先嗇宮,25,10,7.95
松江南京,先嗇宮,25,10,7.95
松江南京,三重,25,10,6.23
松江南京,三重,25,10,6.23
松江南京,菜寮,25,10,5.36
松江南京,菜寮,25,10,5.36
松江南京,台北橋,20,8,4.37
松江南京,台北橋,20,8,4.37
松江南京,大橋頭,20,8,3.04
松江南京,大橋頭,20,8,3.04
松江南京,中山國小,20,8,1.75
松江南京,中山國小,20,8,1.75
松江南京,行天宮,20,8,0.8
松江南京,行天宮,20,8,0.8
松江南京,蘆洲,30,12,9.05
松江南京,蘆洲,30,12,9.05
松江南京,三民高中,25,10,7.88
松江南京,三民高中,25,10,7.88
松江南京,徐匯中學,25,10,6.98
松江南京,徐匯中學,25,10,6.98
松江南京,三和國中,25,10,6.15
松江南京,三和國中,25,10,6.15
松江南京,三重國小,20,8,4.91
松江南京,三重國小,20,8,4.91
松江南京,迴龍,40,16,14.75
松江南京,迴龍,40,16,14.75
松江南京,丹鳳,35,14,13.35
松江南京,丹鳳,35,14,13.35
松江南京,十四張,35,14,11.02
松江南京,十四張,35,14,11.02
松江南京,秀朗橋,30,12,10.46
松江南京,秀朗橋,30,12,10.46
松江南京,景平,30,12,9.56
松江南京,景平,30,12,9.56
松江南京,中和,30,12,10
松江南京,中和,30,12,10
松江南京,橋和,30,12,10.63
松江南京,橋和,30,12,10.63
松江南京,中原,35,14,11.37
松江南京,中原,35,14,11.37
松江南京,板新,30,12,10.74
松江南京,板新,30,12,10.74
松江南京,新埔民生,30,12,8.56
松江南京,新埔民生,30,12,8.56
松江南京,幸福,30,12,10.38
松江南京,幸福,30,12,10.38
松江南京,新北產業園區,35,14,11.62
松江南京,新北產業園區,35,14,11.62
松江南京,廣慈/奉天宮,25,10,7.23
松江南京,廣慈/奉天宮,25,10,7.23
忠孝新生,松山機場,20,8,4.55
忠孝新生,松山機場,20,8,4.55
忠孝新生,中山國中,20,8,3.07
忠孝新生,中山國中,20,8,3.07
忠孝新生,科技大樓,20,8,2.76
忠孝新生,科技大樓,20,8,2.76
忠孝新生,六張犁,20,8,3.89
忠孝新生,六張犁,20,8,3.89
忠孝新生,麟光,20,8,4.71
忠孝新生,麟光,20,8,4.71
忠孝新生,辛亥,25,10,6.31
忠孝新生,辛亥,25,10,6.31
忠孝新生,萬芳醫院,25,10,7.07
忠孝新生,萬芳醫院,25,10,7.07
忠孝新生,萬芳社區,30,12,8.21
忠孝新生,萬芳社區,30,12,8.21
忠孝新生,木柵,30,12,8.73
忠孝新生,木柵,30,12,8.73
忠孝新生,動物園,30,12,9.41
忠孝新生,動物園,30,12,9.41
忠孝新生,大安,20,8,2.01
忠孝新生,大安,20,8,2.01
忠孝新生,大安,20,8,2.01
忠孝新生,大安,20,8,2.01
忠孝新生,忠孝復興,20,8,1.12
忠孝新生,忠孝復興,20,8,1.12
忠孝新生,忠孝復興,20,8,1.12
忠孝新生,忠孝復興,20,8,1.12
忠孝新生,南京復興,20,8,2.14
忠孝新生,南京復興,20,8,2.14
忠孝新生,南京復興,20,8,2.14
忠孝新生,南京復興,20,8,2.14
忠孝新生,大直,25,10,7.13
忠孝新生,大直,25,10,7.13
忠孝新生,劍南路,30,12,8.46
忠孝新生,劍南路,30,12,8.46
忠孝新生,西湖,30,12,9.74
忠孝新生,西湖,30,12,9.74
忠孝新生,港墘,30,12,10.57
忠孝新生,港墘,30,12,10.57
忠孝新生,文德,35,14,11.58
忠孝新生,文德,35,14,11.58
忠孝新生,內湖,35,14,12.71
忠孝新生,內湖,35,14,12.71
忠孝新生,大湖公園,35,14,13.2
忠孝新生,大湖公園,35,14,13.2
忠孝新生,葫洲,35,14,11.57
忠孝新生,葫洲,35,14,11.57
忠孝新生,東湖,30,12,10.72
忠孝新生,東湖,30,12,10.72
忠孝新生,南港軟體園區,30,12,9.68
忠孝新生,南港軟體園區,30,12,9.68
忠孝新生,南港展覽館,30,12,9.03
忠孝新生,南港展覽館,30,12,9.03
忠孝新生,南港展覽館,30,12,9.03
忠孝新生,南港展覽館,30,12,9.03
忠孝新生,台大醫院,20,8,2.25
忠孝新生,台大醫院,20,8,2.25
忠孝新生,台北車站,20,8,1.62
忠孝新生,台北車站,20,8,1.62
忠孝新生,台北車站,20,8,1.62
忠孝新生,台北車站,20,8,1.62
忠孝新生,中山,20,8,2.28
忠孝新生,中山,20,8,2.28
忠孝新生,中山,20,8,2.28
忠孝新生,中山,20,8,2.28
忠孝新生,民權西路,20,8,3.36
忠孝新生,民權西路,20,8,3.36
忠孝新生,民權西路,20,8,3.36
忠孝新生,民權西路,20,8,3.36
忠孝新生,小碧潭,35,14,11.12
忠孝新生,小碧潭,35,14,11.12
忠孝新生,新店,35,14,11.19
忠孝新生,新店,35,14,11.19
忠孝新生,七張,30,12,9.18
忠孝新生,七張,30,12,9.18
忠孝新生,大坪林,30,12,8.33
忠孝新生,大坪林,30,12,8.33
忠孝新生,大坪林,30,12,8.33
忠孝新生,大坪林,30,12,8.33
忠孝新生,景美,25,10,7.18
忠孝新生,景美,25,10,7.18
忠孝新生,萬隆,25,10,6.12
忠孝新生,萬隆,25,10,6.12
忠孝新生,公館,20,8,4.56
忠孝新生,公館,20,8,4.56
忠孝新生,台電大樓,20,8,3.66
忠孝新生,台電大樓,20,8,3.66
忠孝新生,古亭,20,8,2.78
忠孝新生,古亭,20,8,2.78
忠孝新生,中正紀念堂,20,8,2.76
忠孝新生,中正紀念堂,20,8,2.76
忠孝新生,頂溪,20,8,4.92
忠孝新生,頂溪,20,8,4.92
忠孝新生,永安市場,25,10,6.25
忠孝新生,永安市場,25,10,6.25
忠孝新生,景安,25,10,7.33
忠孝新生,景安,25,10,7.33
忠孝新生,景安,25,10,7.33
忠孝新生,景安,25,10,7.33
忠孝新生,南勢角,30,12,8.14
忠孝新生,南勢角,30,12,8.14
忠孝新生,雙連,20,8,2.83
忠孝新生,雙連,20,8,2.83
忠孝新生,圓山,20,8,4.39
忠孝新生,圓山,20,8,4.39
忠孝新生,劍潭,25,10,5.91
忠孝新生,劍潭,25,10,5.91
忠孝新生,士林,25,10,7
忠孝新生,士林,25,10,7
忠孝新生,芝山,30,12,8.1
忠孝新生,芝山,30,12,8.1
忠孝新生,明德,30,12,8.98
忠孝新生,明德,30,12,8.98
忠孝新生,石牌,30,12,9.58
忠孝新生,石牌,30,12,9.58
忠孝新生,唭哩岸,30,12,10.84
忠孝新生,唭哩岸,30,12,10.84
忠孝新生,奇岩,35,14,11.67
忠孝新生,奇岩,35,14,11.67
忠孝新生,北投,35,14,12.43
忠孝新生,北投,35,14,12.43
忠孝新生,新北投,35,14,13.46
忠孝新生,新北投,35,14,13.46
忠孝新生,復興崗,40,16,14.04
忠孝新生,復興崗,40,16,14.04
忠孝新生,忠義,40,16,15.49
忠孝新生,忠義,40,16,15.49
忠孝新生,關渡,40,16,16.36
忠孝新生,關渡,40,16,16.36
忠孝新生,竹圍,45,18,18.5
忠孝新生,竹圍,45,18,18.5
忠孝新生,紅樹林,50,20,20.41
忠孝新生,紅樹林,50,20,20.41
忠孝新生,淡水,50,20,22.5
忠孝新生,淡水,50,20,22.5
忠孝新生,西門,20,8,2.97
忠孝新生,西門,20,8,2.97
忠孝新生,象山,20,8,4.73
忠孝新生,象山,20,8,4.73
忠孝新生,台北101/世貿,20,8,3.99
忠孝新生,台北101/世貿,20,8,3.99
忠孝新生,信義安和,20,8,3
忠孝新生,信義安和,20,8,3
忠孝新生,大安森林公園,20,8,1.87
忠孝新生,大安森林公園,20,8,1.87
忠孝新生,北門,20,8,3.54
忠孝新生,北門,20,8,3.54
忠孝新生,東門,20,8,1.2
忠孝新生,東門,20,8,1.2
忠孝新生,新店區公所,30,12,10.08
忠孝新生,新店區公所,30,12,10.08
忠孝新生,小南門,20,8,3.52
忠孝新生,小南門,20,8,3.52
忠孝新生,松江南京,20,8,1.14
忠孝新生,松江南京,20,8,1.14
忠孝新生,松江南京,20,8,1.14
忠孝新生,松江南京,20,8,1.14
忠孝新生,忠孝新生,20,8,0
忠孝新生,忠孝新生,20,8,0
忠孝新生,忠孝新生,20,8,0
忠孝新生,忠孝新生,20,8,0
忠孝新生,頂埔,45,18,17.61
忠孝新生,頂埔,45,18,17.61
忠孝新生,永寧,40,16,15.66
忠孝新生,永寧,40,16,15.66
忠孝新生,土城,40,16,14.55
忠孝新生,土城,40,16,14.55
忠孝新生,海山,35,14,13.08
忠孝新生,海山,35,14,13.08
忠孝新生,亞東醫院,35,14,11.44
忠孝新生,亞東醫院,35,14,11.44
忠孝新生,府中,30,12,10.16
忠孝新生,府中,30,12,10.16
忠孝新生,板橋,30,12,9.51
忠孝新生,板橋,30,12,9.51
忠孝新生,板橋,30,12,9.51
忠孝新生,板橋,30,12,9.51
忠孝新生,新埔,30,12,8.23
忠孝新生,新埔,30,12,8.23
忠孝新生,江子翠,25,10,7.36
忠孝新生,江子翠,25,10,7.36
忠孝新生,龍山寺,20,8,4.28
忠孝新生,龍山寺,20,8,4.28
忠孝新生,善導寺,20,8,0.94
忠孝新生,善導寺,20,8,0.94
忠孝新生,忠孝敦化,20,8,1.79
忠孝新生,忠孝敦化,20,8,1.79
忠孝新生,國父紀念館,20,8,2.51
忠孝新生,國父紀念館,20,8,2.51
忠孝新生,市政府,20,8,3.36
忠孝新生,市政府,20,8,3.36
忠孝新生,永春,20,8,4.34
忠孝新生,永春,20,8,4.34
忠孝新生,後山埤,25,10,5.16
忠孝新生,後山埤,25,10,5.16
忠孝新生,昆陽,25,10,6.52
忠孝新生,昆陽,25,10,6.52
忠孝新生,南港,25,10,7.94
忠孝新生,南港,25,10,7.94
忠孝新生,台北小巨蛋,20,8,3.08
忠孝新生,台北小巨蛋,20,8,3.08
忠孝新生,南京三民,20,8,4.27
忠孝新生,南京三民,20,8,4.27
忠孝新生,松山,25,10,5.63
忠孝新生,松山,25,10,5.63
忠孝新生,輔大,35,14,12.62
忠孝新生,輔大,35,14,12.62
忠孝新生,新莊,30,12,10.88
忠孝新生,新莊,30,12,10.88
忠孝新生,頭前庄,30,12,9.86
忠孝新生,頭前庄,30,12,9.86
忠孝新生,頭前庄,30,12,9.86
忠孝新生,頭前庄,30,12,9.86
忠孝新生,先嗇宮,30,12,8.93
忠孝新生,先嗇宮,30,12,8.93
忠孝新生,三重,25,10,7.21
忠孝新生,三重,25,10,7.21
忠孝新生,菜寮,25,10,6.34
忠孝新生,菜寮,25,10,6.34
忠孝新生,台北橋,25,10,5.35
忠孝新生,台北橋,25,10,5.35
忠孝新生,大橋頭,20,8,4.02
忠孝新生,大橋頭,20,8,4.02
忠孝新生,中山國小,20,8,2.89
忠孝新生,中山國小,20,8,2.89
忠孝新生,行天宮,20,8,1.94
忠孝新生,行天宮,20,8,1.94
忠孝新生,蘆洲,30,12,10.03
忠孝新生,蘆洲,30,12,10.03
忠孝新生,三民高中,30,12,8.87
忠孝新生,三民高中,30,12,8.87
忠孝新生,徐匯中學,25,10,7.97
忠孝新生,徐匯中學,25,10,7.97
忠孝新生,三和國中,25,10,7.13
忠孝新生,三和國中,25,10,7.13
忠孝新生,三重國小,25,10,5.9
忠孝新生,三重國小,25,10,5.9
忠孝新生,迴龍,40,16,15.39
忠孝新生,迴龍,40,16,15.39
忠孝新生,丹鳳,35,14,13.99
忠孝新生,丹鳳,35,14,13.99
忠孝新生,十四張,30,12,9.88
忠孝新生,十四張,30,12,9.88
忠孝新生,秀朗橋,30,12,9.31
忠孝新生,秀朗橋,30,12,9.31
忠孝新生,景平,30,12,8.41
忠孝新生,景平,30,12,8.41
忠孝新生,中和,30,12,8.85
忠孝新生,中和,30,12,8.85
忠孝新生,橋和,30,12,9.48
忠孝新生,橋和,30,12,9.48
忠孝新生,中原,30,12,10.22
忠孝新生,中原,30,12,10.22
忠孝新生,板新,30,12,10.4
忠孝新生,板新,30,12,10.4
忠孝新生,新埔民生,30,12,8.23
忠孝新生,新埔民生,30,12,8.23
忠孝新生,幸福,35,14,11.02
忠孝新生,幸福,35,14,11.02
忠孝新生,新北產業園區,35,14,12.26
忠孝新生,新北產業園區,35,14,12.26
忠孝新生,廣慈/奉天宮,20,8,6.09
忠孝新生,廣慈/奉天宮,20,8,6.09
頂埔,松山機場,50,20,21.34
頂埔,中山國中,45,18,19.87
頂埔,科技大樓,45,18,19.98
頂埔,六張犁,50,20,21.11
頂埔,麟光,50,20,21.94
頂埔,辛亥,55,22,23.53
頂埔,萬芳醫院,55,22,24.29
頂埔,萬芳社區,55,22,25.44
頂埔,木柵,55,22,25.95
頂埔,動物園,55,22,26.63
頂埔,大安,45,18,19.23
頂埔,大安,45,18,19.23
頂埔,忠孝復興,45,18,18.73
頂埔,忠孝復興,45,18,18.73
頂埔,南京復興,45,18,18.93
頂埔,南京復興,45,18,18.93
頂埔,大直,55,22,23.93
頂埔,劍南路,55,22,25.26
頂埔,西湖,55,22,26.54
頂埔,港墘,60,24,27.37
頂埔,文德,60,24,28.38
頂埔,內湖,60,24,29.51
頂埔,大湖公園,60,24,30.38
頂埔,葫洲,60,24,29.18
頂埔,東湖,60,24,28.32
頂埔,南港軟體園區,60,24,27.29
頂埔,南港展覽館,55,22,26.64
頂埔,南港展覽館,55,22,26.64
頂埔,台大醫院,40,16,16.62
頂埔,台北車站,40,16,15.99
頂埔,台北車站,40,16,15.99
頂埔,中山,40,16,16.65
頂埔,中山,40,16,16.65
頂埔,民權西路,45,18,17.73
頂埔,民權西路,45,18,17.73
頂埔,小碧潭,50,20,20.51
頂埔,新店,50,20,20.58
頂埔,七張,45,18,18.57
頂埔,大坪林,45,18,17.72
頂埔,大坪林,45,18,17.72
頂埔,景美,45,18,18.87
頂埔,萬隆,45,18,19.93
頂埔,公館,45,18,18.93
頂埔,台電大樓,45,18,18.03
頂埔,古亭,45,18,17.15
頂埔,中正紀念堂,40,16,16.22
頂埔,頂溪,40,16,15.71
頂埔,永安市場,40,16,14.38
頂埔,景安,35,14,13.3
頂埔,景安,35,14,13.3
頂埔,南勢角,40,16,14.11
頂埔,雙連,45,18,17.2
頂埔,圓山,45,18,18.76
頂埔,劍潭,50,20,20.28
頂埔,士林,50,20,21.37
頂埔,芝山,50,20,22.47
頂埔,明德,55,22,23.35
頂埔,石牌,55,22,23.95
頂埔,唭哩岸,55,22,25.21
頂埔,奇岩,55,22,26.04
頂埔,北投,55,22,26.8
頂埔,新北投,60,24,27.83
頂埔,復興崗,60,24,28.41
頂埔,忠義,60,24,29.86
頂埔,關渡,60,24,30.73
頂埔,竹圍,65,26,32.87
頂埔,紅樹林,65,26,34.78
頂埔,淡水,65,26,36.87
頂埔,西門,40,16,14.64
頂埔,象山,50,20,21.95
頂埔,台北101/世貿,50,20,21.22
頂埔,信義安和,50,20,20.22
頂埔,大安森林公園,45,18,18.45
頂埔,北門,40,16,15.45
頂埔,東門,45,18,17.78
頂埔,新店區公所,45,18,19.47
頂埔,小南門,40,16,15.46
頂埔,松江南京,45,18,17.94
頂埔,松江南京,45,18,17.94
頂埔,忠孝新生,45,18,17.61
頂埔,忠孝新生,45,18,17.61
頂埔,頂埔,20,8,0
頂埔,永寧,20,8,1.95
頂埔,土城,20,8,3.06
頂埔,海山,20,8,4.52
頂埔,亞東醫院,25,10,6.17
頂埔,府中,25,10,7.45
頂埔,板橋,30,12,8.1
頂埔,板橋,30,12,8.1
頂埔,新埔,30,12,9.38
頂埔,江子翠,30,12,10.24
頂埔,龍山寺,35,14,13.32
頂埔,善導寺,40,16,16.67
頂埔,忠孝敦化,45,18,19.39
頂埔,國父紀念館,50,20,20.12
頂埔,市政府,50,20,20.96
頂埔,永春,50,20,21.95
頂埔,後山埤,50,20,22.76
頂埔,昆陽,55,22,24.13
頂埔,南港,55,22,25.55
頂埔,台北小巨蛋,45,18,19.87
頂埔,南京三民,50,20,21.07
頂埔,松山,50,20,22.42
頂埔,輔大,35,14,13.77
頂埔,新莊,35,14,12.03
頂埔,頭前庄,35,14,11.01
頂埔,頭前庄,35,14,11.01
頂埔,先嗇宮,35,14,12.29
頂埔,三重,40,16,14.01
頂埔,菜寮,40,16,14.88
頂埔,台北橋,40,16,15.87
頂埔,大橋頭,45,18,17.2
頂埔,中山國小,45,18,18.44
頂埔,行天宮,45,18,18.74
頂埔,蘆洲,55,22,23.21
頂埔,三民高中,50,20,22.04
頂埔,徐匯中學,50,20,21.14
頂埔,三和國中,50,20,20.31
頂埔,三重國小,45,18,19.08
頂埔,迴龍,40,16,16.54
頂埔,丹鳳,40,16,15.14
頂埔,十四張,40,16,16.17
頂埔,秀朗橋,40,16,15.28
頂埔,景平,40,16,14.38
頂埔,中和,35,14,11.77
頂埔,橋和,35,14,11.14
頂埔,中原,30,12,10.4
頂埔,板新,30,12,9
頂埔,新埔民生,30,12,9.38
頂埔,幸福,35,14,12.17
頂埔,新北產業園區,35,14,13.41
頂埔,廣慈/奉天宮,50,20,23.32
永寧,松山機場,45,18,19.4
永寧,中山國中,45,18,17.92
永寧,科技大樓,45,18,18.03
永寧,六張犁,45,18,19.17
永寧,麟光,45,18,19.99
永寧,辛亥,50,20,21.58
永寧,萬芳醫院,50,20,22.35
永寧,萬芳社區,55,22,23.49
永寧,木柵,55,22,24
永寧,動物園,55,22,24.68
永寧,大安,45,18,17.29
永寧,大安,45,18,17.29
永寧,忠孝復興,40,16,16.78
永寧,忠孝復興,40,16,16.78
永寧,南京復興,40,16,16.99
永寧,南京復興,40,16,16.99
永寧,大直,50,20,21.98
永寧,劍南路,55,22,23.31
永寧,西湖,55,22,24.59
永寧,港墘,55,22,25.42
永寧,文德,55,22,26.43
永寧,內湖,60,24,27.56
永寧,大湖公園,60,24,28.43
永寧,葫洲,60,24,27.23
永寧,東湖,55,22,26.38
永寧,南港軟體園區,55,22,25.34
永寧,南港展覽館,55,22,24.69
永寧,南港展覽館,55,22,24.69
永寧,台大醫院,40,16,14.67
永寧,台北車站,35,14,14.04
永寧,台北車站,35,14,14.04
永寧,中山,40,16,14.7
永寧,中山,40,16,14.7
永寧,民權西路,40,16,15.78
永寧,民權西路,40,16,15.78
永寧,小碧潭,45,18,18.57
永寧,新店,45,18,18.63
永寧,七張,40,16,16.62
永寧,大坪林,40,16,15.77
永寧,大坪林,40,16,15.77
永寧,景美,40,16,16.92
永寧,萬隆,45,18,17.98
永寧,公館,40,16,16.98
永寧,台電大樓,40,16,16.08
永寧,古亭,40,16,15.2
永寧,中正紀念堂,40,16,14.27
永寧,頂溪,35,14,13.76
永寧,永安市場,35,14,12.43
永寧,景安,35,14,11.35
永寧,景安,35,14,11.35
永寧,南勢角,35,14,12.16
永寧,雙連,40,16,15.25
永寧,圓山,40,16,16.81
永寧,劍潭,45,18,18.33
永寧,士林,45,18,19.42
永寧,芝山,50,20,20.52
永寧,明德,50,20,21.4
永寧,石牌,50,20,22
永寧,唭哩岸,55,22,23.26
永寧,奇岩,55,22,24.09
永寧,北投,55,22,24.85
永寧,新北投,55,22,25.88
永寧,復興崗,55,22,26.46
永寧,忠義,60,24,27.91
永寧,關渡,60,24,28.78
永寧,竹圍,60,24,30.92
永寧,紅樹林,65,26,32.83
永寧,淡水,65,26,34.92
永寧,西門,35,14,12.69
永寧,象山,50,20,20.01
永寧,台北101/世貿,45,18,19.27
永寧,信義安和,45,18,18.28
永寧,大安森林公園,40,16,16.5
永寧,北門,35,14,13.5
永寧,東門,40,16,15.83
永寧,新店區公所,45,18,17.52
永寧,小南門,35,14,13.51
永寧,松江南京,40,16,16
永寧,松江南京,40,16,16
永寧,忠孝新生,40,16,15.66
永寧,忠孝新生,40,16,15.66
永寧,頂埔,20,8,1.95
永寧,永寧,20,8,0
永寧,土城,20,8,1.11
永寧,海山,20,8,2.58
永寧,亞東醫院,20,8,4.22
永寧,府中,25,10,5.5
永寧,板橋,25,10,6.15
永寧,板橋,25,10,6.15
永寧,新埔,25,10,7.43
永寧,江子翠,30,12,8.3
永寧,龍山寺,35,14,11.38
永寧,善導寺,40,16,14.72
永寧,忠孝敦化,45,18,17.45
永寧,國父紀念館,45,18,18.17
永寧,市政府,45,18,19.02
永寧,永春,50,20,20.01
永寧,後山埤,50,20,20.82
永寧,昆陽,50,20,22.18
永寧,南港,55,22,23.6
永寧,台北小巨蛋,45,18,17.93
永寧,南京三民,45,18,19.12
永寧,松山,50,20,20.48
永寧,輔大,35,14,11.82
永寧,新莊,30,12,10.08
永寧,頭前庄,30,12,9.07
永寧,頭前庄,30,12,9.07
永寧,先嗇宮,30,12,10.34
永寧,三重,35,14,12.06
永寧,菜寮,35,14,12.93
永寧,台北橋,35,14,13.92
永寧,大橋頭,40,16,15.25
永寧,中山國小,40,16,16.49
永寧,行天宮,40,16,16.79
永寧,蘆洲,50,20,21.26
永寧,三民高中,50,20,20.1
永寧,徐匯中學,45,18,19.19
永寧,三和國中,45,18,18.36
永寧,三重國小,45,18,17.13
永寧,迴龍,40,16,14.59
永寧,丹鳳,35,14,13.19
永寧,十四張,40,16,14.22
永寧,秀朗橋,35,14,13.34
永寧,景平,35,14,12.43
永寧,中和,30,12,9.82
永寧,橋和,30,12,9.19
永寧,中原,30,12,8.45
永寧,板新,25,10,7.05
永寧,新埔民生,25,10,7.43
永寧,幸福,30,12,10.22
永寧,新北產業園區,35,14,11.46
永寧,廣慈/奉天宮,50,20,21.37
土城,松山機場,45,18,18.29
土城,中山國中,40,16,16.81
土城,科技大樓,40,16,16.92
土城,六張犁,45,18,18.06
土城,麟光,45,18,18.88
土城,辛亥,50,20,20.47
土城,萬芳醫院,50,20,21.24
土城,萬芳社區,50,20,22.38
土城,木柵,50,20,22.89
土城,動物園,55,22,23.57
土城,大安,40,16,16.18
土城,大安,40,16,16.18
土城,忠孝復興,40,16,15.67
土城,忠孝復興,40,16,15.67
土城,南京復興,40,16,15.88
土城,南京復興,40,16,15.88
土城,大直,50,20,20.87
土城,劍南路,50,20,22.2
土城,西湖,55,22,23.48
土城,港墘,55,22,24.31
土城,文德,55,22,25.32
土城,內湖,55,22,26.45
土城,大湖公園,60,24,27.32
土城,葫洲,55,22,26.12
土城,東湖,55,22,25.27
土城,南港軟體園區,55,22,24.23
土城,南港展覽館,55,22,23.58
土城,南港展覽館,55,22,23.58
土城,台大醫院,35,14,13.56
土城,台北車站,35,14,12.93
土城,台北車站,35,14,12.93
土城,中山,35,14,13.59
土城,中山,35,14,13.59
土城,民權西路,40,16,14.67
土城,民權西路,40,16,14.67
土城,小碧潭,45,18,17.46
土城,新店,45,18,17.52
土城,七張,40,16,15.51
土城,大坪林,40,16,14.66
土城,大坪林,40,16,14.66
土城,景美,40,16,15.81
土城,萬隆,40,16,16.87
土城,公館,40,16,15.87
土城,台電大樓,40,16,14.97
土城,古亭,40,16,14.09
土城,中正紀念堂,35,14,13.16
土城,頂溪,35,14,12.65
土城,永安市場,35,14,11.32
土城,景安,30,12,10.24
土城,景安,30,12,10.24
土城,南勢角,35,14,11.05
土城,雙連,40,16,14.14
土城,圓山,40,16,15.7
土城,劍潭,45,18,17.22
土城,士林,45,18,18.31
土城,芝山,45,18,19.41
土城,明德,50,20,20.29
土城,石牌,50,20,20.89
土城,唭哩岸,50,20,22.15
土城,奇岩,50,20,22.98
土城,北投,55,22,23.74
土城,新北投,55,22,24.77
土城,復興崗,55,22,25.35
土城,忠義,55,22,26.8
土城,關渡,60,24,27.67
土城,竹圍,60,24,29.81
土城,紅樹林,65,26,31.72
土城,淡水,65,26,33.81
土城,西門,35,14,11.58
土城,象山,45,18,18.89
土城,台北101/世貿,45,18,18.16
土城,信義安和,45,18,17.17
土城,大安森林公園,40,16,15.39
土城,北門,35,14,12.39
土城,東門,40,16,14.72
土城,新店區公所,40,16,16.41
土城,小南門,35,14,12.4
土城,松江南京,40,16,14.89
土城,松江南京,40,16,14.89
土城,忠孝新生,40,16,14.55
土城,忠孝新生,40,16,14.55
土城,頂埔,20,8,3.06
土城,永寧,20,8,1.11
土城,土城,20,8,0
土城,海山,20,8,1.47
土城,亞東醫院,20,8,3.11
土城,府中,20,8,4.39
土城,板橋,25,10,5.04
土城,板橋,25,10,5.04
土城,新埔,25,10,6.32
土城,江子翠,25,10,7.19
土城,龍山寺,30,12,10.27
土城,善導寺,35,14,13.61
土城,忠孝敦化,40,16,16.34
土城,國父紀念館,45,18,17.06
土城,市政府,45,18,17.91
土城,永春,45,18,18.89
土城,後山埤,45,18,19.71
土城,昆陽,50,20,21.07
土城,南港,50,20,22.49
土城,台北小巨蛋,40,16,16.82
土城,南京三民,45,18,18.01
土城,松山,45,18,19.37
土城,輔大,30,12,10.71
土城,新莊,30,12,8.97
土城,頭前庄,25,10,7.96
土城,頭前庄,25,10,7.96
土城,先嗇宮,30,12,9.23
土城,三重,30,12,10.95
土城,菜寮,35,14,11.82
土城,台北橋,35,14,12.81
土城,大橋頭,40,16,14.14
土城,中山國小,40,16,15.38
土城,行天宮,40,16,15.68
土城,蘆洲,50,20,20.15
土城,三民高中,45,18,18.99
土城,徐匯中學,45,18,18.08
土城,三和國中,45,18,17.25
土城,三重國小,40,16,16.02
土城,迴龍,35,14,13.48
土城,丹鳳,35,14,12.08
土城,十四張,35,14,13.11
土城,秀朗橋,35,14,12.23
土城,景平,35,14,11.32
土城,中和,30,12,8.71
土城,橋和,30,12,8.08
土城,中原,25,10,7.34
土城,板新,25,10,5.94
土城,新埔民生,25,10,6.32
土城,幸福,30,12,9.11
土城,新北產業園區,30,12,10.35
土城,廣慈/奉天宮,45,18,20.26
海山,松山機場,40,16,16.82
海山,中山國中,40,16,15.34
海山,科技大樓,40,16,15.46
海山,六張犁,40,16,16.59
海山,麟光,45,18,17.41
海山,辛亥,45,18,19.01
海山,萬芳醫院,45,18,19.77
海山,萬芳社區,50,20,20.91
海山,木柵,50,20,21.43
海山,動物園,50,20,22.11
海山,大安,40,16,14.71
海山,大安,40,16,14.71
海山,忠孝復興,40,16,14.2
海山,忠孝復興,40,16,14.2
海山,南京復興,40,16,14.41
海山,南京復興,40,16,14.41
海山,大直,45,18,19.41
海山,劍南路,50,20,20.73
海山,西湖,50,20,22.02
海山,港墘,50,20,22.85
海山,文德,55,22,23.86
海山,內湖,55,22,24.99
海山,大湖公園,55,22,25.85
海山,葫洲,55,22,24.65
海山,東湖,55,22,23.8
海山,南港軟體園區,50,20,22.76
海山,南港展覽館,50,20,22.12
海山,南港展覽館,50,20,22.12
海山,台大醫院,35,14,12.09
海山,台北車站,35,14,11.46
海山,台北車站,35,14,11.46
海山,中山,35,14,12.12
海山,中山,35,14,12.12
海山,民權西路,35,14,13.2
海山,民權西路,35,14,13.2
海山,小碧潭,40,16,15.99
海山,新店,40,16,16.06
海山,七張,40,16,14.05
海山,大坪林,35,14,13.2
海山,大坪林,35,14,13.2
海山,景美,40,16,14.35
海山,萬隆,40,16,15.41
海山,公館,40,16,14.41
海山,台電大樓,35,14,13.51
海山,古亭,35,14,12.63
海山,中正紀念堂,35,14,11.7
海山,頂溪,35,14,11.18
海山,永安市場,30,12,9.85
海山,景安,30,12,8.77
海山,景安,30,12,8.77
海山,南勢角,30,12,9.58
海山,雙連,35,14,12.67
海山,圓山,40,16,14.23
海山,劍潭,40,16,15.75
海山,士林,40,16,16.84
海山,芝山,45,18,17.94
海山,明德,45,18,18.82
海山,石牌,45,18,19.42
海山,唭哩岸,50,20,20.68
海山,奇岩,50,20,21.51
海山,北投,50,20,22.27
海山,新北投,55,22,23.3
海山,復興崗,55,22,23.88
海山,忠義,55,22,25.33
海山,關渡,55,22,26.2
海山,竹圍,60,24,28.34
海山,紅樹林,60,24,30.25
海山,淡水,65,26,32.34
海山,西門,30,12,10.11
海山,象山,45,18,17.43
海山,台北101/世貿,40,16,16.69
海山,信義安和,40,16,15.7
海山,大安森林公園,35,14,13.92
海山,北門,30,12,10.93
海山,東門,35,14,13.26
海山,新店區公所,40,16,14.95
海山,小南門,30,12,10.93
海山,松江南京,35,14,13.42
海山,松江南京,35,14,13.42
海山,忠孝新生,35,14,13.08
海山,忠孝新生,35,14,13.08
海山,頂埔,20,8,4.52
海山,永寧,20,8,2.58
海山,土城,20,8,1.47
海山,海山,20,8,0
海山,亞東醫院,20,8,1.64
海山,府中,20,8,2.93
海山,板橋,20,8,3.58
海山,板橋,20,8,3.58
海山,新埔,20,8,4.86
海山,江子翠,25,10,5.72
海山,龍山寺,30,12,8.8
海山,善導寺,35,14,12.15
海山,忠孝敦化,40,16,14.87
海山,國父紀念館,40,16,15.6
海山,市政府,40,16,16.44
海山,永春,45,18,17.43
海山,後山埤,45,18,18.24
海山,昆陽,45,18,19.6
海山,南港,50,20,21.03
海山,台北小巨蛋,40,16,15.35
海山,南京三民,40,16,16.55
海山,松山,45,18,17.9
海山,輔大,30,12,9.25
海山,新莊,25,10,7.51
海山,頭前庄,25,10,6.49
海山,頭前庄,25,10,6.49
海山,先嗇宮,25,10,7.76
海山,三重,30,12,9.49
海山,菜寮,30,12,10.35
海山,台北橋,35,14,11.34
海山,大橋頭,35,14,12.67
海山,中山國小,35,14,13.91
海山,行天宮,40,16,14.22
海山,蘆洲,45,18,18.69
海山,三民高中,45,18,17.52
海山,徐匯中學,40,16,16.62
海山,三和國中,40,16,15.78
海山,三重國小,40,16,14.55
海山,迴龍,35,14,12.02
海山,丹鳳,30,12,10.61
海山,十四張,35,14,11.65
海山,秀朗橋,30,12,10.76
海山,景平,30,12,9.86
海山,中和,25,10,7.25
海山,橋和,25,10,6.62
海山,中原,25,10,5.88
海山,板新,20,8,4.47
海山,新埔民生,20,8,4.86
海山,幸福,25,10,7.64
海山,新北產業園區,30,12,8.89
海山,廣慈/奉天宮,45,18,18.79
亞東醫院,松山機場,40,16,15.18
亞東醫院,中山國中,35,14,13.7
亞東醫院,科技大樓,35,14,13.81
亞東醫院,六張犁,40,16,14.95
亞東醫院,麟光,40,16,15.77
亞東醫院,辛亥,45,18,17.36
亞東醫院,萬芳醫院,45,18,18.13
亞東醫院,萬芳社區,45,18,19.27
亞東醫院,木柵,45,18,19.78
亞東醫院,動物園,50,20,20.46
亞東醫院,大安,35,14,13.07
亞東醫院,大安,35,14,13.07
亞東醫院,忠孝復興,35,14,12.56
亞東醫院,忠孝復興,35,14,12.56
亞東醫院,南京復興,35,14,12.77
亞東醫院,南京復興,35,14,12.77
亞東醫院,大直,45,18,17.76
亞東醫院,劍南路,45,18,19.09
亞東醫院,西湖,50,20,20.37
亞東醫院,港墘,50,20,21.2
亞東醫院,文德,50,20,22.21
亞東醫院,內湖,55,22,23.34
亞東醫院,大湖公園,55,22,24.21
亞東醫院,葫洲,55,22,23.01
亞東醫院,東湖,50,20,22.16
亞東醫院,南港軟體園區,50,20,21.12
亞東醫院,南港展覽館,50,20,20.47
亞東醫院,南港展覽館,50,20,20.47
亞東醫院,台大醫院,30,12,10.45
亞東醫院,台北車站,30,12,9.82
亞東醫院,台北車站,30,12,9.82
亞東醫院,中山,30,12,10.48
亞東醫院,中山,30,12,10.48
亞東醫院,民權西路,35,14,11.56
亞東醫院,民權西路,35,14,11.56
亞東醫院,小碧潭,40,16,14.35
亞東醫院,新店,40,16,14.41
亞東醫院,七張,35,14,12.4
亞東醫院,大坪林,35,14,11.55
亞東醫院,大坪林,35,14,11.55
亞東醫院,景美,35,14,12.7
亞東醫院,萬隆,35,14,13.76
亞東醫院,公館,35,14,12.76
亞東醫院,台電大樓,35,14,11.86
亞東醫院,古亭,30,12,10.98
亞東醫院,中正紀念堂,30,12,10.05
亞東醫院,頂溪,30,12,9.54
亞東醫院,永安市場,30,12,8.21
亞東醫院,景安,25,10,7.13
亞東醫院,景安,25,10,7.13
亞東醫院,南勢角,25,10,7.94
亞東醫院,雙連,35,14,11.03
亞東醫院,圓山,35,14,12.59
亞東醫院,劍潭,40,16,14.11
亞東醫院,士林,40,16,15.2
亞東醫院,芝山,40,16,16.3
亞東醫院,明德,45,18,17.18
亞東醫院,石牌,45,18,17.78
亞東醫院,唭哩岸,45,18,19.04
亞東醫院,奇岩,45,18,19.87
亞東醫院,北投,50,20,20.63
亞東醫院,新北投,50,20,21.66
亞東醫院,復興崗,50,20,22.24
亞東醫院,忠義,55,22,23.69
亞東醫院,關渡,55,22,24.56
亞東醫院,竹圍,55,22,26.7
亞東醫院,紅樹林,60,24,28.61
亞東醫院,淡水,60,24,30.7
亞東醫院,西門,30,12,8.47
亞東醫院,象山,40,16,15.78
亞東醫院,台北101/世貿,40,16,15.05
亞東醫院,信義安和,40,16,14.06
亞東醫院,大安森林公園,35,14,12.28
亞東醫院,北門,30,12,9.28
亞東醫院,東門,35,14,11.61
亞東醫院,新店區公所,35,14,13.3
亞東醫院,小南門,30,12,9.29
亞東醫院,松江南京,35,14,11.78
亞東醫院,松江南京,35,14,11.78
亞東醫院,忠孝新生,35,14,11.44
亞東醫院,忠孝新生,35,14,11.44
亞東醫院,頂埔,25,10,6.17
亞東醫院,永寧,20,8,4.22
亞東醫院,土城,20,8,3.11
亞東醫院,海山,20,8,1.64
亞東醫院,亞東醫院,20,8,0
亞東醫院,府中,20,8,1.28
亞東醫院,板橋,20,8,1.93
亞東醫院,板橋,20,8,1.93
亞東醫院,新埔,20,8,3.21
亞東醫院,江子翠,20,8,4.08
亞東醫院,龍山寺,25,10,7.16
亞東醫院,善導寺,30,12,10.5
亞東醫院,忠孝敦化,35,14,13.23
亞東醫院,國父紀念館,35,14,13.95
亞東醫院,市政府,40,16,14.8
亞東醫院,永春,40,16,15.78
亞東醫院,後山埤,40,16,16.6
亞東醫院,昆陽,45,18,17.96
亞東醫院,南港,45,18,19.38
亞東醫院,台北小巨蛋,35,14,13.71
亞東醫院,南京三民,40,16,14.9
亞東醫院,松山,40,16,16.26
亞東醫院,輔大,25,10,7.6
亞東醫院,新莊,25,10,5.86
亞東醫院,頭前庄,20,8,4.85
亞東醫院,頭前庄,20,8,4.85
亞東醫院,先嗇宮,25,10,6.12
亞東醫院,三重,25,10,7.84
亞東醫院,菜寮,30,12,8.71
亞東醫院,台北橋,30,12,9.7
亞東醫院,大橋頭,35,14,11.03
亞東醫院,中山國小,35,14,12.27
亞東醫院,行天宮,35,14,12.57
亞東醫院,蘆洲,45,18,17.04
亞東醫院,三民高中,40,16,15.88
亞東醫院,徐匯中學,40,16,14.97
亞東醫院,三和國中,40,16,14.14
亞東醫院,三重國小,35,14,12.91
亞東醫院,迴龍,30,12,10.37
亞東醫院,丹鳳,30,12,8.97
亞東醫院,十四張,30,12,10
亞東醫院,秀朗橋,30,12,9.12
亞東醫院,景平,30,12,8.21
亞東醫院,中和,25,10,5.6
亞東醫院,橋和,20,8,4.97
亞東醫院,中原,20,8,4.23
亞東醫院,板新,20,8,2.83
亞東醫院,新埔民生,20,8,3.21
亞東醫院,幸福,25,10,6
亞東醫院,新北產業園區,25,10,7.24
亞東醫院,廣慈/奉天宮,40,16,17.15
府中,松山機場,35,14,13.89
府中,中山國中,35,14,12.42
府中,科技大樓,35,14,12.53
府中,六張犁,35,14,13.67
府中,麟光,40,16,14.49
府中,辛亥,40,16,16.08
府中,萬芳醫院,40,16,16.84
府中,萬芳社區,45,18,17.99
府中,木柵,45,18,18.5
府中,動物園,45,18,19.18
府中,大安,35,14,11.79
府中,大安,35,14,11.79
府中,忠孝復興,35,14,11.28
府中,忠孝復興,35,14,11.28
府中,南京復興,35,14,11.49
府中,南京復興,35,14,11.49
府中,大直,40,16,16.48
府中,劍南路,45,18,17.81
府中,西湖,45,18,19.09
府中,港墘,45,18,19.92
府中,文德,50,20,20.93
府中,內湖,50,20,22.06
府中,大湖公園,50,20,22.93
府中,葫洲,50,20,21.73
府中,東湖,50,20,20.88
府中,南港軟體園區,45,18,19.84
府中,南港展覽館,45,18,19.19
府中,南港展覽館,45,18,19.19
府中,台大醫院,30,12,9.17
府中,台北車站,30,12,8.54
府中,台北車站,30,12,8.54
府中,中山,30,12,9.2
府中,中山,30,12,9.2
府中,民權西路,30,12,10.28
府中,民權西路,30,12,10.28
府中,小碧潭,35,14,13.07
府中,新店,35,14,13.13
府中,七張,35,14,11.12
府中,大坪林,30,12,10.27
府中,大坪林,30,12,10.27
府中,景美,35,14,11.42
府中,萬隆,35,14,12.48
府中,公館,35,14,11.48
府中,台電大樓,30,12,10.58
府中,古亭,30,12,9.7
府中,中正紀念堂,30,12,8.77
府中,頂溪,30,12,8.26
府中,永安市場,25,10,6.93
府中,景安,25,10,5.85
府中,景安,25,10,5.85
府中,南勢角,25,10,6.66
府中,雙連,30,12,9.75
府中,圓山,35,14,11.31
府中,劍潭,35,14,12.83
府中,士林,35,14,13.92
府中,芝山,40,16,15.02
府中,明德,40,16,15.9
府中,石牌,40,16,16.5
府中,唭哩岸,45,18,17.76
府中,奇岩,45,18,18.59
府中,北投,45,18,19.35
府中,新北投,50,20,20.38
府中,復興崗,50,20,20.96
府中,忠義,50,20,22.41
府中,關渡,55,22,23.28
府中,竹圍,55,22,25.42
府中,紅樹林,60,24,27.33
府中,淡水,60,24,29.42
府中,西門,25,10,7.19
府中,象山,40,16,14.5
府中,台北101/世貿,35,14,13.77
府中,信義安和,35,14,12.77
府中,大安森林公園,30,12,11
府中,北門,30,12,8.01
府中,東門,30,12,10.33
府中,新店區公所,35,14,12.02
府中,小南門,30,12,8.01
府中,松江南京,30,12,10.49
府中,松江南京,30,12,10.49
府中,忠孝新生,30,12,10.16
府中,忠孝新生,30,12,10.16
府中,頂埔,25,10,7.45
府中,永寧,25,10,5.5
府中,土城,20,8,4.39
府中,海山,20,8,2.93
府中,亞東醫院,20,8,1.28
府中,府中,20,8,0
府中,板橋,20,8,0.65
府中,板橋,20,8,0.65
府中,新埔,20,8,1.93
府中,江子翠,20,8,2.8
府中,龍山寺,25,10,5.88
府中,善導寺,30,12,9.22
府中,忠孝敦化,35,14,11.94
府中,國父紀念館,35,14,12.67
府中,市政府,35,14,13.51
府中,永春,40,16,14.5
府中,後山埤,40,16,15.32
府中,昆陽,40,16,16.68
府中,南港,45,18,18.1
府中,台北小巨蛋,35,14,12.42
府中,南京三民,35,14,13.62
府中,松山,40,16,14.97
府中,輔大,25,10,6.32
府中,新莊,20,8,4.58
府中,頭前庄,20,8,3.56
府中,頭前庄,20,8,3.56
府中,先嗇宮,20,8,4.84
府中,三重,25,10,6.56
府中,菜寮,25,10,7.43
府中,台北橋,30,12,8.42
府中,大橋頭,30,12,9.75
府中,中山國小,30,12,10.99
府中,行天宮,35,14,11.29
府中,蘆洲,40,16,15.76
府中,三民高中,40,16,14.59
府中,徐匯中學,35,14,13.69
府中,三和國中,35,14,12.86
府中,三重國小,35,14,11.63
府中,迴龍,30,12,9.09
府中,丹鳳,25,10,7.69
府中,十四張,30,12,8.72
府中,秀朗橋,25,10,7.83
府中,景平,25,10,6.93
府中,中和,20,8,4.32
府中,橋和,20,8,3.69
府中,中原,20,8,2.95
府中,板新,20,8,1.55
府中,新埔民生,20,8,1.93
府中,幸福,20,8,4.72
府中,新北產業園區,25,10,5.96
府中,廣慈/奉天宮,40,16,15.87
板橋,松山機場,35,14,13.24
板橋,松山機場,35,14,13.24
板橋,中山國中,35,14,11.76
板橋,中山國中,35,14,11.76
板橋,科技大樓,35,14,11.88
板橋,科技大樓,35,14,11.88
板橋,六張犁,35,14,13.01
板橋,六張犁,35,14,13.01
板橋,麟光,35,14,13.83
板橋,麟光,35,14,13.83
板橋,辛亥,40,16,15.43
板橋,辛亥,40,16,15.43
板橋,萬芳醫院,40,16,16.19
板橋,萬芳醫院,40,16,16.19
板橋,萬芳社區,45,18,17.33
板橋,萬芳社區,45,18,17.33
板橋,木柵,45,18,17.85
板橋,木柵,45,18,17.85
板橋,動物園,45,18,18.53
板橋,動物園,45,18,18.53
板橋,大安,35,14,11.13
板橋,大安,35,14,11.13
板橋,大安,35,14,11.13
板橋,大安,35,14,11.13
板橋,忠孝復興,30,12,10.63
板橋,忠孝復興,30,12,10.63
板橋,忠孝復興,30,12,10.63
板橋,忠孝復興,30,12,10.63
板橋,南京復興,30,12,10.83
板橋,南京復興,30,12,10.83
板橋,南京復興,30,12,10.83
板橋,南京復興,30,12,10.83
板橋,大直,40,16,15.83
板橋,大直,40,16,15.83
板橋,劍南路,45,18,17.16
板橋,劍南路,45,18,17.16
板橋,西湖,45,18,18.44
板橋,西湖,45,18,18.44
板橋,港墘,45,18,19.27
板橋,港墘,45,18,19.27
板橋,文德,50,20,20.28
板橋,文德,50,20,20.28
板橋,內湖,50,20,21.41
板橋,內湖,50,20,21.41
板橋,大湖公園,50,20,22.28
板橋,大湖公園,50,20,22.28
板橋,葫洲,50,20,21.08
板橋,葫洲,50,20,21.08
板橋,東湖,50,20,20.22
板橋,東湖,50,20,20.22
板橋,南港軟體園區,45,18,19.18
板橋,南港軟體園區,45,18,19.18
板橋,南港展覽館,45,18,18.54
板橋,南港展覽館,45,18,18.54
板橋,南港展覽館,45,18,18.54
板橋,南港展覽館,45,18,18.54
板橋,台大醫院,30,12,8.52
板橋,台大醫院,30,12,8.52
板橋,台北車站,25,10,7.89
板橋,台北車站,25,10,7.89
板橋,台北車站,25,10,7.89
板橋,台北車站,25,10,7.89
板橋,中山,30,12,8.55
板橋,中山,30,12,8.55
板橋,中山,30,12,8.55
板橋,中山,30,12,8.55
板橋,民權西路,30,12,9.63
板橋,民權西路,30,12,9.63
板橋,民權西路,30,12,9.63
板橋,民權西路,30,12,9.63
板橋,小碧潭,35,14,12.41
板橋,小碧潭,35,14,12.41
板橋,新店,35,14,12.48
板橋,新店,35,14,12.48
板橋,七張,30,12,10.47
板橋,七張,30,12,10.47
板橋,大坪林,30,12,9.62
板橋,大坪林,30,12,9.62
板橋,大坪林,30,12,9.62
板橋,大坪林,30,12,9.62
板橋,景美,30,12,10.77
板橋,景美,30,12,10.77
板橋,萬隆,35,14,11.83
板橋,萬隆,35,14,11.83
板橋,公館,30,12,10.83
板橋,公館,30,12,10.83
板橋,台電大樓,30,12,9.93
板橋,台電大樓,30,12,9.93
板橋,古亭,30,12,9.05
板橋,古亭,30,12,9.05
板橋,中正紀念堂,30,12,8.12
板橋,中正紀念堂,30,12,8.12
板橋,頂溪,25,10,7.61
板橋,頂溪,25,10,7.61
板橋,永安市場,25,10,6.28
板橋,永安市場,25,10,6.28
板橋,景安,25,10,5.2
板橋,景安,25,10,5.2
板橋,景安,25,10,5.2
板橋,景安,25,10,5.2
板橋,南勢角,25,10,6.01
板橋,南勢角,25,10,6.01
板橋,雙連,30,12,9.1
板橋,雙連,30,12,9.1
板橋,圓山,30,12,10.66
板橋,圓山,30,12,10.66
板橋,劍潭,35,14,12.18
板橋,劍潭,35,14,12.18
板橋,士林,35,14,13.27
板橋,士林,35,14,13.27
板橋,芝山,40,16,14.37
板橋,芝山,40,16,14.37
板橋,明德,40,16,15.25
板橋,明德,40,16,15.25
板橋,石牌,40,16,15.85
板橋,石牌,40,16,15.85
板橋,唭哩岸,45,18,17.11
板橋,唭哩岸,45,18,17.11
板橋,奇岩,45,18,17.94
板橋,奇岩,45,18,17.94
板橋,北投,45,18,18.7
板橋,北投,45,18,18.7
板橋,新北投,45,18,19.73
板橋,新北投,45,18,19.73
板橋,復興崗,50,20,20.31
板橋,復興崗,50,20,20.31
板橋,忠義,50,20,21.76
板橋,忠義,50,20,21.76
板橋,關渡,50,20,22.63
板橋,關渡,50,20,22.63
板橋,竹圍,55,22,24.77
板橋,竹圍,55,22,24.77
板橋,紅樹林,55,22,26.68
板橋,紅樹林,55,22,26.68
板橋,淡水,60,24,28.77
板橋,淡水,60,24,28.77
板橋,西門,25,10,6.54
板橋,西門,25,10,6.54
板橋,象山,35,14,13.85
板橋,象山,35,14,13.85
板橋,台北101/世貿,35,14,13.12
板橋,台北101/世貿,35,14,13.12
板橋,信義安和,35,14,12.12
板橋,信義安和,35,14,12.12
板橋,大安森林公園,30,12,10.35
板橋,大安森林公園,30,12,10.35
板橋,北門,25,10,7.35
板橋,北門,25,10,7.35
板橋,東門,30,12,9.68
板橋,東門,30,12,9.68
板橋,新店區公所,35,14,11.37
板橋,新店區公所,35,14,11.37
板橋,小南門,25,10,7.36
板橋,小南門,25,10,7.36
板橋,松江南京,30,12,9.84
板橋,松江南京,30,12,9.84
板橋,松江南京,30,12,9.84
板橋,松江南京,30,12,9.84
板橋,忠孝新生,30,12,9.51
板橋,忠孝新生,30,12,9.51
板橋,忠孝新生,30,12,9.51
板橋,忠孝新生,30,12,9.51
板橋,頂埔,30,12,8.1
板橋,頂埔,30,12,8.1
板橋,永寧,25,10,6.15
板橋,永寧,25,10,6.15
板橋,土城,25,10,5.04
板橋,土城,25,10,5.04
板橋,海山,20,8,3.58
板橋,海山,20,8,3.58
板橋,亞東醫院,20,8,1.93
板橋,亞東醫院,20,8,1.93
板橋,府中,20,8,0.65
板橋,府中,20,8,0.65
板橋,板橋,20,8,0
板橋,板橋,20,8,0
板橋,板橋,20,8,0
板橋,板橋,20,8,0
板橋,新埔,20,8,1.28
板橋,新埔,20,8,1.28
板橋,江子翠,20,8,2.14
板橋,江子翠,20,8,2.14
板橋,龍山寺,25,10,5.22
板橋,龍山寺,25,10,5.22
板橋,善導寺,30,12,8.57
板橋,善導寺,30,12,8.57
板橋,忠孝敦化,35,14,11.29
板橋,忠孝敦化,35,14,11.29
板橋,國父紀念館,35,14,12.02
板橋,國父紀念館,35,14,12.02
板橋,市政府,35,14,12.86
板橋,市政府,35,14,12.86
板橋,永春,35,14,13.85
板橋,永春,35,14,13.85
板橋,後山埤,40,16,14.66
板橋,後山埤,40,16,14.66
板橋,昆陽,40,16,16.03
板橋,昆陽,40,16,16.03
板橋,南港,45,18,17.45
板橋,南港,45,18,17.45
板橋,台北小巨蛋,35,14,11.77
板橋,台北小巨蛋,35,14,11.77
板橋,南京三民,35,14,12.97
板橋,南京三民,35,14,12.97
板橋,松山,40,16,14.32
板橋,松山,40,16,14.32
板橋,輔大,25,10,5.67
板橋,輔大,25,10,5.67
板橋,新莊,20,8,3.93
板橋,新莊,20,8,3.93
板橋,頭前庄,20,8,2.91
板橋,頭前庄,20,8,2.91
板橋,頭前庄,20,8,2.91
板橋,頭前庄,20,8,2.91
板橋,先嗇宮,20,8,4.19
板橋,先嗇宮,20,8,4.19
板橋,三重,25,10,5.91
板橋,三重,25,10,5.91
板橋,菜寮,25,10,6.78
板橋,菜寮,25,10,6.78
板橋,台北橋,25,10,7.77
板橋,台北橋,25,10,7.77
板橋,大橋頭,30,12,9.1
板橋,大橋頭,30,12,9.1
板橋,中山國小,30,12,10.34
板橋,中山國小,30,12,10.34
板橋,行天宮,30,12,10.64
板橋,行天宮,30,12,10.64
板橋,蘆洲,40,16,15.11
板橋,蘆洲,40,16,15.11
板橋,三民高中,35,14,13.94
板橋,三民高中,35,14,13.94
板橋,徐匯中學,35,14,13.04
板橋,徐匯中學,35,14,13.04
板橋,三和國中,35,14,12.21
板橋,三和國中,35,14,12.21
板橋,三重國小,30,12,10.97
板橋,三重國小,30,12,10.97
板橋,迴龍,30,12,8.44
板橋,迴龍,30,12,8.44
板橋,丹鳳,25,10,7.04
板橋,丹鳳,25,10,7.04
板橋,十四張,30,12,8.07
板橋,十四張,30,12,8.07
板橋,秀朗橋,25,10,7.18
板橋,秀朗橋,25,10,7.18
板橋,景平,25,10,6.28
板橋,景平,25,10,6.28
板橋,中和,20,8,3.67
板橋,中和,20,8,3.67
板橋,橋和,20,8,3.04
板橋,橋和,20,8,3.04
板橋,中原,20,8,2.3
板橋,中原,20,8,2.3
板橋,板新,20,8,0.89
板橋,板新,20,8,0.89
板橋,新埔民生,20,8,1.28
板橋,新埔民生,20,8,1.28
板橋,幸福,20,8,4.07
板橋,幸福,20,8,4.07
板橋,新北產業園區,25,10,5.31
板橋,新北產業園區,25,10,5.31
板橋,廣慈/奉天宮,35,14,15.21
板橋,廣慈/奉天宮,35,14,15.21
新埔,松山機場,35,14,11.96
新埔,中山國中,30,12,10.49
新埔,科技大樓,30,12,10.6
新埔,六張犁,35,14,11.74
新埔,麟光,35,14,12.56
新埔,辛亥,40,16,14.15
新埔,萬芳醫院,40,16,14.91
新埔,萬芳社區,40,16,16.06
新埔,木柵,40,16,16.57
新埔,動物園,45,18,17.25
新埔,大安,30,12,9.86
新埔,大安,30,12,9.86
新埔,忠孝復興,30,12,9.35
新埔,忠孝復興,30,12,9.35
新埔,南京復興,30,12,9.56
新埔,南京復興,30,12,9.56
新埔,大直,40,16,14.55
新埔,劍南路,40,16,15.88
新埔,西湖,45,18,17.16
新埔,港墘,45,18,17.99
新埔,文德,45,18,19
新埔,內湖,50,20,20.13
新埔,大湖公園,50,20,21
新埔,葫洲,45,18,19.8
新埔,東湖,45,18,18.95
新埔,南港軟體園區,45,18,17.91
新埔,南港展覽館,45,18,17.26
新埔,南港展覽館,45,18,17.26
新埔,台大醫院,25,10,7.24
新埔,台北車站,25,10,6.61
新埔,台北車站,25,10,6.61
新埔,中山,25,10,7.27
新埔,中山,25,10,7.27
新埔,民權西路,30,12,8.35
新埔,民權西路,30,12,8.35
新埔,小碧潭,35,14,13.69
新埔,新店,35,14,13.76
新埔,七張,35,14,11.75
新埔,大坪林,30,12,10.9
新埔,大坪林,30,12,10.9
新埔,景美,35,14,12.05
新埔,萬隆,35,14,11.11
新埔,公館,30,12,9.55
新埔,台電大樓,30,12,8.65
新埔,古亭,25,10,7.77
新埔,中正紀念堂,25,10,6.84
新埔,頂溪,30,12,8.88
新埔,永安市場,25,10,7.55
新埔,景安,25,10,6.47
新埔,景安,25,10,6.47
新埔,南勢角,25,10,7.28
新埔,雙連,25,10,7.82
新埔,圓山,30,12,9.38
新埔,劍潭,30,12,10.9
新埔,士林,35,14,11.99
新埔,芝山,35,14,13.09
新埔,明德,35,14,13.97
新埔,石牌,40,16,14.57
新埔,唭哩岸,40,16,15.83
新埔,奇岩,40,16,16.66
新埔,北投,45,18,17.42
新埔,新北投,45,18,18.45
新埔,復興崗,45,18,19.03
新埔,忠義,50,20,20.48
新埔,關渡,50,20,21.35
新埔,竹圍,55,22,23.49
新埔,紅樹林,55,22,25.4
新埔,淡水,60,24,27.49
新埔,西門,25,10,5.26
新埔,象山,35,14,12.57
新埔,台北101/世貿,35,14,11.84
新埔,信義安和,30,12,10.84
新埔,大安森林公園,30,12,9.07
新埔,北門,25,10,6.07
新埔,東門,30,12,8.4
新埔,新店區公所,35,14,12.65
新埔,小南門,25,10,6.08
新埔,松江南京,30,12,8.56
新埔,松江南京,30,12,8.56
新埔,忠孝新生,30,12,8.23
新埔,忠孝新生,30,12,8.23
新埔,頂埔,30,12,9.38
新埔,永寧,25,10,7.43
新埔,土城,25,10,6.32
新埔,海山,20,8,4.86
新埔,亞東醫院,20,8,3.21
新埔,府中,20,8,1.93
新埔,板橋,20,8,1.28
新埔,板橋,20,8,1.28
新埔,新埔,20,8,0
新埔,江子翠,20,8,0.87
新埔,龍山寺,20,8,3.95
新埔,善導寺,25,10,7.29
新埔,忠孝敦化,30,12,10.01
新埔,國父紀念館,30,12,10.74
新埔,市政府,35,14,11.58
新埔,永春,35,14,12.57
新埔,後山埤,35,14,13.39
新埔,昆陽,40,16,14.75
新埔,南港,40,16,16.17
新埔,台北小巨蛋,30,12,10.49
新埔,南京三民,35,14,11.69
新埔,松山,35,14,13.04
新埔,輔大,20,8,4.39
新埔,新莊,20,8,2.65
新埔,頭前庄,20,8,1.63
新埔,頭前庄,20,8,1.63
新埔,先嗇宮,20,8,2.91
新埔,三重,20,8,4.63
新埔,菜寮,25,10,5.5
新埔,台北橋,25,10,6.49
新埔,大橋頭,25,10,7.82
新埔,中山國小,30,12,9.06
新埔,行天宮,30,12,9.36
新埔,蘆洲,35,14,13.83
新埔,三民高中,35,14,12.66
新埔,徐匯中學,35,14,11.76
新埔,三和國中,30,12,10.93
新埔,三重國小,30,12,9.7
新埔,迴龍,25,10,7.16
新埔,丹鳳,25,10,5.76
新埔,十四張,30,12,9.35
新埔,秀朗橋,30,12,8.46
新埔,景平,25,10,7.56
新埔,中和,20,8,4.95
新埔,橋和,20,8,4.32
新埔,中原,20,8,3.58
新埔,板新,20,8,2.17
新埔,新埔民生,20,8,0
新埔,幸福,20,8,2.79
新埔,新北產業園區,20,8,4.03
新埔,廣慈/奉天宮,35,14,13.94
江子翠,松山機場,35,14,11.1
江子翠,中山國中,30,12,9.62
江子翠,科技大樓,30,12,9.74
江子翠,六張犁,30,12,10.87
江子翠,麟光,35,14,11.69
江子翠,辛亥,35,14,13.29
江子翠,萬芳醫院,40,16,14.05
江子翠,萬芳社區,40,16,15.19
江子翠,木柵,40,16,15.71
江子翠,動物園,40,16,16.39
江子翠,大安,30,12,8.99
江子翠,大安,30,12,8.99
江子翠,忠孝復興,30,12,8.48
江子翠,忠孝復興,30,12,8.48
江子翠,南京復興,30,12,8.69
江子翠,南京復興,30,12,8.69
江子翠,大直,35,14,13.69
江子翠,劍南路,40,16,15.01
江子翠,西湖,40,16,16.3
江子翠,港墘,45,18,17.13
江子翠,文德,45,18,18.14
江子翠,內湖,45,18,19.27
江子翠,大湖公園,50,20,20.13
江子翠,葫洲,45,18,18.93
江子翠,東湖,45,18,18.08
江子翠,南港軟體園區,45,18,17.04
江子翠,南港展覽館,40,16,16.4
江子翠,南港展覽館,40,16,16.4
江子翠,台大醫院,25,10,6.37
江子翠,台北車站,25,10,5.74
江子翠,台北車站,25,10,5.74
江子翠,中山,25,10,6.4
江子翠,中山,25,10,6.4
江子翠,民權西路,25,10,7.48
江子翠,民權西路,25,10,7.48
江子翠,小碧潭,40,16,14.56
江子翠,新店,40,16,14.62
江子翠,七張,35,14,12.61
江子翠,大坪林,35,14,11.76
江子翠,大坪林,35,14,11.76
江子翠,景美,35,14,11.31
江子翠,萬隆,30,12,10.25
江子翠,公館,30,12,8.69
江子翠,台電大樓,25,10,7.79
江子翠,古亭,25,10,6.91
江子翠,中正紀念堂,25,10,5.98
江子翠,頂溪,30,12,9.05
江子翠,永安市場,30,12,8.42
江子翠,景安,25,10,7.34
江子翠,景安,25,10,7.34
江子翠,南勢角,30,12,8.15
江子翠,雙連,25,10,6.95
江子翠,圓山,30,12,8.51
江子翠,劍潭,30,12,10.03
江子翠,士林,35,14,11.12
江子翠,芝山,35,14,12.22
江子翠,明德,35,14,13.1
江子翠,石牌,35,14,13.7
江子翠,唭哩岸,40,16,14.96
江子翠,奇岩,40,16,15.79
江子翠,北投,40,16,16.55
江子翠,新北投,45,18,17.58
江子翠,復興崗,45,18,18.16
江子翠,忠義,45,18,19.61
江子翠,關渡,50,20,20.48
江子翠,竹圍,50,20,22.62
江子翠,紅樹林,55,22,24.53
江子翠,淡水,55,22,26.62
江子翠,西門,20,8,4.39
江子翠,象山,35,14,11.71
江子翠,台北101/世貿,30,12,10.97
江子翠,信義安和,30,12,9.98
江子翠,大安森林公園,30,12,8.2
江子翠,北門,25,10,5.21
江子翠,東門,25,10,7.54
江子翠,新店區公所,35,14,13.51
江子翠,小南門,25,10,5.21
江子翠,松江南京,25,10,7.7
江子翠,松江南京,25,10,7.7
江子翠,忠孝新生,25,10,7.36
江子翠,忠孝新生,25,10,7.36
江子翠,頂埔,30,12,10.24
江子翠,永寧,30,12,8.3
江子翠,土城,25,10,7.19
江子翠,海山,25,10,5.72
江子翠,亞東醫院,20,8,4.08
江子翠,府中,20,8,2.8
江子翠,板橋,20,8,2.14
江子翠,板橋,20,8,2.14
江子翠,新埔,20,8,0.87
江子翠,江子翠,20,8,0
江子翠,龍山寺,20,8,3.08
江子翠,善導寺,25,10,6.43
江子翠,忠孝敦化,30,12,9.15
江子翠,國父紀念館,30,12,9.88
江子翠,市政府,30,12,10.72
江子翠,永春,35,14,11.71
江子翠,後山埤,35,14,12.52
江子翠,昆陽,35,14,13.88
江子翠,南港,40,16,15.31
江子翠,台北小巨蛋,30,12,9.63
江子翠,南京三民,30,12,10.83
江子翠,松山,35,14,12.18
江子翠,輔大,25,10,5.26
江子翠,新莊,20,8,3.52
江子翠,頭前庄,20,8,2.5
江子翠,頭前庄,20,8,2.5
江子翠,先嗇宮,20,8,3.77
江子翠,三重,25,10,5.5
江子翠,菜寮,25,10,6.36
江子翠,台北橋,25,10,7.35
江子翠,大橋頭,30,12,8.14
江子翠,中山國小,30,12,8.19
江子翠,行天宮,30,12,8.5
江子翠,蘆洲,40,16,14.15
江子翠,三民高中,35,14,12.99
江子翠,徐匯中學,35,14,12.09
江子翠,三和國中,35,14,11.25
江子翠,三重國小,30,12,10.02
江子翠,迴龍,30,12,8.03
江子翠,丹鳳,25,10,6.62
江子翠,十四張,30,12,10.21
江子翠,秀朗橋,30,12,9.33
江子翠,景平,30,12,8.42
江子翠,中和,25,10,5.81
江子翠,橋和,25,10,5.18
江子翠,中原,20,8,4.44
江子翠,板新,20,8,3.04
江子翠,新埔民生,20,8,0.87
江子翠,幸福,20,8,3.65
江子翠,新北產業園區,20,8,4.9
江子翠,廣慈/奉天宮,35,14,13.07
龍山寺,松山機場,30,12,8.02
龍山寺,中山國中,25,10,6.54
龍山寺,科技大樓,25,10,6.66
龍山寺,六張犁,25,10,7.79
龍山寺,麟光,30,12,8.61
龍山寺,辛亥,30,12,10.21
龍山寺,萬芳醫院,30,12,10.97
龍山寺,萬芳社區,35,14,12.11
龍山寺,木柵,35,14,12.63
龍山寺,動物園,35,14,13.31
龍山寺,大安,25,10,5.91
龍山寺,大安,25,10,5.91
龍山寺,忠孝復興,25,10,5.4
龍山寺,忠孝復興,25,10,5.4
龍山寺,南京復興,25,10,5.61
龍山寺,南京復興,25,10,5.61
龍山寺,大直,30,12,10.61
龍山寺,劍南路,35,14,11.93
龍山寺,西湖,35,14,13.22
龍山寺,港墘,40,16,14.05
龍山寺,文德,40,16,15.06
龍山寺,內湖,40,16,16.19
龍山寺,大湖公園,45,18,17.05
龍山寺,葫洲,40,16,15.85
龍山寺,東湖,40,16,15
龍山寺,南港軟體園區,35,14,13.96
龍山寺,南港展覽館,35,14,13.32
龍山寺,南港展覽館,35,14,13.32
龍山寺,台大醫院,20,8,3.29
龍山寺,台北車站,20,8,2.66
龍山寺,台北車站,20,8,2.66
龍山寺,中山,20,8,3.32
龍山寺,中山,20,8,3.32
龍山寺,民權西路,20,8,4.4
龍山寺,民權西路,20,8,4.4
龍山寺,小碧潭,35,14,12.17
龍山寺,新店,35,14,12.24
龍山寺,七張,30,12,10.23
龍山寺,大坪林,30,12,9.38
龍山寺,大坪林,30,12,9.38
龍山寺,景美,30,12,8.23
龍山寺,萬隆,25,10,7.17
龍山寺,公館,25,10,5.61
龍山寺,台電大樓,20,8,4.71
龍山寺,古亭,20,8,3.83
龍山寺,中正紀念堂,20,8,2.9
龍山寺,頂溪,25,10,5.97
龍山寺,永安市場,25,10,7.3
龍山寺,景安,30,12,8.38
龍山寺,景安,30,12,8.38
龍山寺,南勢角,30,12,9.19
龍山寺,雙連,20,8,3.87
龍山寺,圓山,25,10,5.43
龍山寺,劍潭,25,10,6.95
龍山寺,士林,30,12,8.04
龍山寺,芝山,30,12,9.14
龍山寺,明德,30,12,10.02
龍山寺,石牌,30,12,10.62
龍山寺,唭哩岸,35,14,11.88
龍山寺,奇岩,35,14,12.71
龍山寺,北投,35,14,13.47
龍山寺,新北投,40,16,14.5
龍山寺,復興崗,40,16,15.08
龍山寺,忠義,40,16,16.53
龍山寺,關渡,45,18,17.4
龍山寺,竹圍,45,18,19.54
龍山寺,紅樹林,50,20,21.45
龍山寺,淡水,55,22,23.54
龍山寺,西門,20,8,1.31
龍山寺,象山,30,12,8.63
龍山寺,台北101/世貿,25,10,7.89
龍山寺,信義安和,25,10,6.9
龍山寺,大安森林公園,25,10,5.12
龍山寺,北門,20,8,2.13
龍山寺,東門,20,8,4.46
龍山寺,新店區公所,35,14,11.13
龍山寺,小南門,20,8,2.13
龍山寺,松江南京,20,8,4.62
龍山寺,松江南京,20,8,4.62
龍山寺,忠孝新生,20,8,4.28
龍山寺,忠孝新生,20,8,4.28
龍山寺,頂埔,35,14,13.32
龍山寺,永寧,35,14,11.38
龍山寺,土城,30,12,10.27
龍山寺,海山,30,12,8.8
龍山寺,亞東醫院,25,10,7.16
龍山寺,府中,25,10,5.88
龍山寺,板橋,25,10,5.22
龍山寺,板橋,25,10,5.22
龍山寺,新埔,20,8,3.95
龍山寺,江子翠,20,8,3.08
龍山寺,龍山寺,20,8,0
龍山寺,善導寺,20,8,3.35
龍山寺,忠孝敦化,25,10,6.07
龍山寺,國父紀念館,25,10,6.8
龍山寺,市政府,25,10,7.64
龍山寺,永春,30,12,8.63
龍山寺,後山埤,30,12,9.44
龍山寺,昆陽,30,12,10.8
龍山寺,南港,35,14,12.23
龍山寺,台北小巨蛋,25,10,6.55
龍山寺,南京三民,25,10,7.75
龍山寺,松山,30,12,9.1
龍山寺,輔大,30,12,8.34
龍山寺,新莊,25,10,6.6
龍山寺,頭前庄,25,10,5.58
龍山寺,頭前庄,25,10,5.58
龍山寺,先嗇宮,25,10,6.85
龍山寺,三重,30,12,8.25
龍山寺,菜寮,25,10,7.38
龍山寺,台北橋,25,10,6.4
龍山寺,大橋頭,25,10,5.06
龍山寺,中山國小,25,10,5.11
龍山寺,行天宮,25,10,5.42
龍山寺,蘆洲,35,14,11.07
龍山寺,三民高中,30,12,9.91
龍山寺,徐匯中學,30,12,9.01
龍山寺,三和國中,30,12,8.17
龍山寺,三重國小,25,10,6.94
龍山寺,迴龍,35,14,11.11
龍山寺,丹鳳,30,12,9.7
龍山寺,十四張,30,12,10.93
龍山寺,秀朗橋,30,12,10.36
龍山寺,景平,30,12,9.46
龍山寺,中和,30,12,8.89
龍山寺,橋和,30,12,8.26
龍山寺,中原,25,10,7.52
龍山寺,板新,25,10,6.12
龍山寺,新埔民生,20,8,3.95
龍山寺,幸福,25,10,6.73
龍山寺,新北產業園區,25,10,7.98
龍山寺,廣慈/奉天宮,30,12,9.99
善導寺,松山機場,25,10,5.48
善導寺,中山國中,20,8,4.01
善導寺,科技大樓,20,8,3.7
善導寺,六張犁,20,8,4.83
善導寺,麟光,25,10,5.65
善導寺,辛亥,25,10,7.25
善導寺,萬芳醫院,30,12,8.01
善導寺,萬芳社區,30,12,9.15
善導寺,木柵,30,12,9.67
善導寺,動物園,30,12,10.35
善導寺,大安,20,8,2.95
善導寺,大安,20,8,2.95
善導寺,忠孝復興,20,8,2.06
善導寺,忠孝復興,20,8,2.06
善導寺,南京復興,20,8,3.07
善導寺,南京復興,20,8,3.07
善導寺,大直,30,12,8.07
善導寺,劍南路,30,12,9.4
善導寺,西湖,30,12,10.68
善導寺,港墘,35,14,11.51
善導寺,文德,35,14,12.52
善導寺,內湖,35,14,13.65
善導寺,大湖公園,40,16,14.14
善導寺,葫洲,35,14,12.51
善導寺,東湖,35,14,11.66
善導寺,南港軟體園區,30,12,10.62
善導寺,南港展覽館,30,12,9.97
善導寺,南港展覽館,30,12,9.97
善導寺,台大醫院,20,8,1.31
善導寺,台北車站,20,8,0.68
善導寺,台北車站,20,8,0.68
善導寺,中山,20,8,1.34
善導寺,中山,20,8,1.34
善導寺,民權西路,20,8,2.42
善導寺,民權西路,20,8,2.42
善導寺,小碧潭,35,14,11.58
善導寺,新店,35,14,11.64
善導寺,七張,30,12,9.63
善導寺,大坪林,30,12,8.78
善導寺,大坪林,30,12,8.78
善導寺,景美,25,10,7.63
善導寺,萬隆,25,10,6.57
善導寺,公館,25,10,5.01
善導寺,台電大樓,20,8,4.11
善導寺,古亭,20,8,3.23
善導寺,中正紀念堂,20,8,2.3
善導寺,頂溪,25,10,5.37
善導寺,永安市場,25,10,6.7
善導寺,景安,25,10,7.78
善導寺,景安,25,10,7.78
善導寺,南勢角,30,12,8.59
善導寺,雙連,20,8,1.89
善導寺,圓山,20,8,3.45
善導寺,劍潭,20,8,4.97
善導寺,士林,25,10,6.06
善導寺,芝山,25,10,7.16
善導寺,明德,30,12,8.04
善導寺,石牌,30,12,8.64
善導寺,唭哩岸,30,12,9.9
善導寺,奇岩,30,12,10.73
善導寺,北投,35,14,11.49
善導寺,新北投,35,14,12.52
善導寺,復興崗,35,14,13.1
善導寺,忠義,40,16,14.55
善導寺,關渡,40,16,15.42
善導寺,竹圍,45,18,17.56
善導寺,紅樹林,45,18,19.47
善導寺,淡水,50,20,21.56
善導寺,西門,20,8,2.03
善導寺,象山,25,10,5.67
善導寺,台北101/世貿,20,8,4.93
善導寺,信義安和,20,8,3.94
善導寺,大安森林公園,20,8,2.81
善導寺,北門,20,8,2.61
善導寺,東門,20,8,2.14
善導寺,新店區公所,30,12,10.53
善導寺,小南門,20,8,2.85
善導寺,松江南京,20,8,2.08
善導寺,松江南京,20,8,2.08
善導寺,忠孝新生,20,8,0.94
善導寺,忠孝新生,20,8,0.94
善導寺,頂埔,40,16,16.67
善導寺,永寧,40,16,14.72
善導寺,土城,35,14,13.61
善導寺,海山,35,14,12.15
善導寺,亞東醫院,30,12,10.5
善導寺,府中,30,12,9.22
善導寺,板橋,30,12,8.57
善導寺,板橋,30,12,8.57
善導寺,新埔,25,10,7.29
善導寺,江子翠,25,10,6.43
善導寺,龍山寺,20,8,3.35
善導寺,善導寺,20,8,0
善導寺,忠孝敦化,20,8,2.72
善導寺,國父紀念館,20,8,3.45
善導寺,市政府,20,8,4.29
善導寺,永春,25,10,5.28
善導寺,後山埤,25,10,6.1
善導寺,昆陽,25,10,7.46
善導寺,南港,30,12,8.88
善導寺,台北小巨蛋,20,8,4.01
善導寺,南京三民,25,10,5.21
善導寺,松山,25,10,6.56
善導寺,輔大,35,14,11.68
善導寺,新莊,30,12,9.94
善導寺,頭前庄,30,12,8.92
善導寺,頭前庄,30,12,8.92
善導寺,先嗇宮,25,10,8
善導寺,三重,25,10,6.27
善導寺,菜寮,25,10,5.4
善導寺,台北橋,20,8,4.42
善導寺,大橋頭,20,8,3.08
善導寺,中山國小,20,8,3.13
善導寺,行天宮,20,8,2.88
善導寺,蘆洲,30,12,9.1
善導寺,三民高中,25,10,7.93
善導寺,徐匯中學,25,10,7.03
善導寺,三和國中,25,10,6.19
善導寺,三重國小,20,8,4.96
善導寺,迴龍,40,16,14.45
善導寺,丹鳳,35,14,13.05
善導寺,十四張,30,12,10.33
善導寺,秀朗橋,30,12,9.77
善導寺,景平,30,12,8.87
善導寺,中和,30,12,9.31
善導寺,橋和,30,12,9.94
善導寺,中原,30,12,10.68
善導寺,板新,30,12,9.46
善導寺,新埔民生,25,10,7.29
善導寺,幸福,30,12,10.08
善導寺,新北產業園區,35,14,11.32
善導寺,廣慈/奉天宮,25,10,7.03
忠孝敦化,松山機場,20,8,4.34
忠孝敦化,中山國中,20,8,2.87
忠孝敦化,科技大樓,20,8,2.31
忠孝敦化,六張犁,20,8,3.44
忠孝敦化,麟光,20,8,4.26
忠孝敦化,辛亥,25,10,5.86
忠孝敦化,萬芳醫院,25,10,6.62
忠孝敦化,萬芳社區,25,10,7.76
忠孝敦化,木柵,30,12,8.28
忠孝敦化,動物園,30,12,8.96
忠孝敦化,大安,20,8,1.56
忠孝敦化,大安,20,8,1.56
忠孝敦化,忠孝復興,20,8,0.67
忠孝敦化,忠孝復興,20,8,0.67
忠孝敦化,南京復興,20,8,1.94
忠孝敦化,南京復興,20,8,1.94
忠孝敦化,大直,25,10,6.93
忠孝敦化,劍南路,30,12,8.26
忠孝敦化,西湖,30,12,9.54
忠孝敦化,港墘,30,12,10.37
忠孝敦化,文德,35,14,11.38
忠孝敦化,內湖,35,14,12.28
忠孝敦化,大湖公園,35,14,11.41
忠孝敦化,葫洲,30,12,9.78
忠孝敦化,東湖,30,12,8.93
忠孝敦化,南港軟體園區,25,10,7.89
忠孝敦化,南港展覽館,25,10,7.25
忠孝敦化,南港展覽館,25,10,7.25
忠孝敦化,台大醫院,20,8,4.04
忠孝敦化,台北車站,20,8,3.41
忠孝敦化,台北車站,20,8,3.41
忠孝敦化,中山,20,8,4.07
忠孝敦化,中山,20,8,4.07
忠孝敦化,民權西路,25,10,5.15
忠孝敦化,民權西路,25,10,5.15
忠孝敦化,小碧潭,35,14,12.91
忠孝敦化,新店,35,14,12.97
忠孝敦化,七張,30,12,10.96
忠孝敦化,大坪林,30,12,10.11
忠孝敦化,大坪林,30,12,10.11
忠孝敦化,景美,30,12,8.96
忠孝敦化,萬隆,25,10,7.9
忠孝敦化,公館,25,10,6.34
忠孝敦化,台電大樓,25,10,5.44
忠孝敦化,古亭,20,8,4.56
忠孝敦化,中正紀念堂,20,8,4.55
忠孝敦化,頂溪,25,10,6.7
忠孝敦化,永安市場,30,12,8.03
忠孝敦化,景安,30,12,9.11
忠孝敦化,景安,30,12,9.11
忠孝敦化,南勢角,30,12,9.92
忠孝敦化,雙連,20,8,4.62
忠孝敦化,圓山,25,10,6.18
忠孝敦化,劍潭,25,10,7.7
忠孝敦化,士林,30,12,8.79
忠孝敦化,芝山,30,12,9.89
忠孝敦化,明德,30,12,10.77
忠孝敦化,石牌,35,14,11.37
忠孝敦化,唭哩岸,35,14,12.63
忠孝敦化,奇岩,35,14,13.46
忠孝敦化,北投,40,16,14.22
忠孝敦化,新北投,40,16,15.25
忠孝敦化,復興崗,40,16,15.83
忠孝敦化,忠義,45,18,17.28
忠孝敦化,關渡,45,18,18.15
忠孝敦化,竹圍,50,20,20.29
忠孝敦化,紅樹林,50,20,22.2
忠孝敦化,淡水,55,22,24.29
忠孝敦化,西門,20,8,4.76
忠孝敦化,象山,20,8,4.28
忠孝敦化,台北101/世貿,20,8,3.54
忠孝敦化,信義安和,20,8,2.55
忠孝敦化,大安森林公園,20,8,2.35
忠孝敦化,北門,25,10,5.33
忠孝敦化,東門,20,8,2.99
忠孝敦化,新店區公所,35,14,11.86
忠孝敦化,小南門,25,10,5.31
忠孝敦化,松江南京,20,8,2.93
忠孝敦化,松江南京,20,8,2.93
忠孝敦化,忠孝新生,20,8,1.79
忠孝敦化,忠孝新生,20,8,1.79
忠孝敦化,頂埔,45,18,19.39
忠孝敦化,永寧,45,18,17.45
忠孝敦化,土城,40,16,16.34
忠孝敦化,海山,40,16,14.87
忠孝敦化,亞東醫院,35,14,13.23
忠孝敦化,府中,35,14,11.94
忠孝敦化,板橋,35,14,11.29
忠孝敦化,板橋,35,14,11.29
忠孝敦化,新埔,30,12,10.01
忠孝敦化,江子翠,30,12,9.15
忠孝敦化,龍山寺,25,10,6.07
忠孝敦化,善導寺,20,8,2.72
忠孝敦化,忠孝敦化,20,8,0
忠孝敦化,國父紀念館,20,8,0.73
忠孝敦化,市政府,20,8,1.57
忠孝敦化,永春,20,8,2.56
忠孝敦化,後山埤,20,8,3.37
忠孝敦化,昆陽,20,8,4.73
忠孝敦化,南港,25,10,6.16
忠孝敦化,台北小巨蛋,20,8,2.87
忠孝敦化,南京三民,20,8,4.07
忠孝敦化,松山,25,10,5.42
忠孝敦化,輔大,40,16,14.41
忠孝敦化,新莊,35,14,12.67
忠孝敦化,頭前庄,35,14,11.65
忠孝敦化,頭前庄,35,14,11.65
忠孝敦化,先嗇宮,30,12,10.72
忠孝敦化,三重,30,12,9
忠孝敦化,菜寮,30,12,8.13
忠孝敦化,台北橋,25,10,7.14
忠孝敦化,大橋頭,25,10,5.81
忠孝敦化,中山國小,20,8,4.67
忠孝敦化,行天宮,20,8,3.73
忠孝敦化,蘆洲,35,14,11.82
忠孝敦化,三民高中,30,12,10.65
忠孝敦化,徐匯中學,30,12,9.75
忠孝敦化,三和國中,30,12,8.92
忠孝敦化,三重國小,25,10,7.69
忠孝敦化,迴龍,45,18,17.17
忠孝敦化,丹鳳,40,16,15.77
忠孝敦化,十四張,35,14,11.66
忠孝敦化,秀朗橋,35,14,11.1
忠孝敦化,景平,30,12,10.2
忠孝敦化,中和,30,12,10.64
忠孝敦化,橋和,35,14,11.27
忠孝敦化,中原,35,14,12.01
忠孝敦化,板新,35,14,12.19
忠孝敦化,新埔民生,30,12,10.01
忠孝敦化,幸福,35,14,12.8
忠孝敦化,新北產業園區,40,16,14.05
忠孝敦化,廣慈/奉天宮,20,8,5.64
國父紀念館,松山機場,25,10,5.07
國父紀念館,中山國中,20,8,3.59
國父紀念館,科技大樓,20,8,3.03
國父紀念館,六張犁,20,8,4.17
國父紀念館,麟光,20,8,4.99
國父紀念館,辛亥,25,10,6.59
國父紀念館,萬芳醫院,25,10,7.35
國父紀念館,萬芳社區,30,12,8.49
國父紀念館,木柵,30,12,9
國父紀念館,動物園,30,12,9.69
國父紀念館,大安,20,8,2.29
國父紀念館,大安,20,8,2.29
國父紀念館,忠孝復興,20,8,1.4
國父紀念館,忠孝復興,20,8,1.4
國父紀念館,南京復興,20,8,2.66
國父紀念館,南京復興,20,8,2.66
國父紀念館,大直,25,10,7.66
國父紀念館,劍南路,30,12,8.99
國父紀念館,西湖,30,12,10.27
國父紀念館,港墘,35,14,11.1
國父紀念館,文德,35,14,12.11
國父紀念館,內湖,35,14,11.55
國父紀念館,大湖公園,30,12,10.68
國父紀念館,葫洲,30,12,9.06
國父紀念館,東湖,30,12,8.2
國父紀念館,南港軟體園區,25,10,7.16
國父紀念館,南港展覽館,25,10,6.52
國父紀念館,南港展覽館,25,10,6.52
國父紀念館,台大醫院,20,8,4.77
國父紀念館,台北車站,20,8,4.14
國父紀念館,台北車站,20,8,4.14
國父紀念館,中山,20,8,4.8
國父紀念館,中山,20,8,4.8
國父紀念館,民權西路,25,10,5.88
國父紀念館,民權西路,25,10,5.88
國父紀念館,小碧潭,35,14,13.63
國父紀念館,新店,35,14,13.7
國父紀念館,七張,35,14,11.69
國父紀念館,大坪林,30,12,10.84
國父紀念館,大坪林,30,12,10.84
國父紀念館,景美,30,12,9.69
國父紀念館,萬隆,30,12,8.63
國父紀念館,公館,25,10,7.07
國父紀念館,台電大樓,25,10,6.17
國父紀念館,古亭,25,10,5.29
國父紀念館,中正紀念堂,25,10,5.28
國父紀念館,頂溪,25,10,7.43
國父紀念館,永安市場,30,12,8.76
國父紀念館,景安,30,12,9.84
國父紀念館,景安,30,12,9.84
國父紀念館,南勢角,30,12,10.65
國父紀念館,雙連,25,10,5.35
國父紀念館,圓山,25,10,6.91
國父紀念館,劍潭,30,12,8.43
國父紀念館,士林,30,12,9.52
國父紀念館,芝山,30,12,10.62
國父紀念館,明德,35,14,11.5
國父紀念館,石牌,35,14,12.1
國父紀念館,唭哩岸,35,14,13.36
國父紀念館,奇岩,40,16,14.19
國父紀念館,北投,40,16,14.95
國父紀念館,新北投,40,16,15.98
國父紀念館,復興崗,40,16,16.56
國父紀念館,忠義,45,18,18.01
國父紀念館,關渡,45,18,18.88
國父紀念館,竹圍,50,20,21.02
國父紀念館,紅樹林,50,20,22.93
國父紀念館,淡水,55,22,25.02
國父紀念館,西門,25,10,5.48
國父紀念館,象山,25,10,5.01
國父紀念館,台北101/世貿,20,8,4.27
國父紀念館,信義安和,20,8,3.28
國父紀念館,大安森林公園,20,8,3.08
國父紀念館,北門,25,10,6.06
國父紀念館,東門,20,8,3.72
國父紀念館,新店區公所,35,14,12.59
國父紀念館,小南門,25,10,6.04
國父紀念館,松江南京,20,8,3.66
國父紀念館,松江南京,20,8,3.66
國父紀念館,忠孝新生,20,8,2.51
國父紀念館,忠孝新生,20,8,2.51
國父紀念館,頂埔,50,20,20.12
國父紀念館,永寧,45,18,18.17
國父紀念館,土城,45,18,17.06
國父紀念館,海山,40,16,15.6
國父紀念館,亞東醫院,35,14,13.95
國父紀念館,府中,35,14,12.67
國父紀念館,板橋,35,14,12.02
國父紀念館,板橋,35,14,12.02
國父紀念館,新埔,30,12,10.74
國父紀念館,江子翠,30,12,9.88
國父紀念館,龍山寺,25,10,6.8
國父紀念館,善導寺,20,8,3.45
國父紀念館,忠孝敦化,20,8,0.73
國父紀念館,國父紀念館,20,8,0
國父紀念館,市政府,20,8,0.84
國父紀念館,永春,20,8,1.83
國父紀念館,後山埤,20,8,2.64
國父紀念館,昆陽,20,8,4.01
國父紀念館,南港,25,10,5.43
國父紀念館,台北小巨蛋,20,8,3.6
國父紀念館,南京三民,20,8,4.8
國父紀念館,松山,25,10,6.15
國父紀念館,輔大,40,16,15.13
國父紀念館,新莊,35,14,13.39
國父紀念館,頭前庄,35,14,12.38
國父紀念館,頭前庄,35,14,12.38
國父紀念館,先嗇宮,35,14,11.45
國父紀念館,三重,30,12,9.73
國父紀念館,菜寮,30,12,8.86
國父紀念館,台北橋,25,10,7.87
國父紀念館,大橋頭,25,10,6.54
國父紀念館,中山國小,25,10,5.4
國父紀念館,行天宮,20,8,4.45
國父紀念館,蘆洲,35,14,12.55
國父紀念館,三民高中,35,14,11.38
國父紀念館,徐匯中學,30,12,10.48
國父紀念館,三和國中,30,12,9.65
國父紀念館,三重國小,30,12,8.41
國父紀念館,迴龍,45,18,17.9
國父紀念館,丹鳳,40,16,16.5
國父紀念館,十四張,35,14,12.39
國父紀念館,秀朗橋,35,14,11.83
國父紀念館,景平,30,12,10.93
國父紀念館,中和,35,14,11.37
國父紀念館,橋和,35,14,12
國父紀念館,中原,35,14,12.74
國父紀念館,板新,35,14,12.91
國父紀念館,新埔民生,30,12,10.74
國父紀念館,幸福,35,14,13.53
國父紀念館,新北產業園區,40,16,14.77
國父紀念館,廣慈/奉天宮,25,10,6.37
市政府,松山機場,25,10,5.91
市政府,中山國中,20,8,4.44
市政府,科技大樓,20,8,3.88
市政府,六張犁,25,10,5.01
市政府,麟光,25,10,5.83
市政府,辛亥,25,10,7.43
市政府,萬芳醫院,30,12,8.19
市政府,萬芳社區,30,12,9.33
市政府,木柵,30,12,9.85
市政府,動物園,30,12,10.53
市政府,大安,20,8,3.13
市政府,大安,20,8,3.13
市政府,忠孝復興,20,8,2.24
市政府,忠孝復興,20,8,2.24
市政府,南京復興,20,8,3.51
市政府,南京復興,20,8,3.51
市政府,大直,30,12,8.5
市政府,劍南路,30,12,9.83
市政府,西湖,35,14,11.11
市政府,港墘,35,14,11.94
市政府,文德,35,14,11.84
市政府,內湖,30,12,10.71
市政府,大湖公園,30,12,9.84
市政府,葫洲,30,12,8.21
市政府,東湖,25,10,7.36
市政府,南港軟體園區,25,10,6.32
市政府,南港展覽館,25,10,5.68
市政府,南港展覽館,25,10,5.68
市政府,台大醫院,25,10,5.61
市政府,台北車站,20,8,4.98
市政府,台北車站,20,8,4.98
市政府,中山,25,10,5.64
市政府,中山,25,10,5.64
市政府,民權西路,25,10,6.72
市政府,民權西路,25,10,6.72
市政府,小碧潭,40,16,14.48
市政府,新店,40,16,14.54
市政府,七張,35,14,12.53
市政府,大坪林,35,14,11.68
市政府,大坪林,35,14,11.68
市政府,景美,30,12,10.53
市政府,萬隆,30,12,9.47
市政府,公館,25,10,7.91
市政府,台電大樓,25,10,7.01
市政府,古亭,25,10,6.13
市政府,中正紀念堂,25,10,6.12
市政府,頂溪,30,12,8.27
市政府,永安市場,30,12,9.6
市政府,景安,30,12,10.68
市政府,景安,30,12,10.68
市政府,南勢角,35,14,11.49
市政府,雙連,25,10,6.19
市政府,圓山,25,10,7.75
市政府,劍潭,30,12,9.27
市政府,士林,30,12,10.36
市政府,芝山,35,14,11.46
市政府,明德,35,14,12.34
市政府,石牌,35,14,12.94
市政府,唭哩岸,40,16,14.2
市政府,奇岩,40,16,15.03
市政府,北投,40,16,15.79
市政府,新北投,40,16,16.82
市政府,復興崗,45,18,17.4
市政府,忠義,45,18,18.85
市政府,關渡,45,18,19.72
市政府,竹圍,50,20,21.86
市政府,紅樹林,55,22,23.77
市政府,淡水,55,22,25.86
市政府,西門,25,10,6.33
市政府,象山,25,10,5.85
市政府,台北101/世貿,25,10,5.11
市政府,信義安和,20,8,4.12
市政府,大安森林公園,20,8,3.92
市政府,北門,25,10,6.9
市政府,東門,20,8,4.56
市政府,新店區公所,35,14,13.43
市政府,小南門,25,10,6.88
市政府,松江南京,20,8,4.5
市政府,松江南京,20,8,4.5
市政府,忠孝新生,20,8,3.36
市政府,忠孝新生,20,8,3.36
市政府,頂埔,50,20,20.96
市政府,永寧,45,18,19.02
市政府,土城,45,18,17.91
市政府,海山,40,16,16.44
市政府,亞東醫院,40,16,14.8
市政府,府中,35,14,13.51
市政府,板橋,35,14,12.86
市政府,板橋,35,14,12.86
市政府,新埔,35,14,11.58
市政府,江子翠,30,12,10.72
市政府,龍山寺,25,10,7.64
市政府,善導寺,20,8,4.29
市政府,忠孝敦化,20,8,1.57
市政府,國父紀念館,20,8,0.84
市政府,市政府,20,8,0
市政府,永春,20,8,0.99
市政府,後山埤,20,8,1.8
市政府,昆陽,20,8,3.16
市政府,南港,20,8,4.59
市政府,台北小巨蛋,20,8,4.44
市政府,南京三民,25,10,5.64
市政府,松山,25,10,6.99
市政府,輔大,40,16,15.98
市政府,新莊,40,16,14.24
市政府,頭前庄,35,14,13.22
市政府,頭前庄,35,14,13.22
市政府,先嗇宮,35,14,12.29
市政府,三重,30,12,10.57
市政府,菜寮,30,12,9.7
市政府,台北橋,30,12,8.71
市政府,大橋頭,25,10,7.38
市政府,中山國小,25,10,6.24
市政府,行天宮,25,10,5.3
市政府,蘆洲,35,14,13.39
市政府,三民高中,35,14,12.22
市政府,徐匯中學,35,14,11.32
市政府,三和國中,30,12,10.49
市政府,三重國小,30,12,9.26
市政府,迴龍,45,18,18.74
市政府,丹鳳,45,18,17.34
市政府,十四張,35,14,13.23
市政府,秀朗橋,35,14,12.67
市政府,景平,35,14,11.77
市政府,中和,35,14,12.21
市政府,橋和,35,14,12.84
市政府,中原,35,14,13.58
市政府,板新,35,14,13.76
市政府,新埔民生,35,14,11.58
市政府,幸福,40,16,14.37
市政府,新北產業園區,40,16,15.62
市政府,廣慈/奉天宮,25,10,7.21
永春,松山機場,25,10,6.9
永春,中山國中,25,10,5.42
永春,科技大樓,20,8,4.86
永春,六張犁,25,10,6
永春,麟光,25,10,6.82
永春,辛亥,30,12,8.41
永春,萬芳醫院,30,12,9.18
永春,萬芳社區,30,12,10.32
永春,木柵,30,12,10.83
永春,動物園,35,14,11.51
永春,大安,20,8,4.12
永春,大安,20,8,4.12
永春,忠孝復興,20,8,3.22
永春,忠孝復興,20,8,3.22
永春,南京復興,20,8,4.49
永春,南京復興,20,8,4.49
永春,大直,30,12,9.49
永春,劍南路,30,12,10.81
永春,西湖,35,14,12.1
永春,港墘,35,14,11.86
永春,文德,30,12,10.85
永春,內湖,30,12,9.72
永春,大湖公園,30,12,8.86
永春,葫洲,25,10,7.23
永春,東湖,25,10,6.38
永春,南港軟體園區,25,10,5.34
永春,南港展覽館,20,8,4.69
永春,南港展覽館,20,8,4.69
永春,台大醫院,25,10,6.59
永春,台北車站,25,10,5.96
永春,台北車站,25,10,5.96
永春,中山,25,10,6.62
永春,中山,25,10,6.62
永春,民權西路,25,10,7.7
永春,民權西路,25,10,7.7
永春,小碧潭,40,16,15.46
永春,新店,40,16,15.53
永春,七張,35,14,13.52
永春,大坪林,35,14,12.67
永春,大坪林,35,14,12.67
永春,景美,35,14,11.52
永春,萬隆,30,12,10.46
永春,公館,30,12,8.9
永春,台電大樓,25,10,8
永春,古亭,25,10,7.12
永春,中正紀念堂,25,10,7.1
永春,頂溪,30,12,9.26
永春,永安市場,30,12,10.59
永春,景安,35,14,11.67
永春,景安,35,14,11.67
永春,南勢角,35,14,12.48
永春,雙連,25,10,7.17
永春,圓山,30,12,8.73
永春,劍潭,30,12,10.25
永春,士林,35,14,11.34
永春,芝山,35,14,12.44
永春,明德,35,14,13.32
永春,石牌,35,14,13.92
永春,唭哩岸,40,16,15.18
永春,奇岩,40,16,16.01
永春,北投,40,16,16.77
永春,新北投,45,18,17.8
永春,復興崗,45,18,18.38
永春,忠義,45,18,19.83
永春,關渡,50,20,20.7
永春,竹圍,50,20,22.84
永春,紅樹林,55,22,24.75
永春,淡水,55,22,26.84
永春,西門,25,10,7.31
永春,象山,25,10,6.83
永春,台北101/世貿,25,10,6.1
永春,信義安和,25,10,5.1
永春,大安森林公園,20,8,4.9
永春,北門,25,10,7.89
永春,東門,25,10,5.54
永春,新店區公所,40,16,14.42
永春,小南門,25,10,7.87
永春,松江南京,25,10,5.48
永春,松江南京,25,10,5.48
永春,忠孝新生,20,8,4.34
永春,忠孝新生,20,8,4.34
永春,頂埔,50,20,21.95
永春,永寧,50,20,20.01
永春,土城,45,18,18.89
永春,海山,45,18,17.43
永春,亞東醫院,40,16,15.78
永春,府中,40,16,14.5
永春,板橋,35,14,13.85
永春,板橋,35,14,13.85
永春,新埔,35,14,12.57
永春,江子翠,35,14,11.71
永春,龍山寺,30,12,8.63
永春,善導寺,25,10,5.28
永春,忠孝敦化,20,8,2.56
永春,國父紀念館,20,8,1.83
永春,市政府,20,8,0.99
永春,永春,20,8,0
永春,後山埤,20,8,0.82
永春,昆陽,20,8,2.18
永春,南港,20,8,3.6
永春,台北小巨蛋,25,10,5.43
永春,南京三民,25,10,6.63
永春,松山,25,10,7.98
永春,輔大,40,16,16.96
永春,新莊,40,16,15.22
永春,頭前庄,40,16,14.2
永春,頭前庄,40,16,14.2
永春,先嗇宮,35,14,13.28
永春,三重,35,14,11.55
永春,菜寮,30,12,10.68
永春,台北橋,30,12,9.7
永春,大橋頭,30,12,8.36
永春,中山國小,25,10,7.23
永春,行天宮,25,10,6.28
永春,蘆洲,40,16,14.38
永春,三民高中,35,14,13.21
永春,徐匯中學,35,14,12.31
永春,三和國中,35,14,11.47
永春,三重國小,30,12,10.24
永春,迴龍,45,18,19.73
永春,丹鳳,45,18,18.33
永春,十四張,40,16,14.22
永春,秀朗橋,35,14,13.66
永春,景平,35,14,12.75
永春,中和,35,14,13.2
永春,橋和,35,14,13.83
永春,中原,40,16,14.56
永春,板新,40,16,14.74
永春,新埔民生,35,14,12.57
永春,幸福,40,16,15.36
永春,新北產業園區,40,16,16.6
永春,廣慈/奉天宮,25,10,8.2
後山埤,松山機場,25,10,7.72
後山埤,中山國中,25,10,6.24
後山埤,科技大樓,25,10,5.68
後山埤,六張犁,25,10,6.81
後山埤,麟光,25,10,7.63
後山埤,辛亥,30,12,9.23
後山埤,萬芳醫院,30,12,9.99
後山埤,萬芳社區,35,14,11.13
後山埤,木柵,35,14,11.65
後山埤,動物園,35,14,12.33
後山埤,大安,20,8,4.93
後山埤,大安,20,8,4.93
後山埤,忠孝復興,20,8,4.04
後山埤,忠孝復興,20,8,4.04
後山埤,南京復興,25,10,5.31
後山埤,南京復興,25,10,5.31
後山埤,大直,30,12,10.3
後山埤,劍南路,35,14,11.63
後山埤,西湖,35,14,11.88
後山埤,港墘,35,14,11.05
後山埤,文德,30,12,10.04
後山埤,內湖,30,12,8.91
後山埤,大湖公園,30,12,8.04
後山埤,葫洲,25,10,6.41
後山埤,東湖,25,10,5.56
後山埤,南港軟體園區,20,8,4.52
後山埤,南港展覽館,20,8,3.88
後山埤,南港展覽館,20,8,3.88
後山埤,台大醫院,25,10,7.41
後山埤,台北車站,25,10,6.78
後山埤,台北車站,25,10,6.78
後山埤,中山,25,10,7.44
後山埤,中山,25,10,7.44
後山埤,民權西路,30,12,8.52
後山埤,民權西路,30,12,8.52
後山埤,小碧潭,40,16,16.28
後山埤,新店,40,16,16.34
後山埤,七張,40,16,14.33
後山埤,大坪林,35,14,13.48
後山埤,大坪林,35,14,13.48
後山埤,景美,35,14,12.33
後山埤,萬隆,35,14,11.27
後山埤,公館,30,12,9.71
後山埤,台電大樓,30,12,8.81
後山埤,古亭,25,10,7.93
後山埤,中正紀念堂,25,10,7.92
後山埤,頂溪,30,12,10.07
後山埤,永安市場,35,14,11.4
後山埤,景安,35,14,12.48
後山埤,景安,35,14,12.48
後山埤,南勢角,35,14,13.29
後山埤,雙連,25,10,7.99
後山埤,圓山,30,12,9.55
後山埤,劍潭,35,14,11.07
後山埤,士林,35,14,12.16
後山埤,芝山,35,14,13.26
後山埤,明德,40,16,14.14
後山埤,石牌,40,16,14.74
後山埤,唭哩岸,40,16,16
後山埤,奇岩,40,16,16.83
後山埤,北投,45,18,17.59
後山埤,新北投,45,18,18.62
後山埤,復興崗,45,18,19.2
後山埤,忠義,50,20,20.65
後山埤,關渡,50,20,21.52
後山埤,竹圍,55,22,23.66
後山埤,紅樹林,55,22,25.57
後山埤,淡水,60,24,27.66
後山埤,西門,30,12,8.13
後山埤,象山,25,10,7.65
後山埤,台北101/世貿,25,10,6.91
後山埤,信義安和,25,10,5.92
後山埤,大安森林公園,25,10,5.72
後山埤,北門,30,12,8.7
後山埤,東門,25,10,6.36
後山埤,新店區公所,40,16,15.23
後山埤,小南門,30,12,8.68
後山埤,松江南京,25,10,6.3
後山埤,松江南京,25,10,6.3
後山埤,忠孝新生,25,10,5.16
後山埤,忠孝新生,25,10,5.16
後山埤,頂埔,50,20,22.76
後山埤,永寧,50,20,20.82
後山埤,土城,45,18,19.71
後山埤,海山,45,18,18.24
後山埤,亞東醫院,40,16,16.6
後山埤,府中,40,16,15.32
後山埤,板橋,40,16,14.66
後山埤,板橋,40,16,14.66
後山埤,新埔,35,14,13.39
後山埤,江子翠,35,14,12.52
後山埤,龍山寺,30,12,9.44
後山埤,善導寺,25,10,6.1
後山埤,忠孝敦化,20,8,3.37
後山埤,國父紀念館,20,8,2.64
後山埤,市政府,20,8,1.8
後山埤,永春,20,8,0.82
後山埤,後山埤,20,8,0
後山埤,昆陽,20,8,1.36
後山埤,南港,20,8,2.79
後山埤,台北小巨蛋,25,10,6.25
後山埤,南京三民,25,10,7.44
後山埤,松山,30,12,8.8
後山埤,輔大,45,18,17.78
後山埤,新莊,40,16,16.04
後山埤,頭前庄,40,16,15.02
後山埤,頭前庄,40,16,15.02
後山埤,先嗇宮,40,16,14.09
後山埤,三重,35,14,12.37
後山埤,菜寮,35,14,11.5
後山埤,台北橋,30,12,10.51
後山埤,大橋頭,30,12,9.18
後山埤,中山國小,30,12,8.04
後山埤,行天宮,25,10,7.1
後山埤,蘆洲,40,16,15.19
後山埤,三民高中,40,16,14.02
後山埤,徐匯中學,35,14,13.12
後山埤,三和國中,35,14,12.29
後山埤,三重國小,35,14,11.06
後山埤,迴龍,50,20,20.55
後山埤,丹鳳,45,18,19.14
後山埤,十四張,40,16,15.03
後山埤,秀朗橋,40,16,14.47
後山埤,景平,35,14,13.57
後山埤,中和,40,16,14.01
後山埤,橋和,40,16,14.64
後山埤,中原,40,16,15.38
後山埤,板新,40,16,15.56
後山埤,新埔民生,35,14,13.39
後山埤,幸福,40,16,16.17
後山埤,新北產業園區,45,18,17.42
後山埤,廣慈/奉天宮,25,10,9.01
昆陽,松山機場,30,12,9.08
昆陽,中山國中,25,10,7.6
昆陽,科技大樓,25,10,7.04
昆陽,六張犁,30,12,8.17
昆陽,麟光,30,12,8.99
昆陽,辛亥,30,12,10.59
昆陽,萬芳醫院,35,14,11.35
昆陽,萬芳社區,35,14,12.49
昆陽,木柵,35,14,13.01
昆陽,動物園,35,14,13.69
昆陽,大安,25,10,6.29
昆陽,大安,25,10,6.29
昆陽,忠孝復興,25,10,5.4
昆陽,忠孝復興,25,10,5.4
昆陽,南京復興,25,10,6.67
昆陽,南京復興,25,10,6.67
昆陽,大直,35,14,11.66
昆陽,劍南路,35,14,11.8
昆陽,西湖,30,12,10.51
昆陽,港墘,30,12,9.69
昆陽,文德,30,12,8.67
昆陽,內湖,25,10,7.55
昆陽,大湖公園,25,10,6.68
昆陽,葫洲,25,10,5.05
昆陽,東湖,20,8,4.2
昆陽,南港軟體園區,20,8,3.16
昆陽,南港展覽館,20,8,2.51
昆陽,南港展覽館,20,8,2.51
昆陽,台大醫院,30,12,8.77
昆陽,台北車站,25,10,8.14
昆陽,台北車站,25,10,8.14
昆陽,中山,30,12,8.8
昆陽,中山,30,12,8.8
昆陽,民權西路,30,12,9.88
昆陽,民權西路,30,12,9.88
昆陽,小碧潭,45,18,17.64
昆陽,新店,45,18,17.71
昆陽,七張,40,16,15.7
昆陽,大坪林,40,16,14.85
昆陽,大坪林,40,16,14.85
昆陽,景美,35,14,13.7
昆陽,萬隆,35,14,12.64
昆陽,公館,35,14,11.08
昆陽,台電大樓,30,12,10.18
昆陽,古亭,30,12,9.3
昆陽,中正紀念堂,30,12,9.28
昆陽,頂溪,35,14,11.44
昆陽,永安市場,35,14,12.77
昆陽,景安,35,14,13.85
昆陽,景安,35,14,13.85
昆陽,南勢角,40,16,14.66
昆陽,雙連,30,12,9.35
昆陽,圓山,30,12,10.91
昆陽,劍潭,35,14,12.43
昆陽,士林,35,14,13.52
昆陽,芝山,40,16,14.62
昆陽,明德,40,16,15.5
昆陽,石牌,40,16,16.1
昆陽,唭哩岸,45,18,17.36
昆陽,奇岩,45,18,18.19
昆陽,北投,45,18,18.95
昆陽,新北投,45,18,19.98
昆陽,復興崗,50,20,20.56
昆陽,忠義,50,20,22.01
昆陽,關渡,50,20,22.88
昆陽,竹圍,55,22,25.02
昆陽,紅樹林,55,22,26.93
昆陽,淡水,60,24,29.02
昆陽,西門,30,12,9.49
昆陽,象山,30,12,9.01
昆陽,台北101/世貿,30,12,8.28
昆陽,信義安和,25,10,7.28
昆陽,大安森林公園,25,10,7.08
昆陽,北門,30,12,10.06
昆陽,東門,25,10,7.72
昆陽,新店區公所,40,16,16.6
昆陽,小南門,30,12,10.04
昆陽,松江南京,25,10,7.66
昆陽,松江南京,25,10,7.66
昆陽,忠孝新生,25,10,6.52
昆陽,忠孝新生,25,10,6.52
昆陽,頂埔,55,22,24.13
昆陽,永寧,50,20,22.18
昆陽,土城,50,20,21.07
昆陽,海山,45,18,19.6
昆陽,亞東醫院,45,18,17.96
昆陽,府中,40,16,16.68
昆陽,板橋,40,16,16.03
昆陽,板橋,40,16,16.03
昆陽,新埔,40,16,14.75
昆陽,江子翠,35,14,13.88
昆陽,龍山寺,30,12,10.8
昆陽,善導寺,25,10,7.46
昆陽,忠孝敦化,20,8,4.73
昆陽,國父紀念館,20,8,4.01
昆陽,市政府,20,8,3.16
昆陽,永春,20,8,2.18
昆陽,後山埤,20,8,1.36
昆陽,昆陽,20,8,0
昆陽,南港,20,8,1.42
昆陽,台北小巨蛋,25,10,7.61
昆陽,南京三民,30,12,8.8
昆陽,松山,30,12,10.16
昆陽,輔大,45,18,19.14
昆陽,新莊,45,18,17.4
昆陽,頭前庄,40,16,16.38
昆陽,頭前庄,40,16,16.38
昆陽,先嗇宮,40,16,15.45
昆陽,三重,35,14,13.73
昆陽,菜寮,35,14,12.86
昆陽,台北橋,35,14,11.87
昆陽,大橋頭,30,12,10.54
昆陽,中山國小,30,12,9.41
昆陽,行天宮,30,12,8.46
昆陽,蘆洲,40,16,16.55
昆陽,三民高中,40,16,15.39
昆陽,徐匯中學,40,16,14.48
昆陽,三和國中,35,14,13.65
昆陽,三重國小,35,14,12.42
昆陽,迴龍,50,20,21.91
昆陽,丹鳳,50,20,20.51
昆陽,十四張,40,16,16.4
昆陽,秀朗橋,40,16,15.83
昆陽,景平,40,16,14.93
昆陽,中和,40,16,15.37
昆陽,橋和,40,16,16
昆陽,中原,40,16,16.74
昆陽,板新,40,16,16.92
昆陽,新埔民生,40,16,14.75
昆陽,幸福,45,18,17.54
昆陽,新北產業園區,45,18,18.78
昆陽,廣慈/奉天宮,30,12,10.37
南港,松山機場,30,12,10.5
南港,中山國中,30,12,9.02
南港,科技大樓,30,12,8.46
南港,六張犁,30,12,9.6
南港,麟光,30,12,10.42
南港,辛亥,35,14,12.01
南港,萬芳醫院,35,14,12.78
南港,萬芳社區,35,14,13.92
南港,木柵,40,16,14.43
南港,動物園,40,16,15.11
南港,大安,25,10,7.72
南港,大安,25,10,7.72
南港,忠孝復興,25,10,6.82
南港,忠孝復興,25,10,6.82
南港,南京復興,30,12,8.09
南港,南京復興,30,12,8.09
南港,大直,35,14,11.7
南港,劍南路,30,12,10.37
南港,西湖,30,12,9.09
南港,港墘,30,12,8.26
南港,文德,25,10,7.25
南港,內湖,25,10,6.12
南港,大湖公園,25,10,5.25
南港,葫洲,20,8,3.63
南港,東湖,20,8,2.77
南港,南港軟體園區,20,8,1.74
南港,南港展覽館,20,8,1.09
南港,南港展覽館,20,8,1.09
南港,台大醫院,30,12,10.19
南港,台北車站,30,12,9.56
南港,台北車站,30,12,9.56
南港,中山,30,12,10.22
南港,中山,30,12,10.22
南港,民權西路,35,14,11.3
南港,民權西路,35,14,11.3
南港,小碧潭,45,18,19.06
南港,新店,45,18,19.13
南港,七張,45,18,17.12
南港,大坪林,40,16,16.27
南港,大坪林,40,16,16.27
南港,景美,40,16,15.12
南港,萬隆,40,16,14.06
南港,公館,35,14,12.5
南港,台電大樓,35,14,11.6
南港,古亭,30,12,10.72
南港,中正紀念堂,30,12,10.7
南港,頂溪,35,14,12.86
南港,永安市場,40,16,14.19
南港,景安,40,16,15.27
南港,景安,40,16,15.27
南港,南勢角,40,16,16.08
南港,雙連,30,12,10.77
南港,圓山,35,14,12.33
南港,劍潭,35,14,13.85
南港,士林,40,16,14.94
南港,芝山,40,16,16.04
南港,明德,40,16,16.92
南港,石牌,45,18,17.52
南港,唭哩岸,45,18,18.78
南港,奇岩,45,18,19.61
南港,北投,50,20,20.37
南港,新北投,50,20,21.4
南港,復興崗,50,20,21.98
南港,忠義,55,22,23.43
南港,關渡,55,22,24.3
南港,竹圍,55,22,26.44
南港,紅樹林,60,24,28.35
南港,淡水,60,24,30.44
南港,西門,30,12,10.91
南港,象山,30,12,10.43
南港,台北101/世貿,30,12,9.7
南港,信義安和,30,12,8.71
南港,大安森林公園,30,12,8.51
南港,北門,35,14,11.49
南港,東門,30,12,9.14
南港,新店區公所,45,18,18.02
南港,小南門,35,14,11.47
南港,松江南京,30,12,9.08
南港,松江南京,30,12,9.08
南港,忠孝新生,25,10,7.94
南港,忠孝新生,25,10,7.94
南港,頂埔,55,22,25.55
南港,永寧,55,22,23.6
南港,土城,50,20,22.49
南港,海山,50,20,21.03
南港,亞東醫院,45,18,19.38
南港,府中,45,18,18.1
南港,板橋,45,18,17.45
南港,板橋,45,18,17.45
南港,新埔,40,16,16.17
南港,江子翠,40,16,15.31
南港,龍山寺,35,14,12.23
南港,善導寺,30,12,8.88
南港,忠孝敦化,25,10,6.16
南港,國父紀念館,25,10,5.43
南港,市政府,20,8,4.59
南港,永春,20,8,3.6
南港,後山埤,20,8,2.79
南港,昆陽,20,8,1.42
南港,南港,20,8,0
南港,台北小巨蛋,30,12,9.03
南港,南京三民,30,12,10.23
南港,松山,35,14,11.58
南港,輔大,50,20,20.56
南港,新莊,45,18,18.82
南港,頭前庄,45,18,17.81
南港,頭前庄,45,18,17.81
南港,先嗇宮,40,16,16.88
南港,三重,40,16,15.15
南港,菜寮,40,16,14.29
南港,台北橋,35,14,13.3
南港,大橋頭,35,14,11.97
南港,中山國小,30,12,10.83
南港,行天宮,30,12,9.88
南港,蘆洲,45,18,17.98
南港,三民高中,40,16,16.81
南港,徐匯中學,40,16,15.91
南港,三和國中,40,16,15.08
南港,三重國小,35,14,13.84
南港,迴龍,55,22,23.33
南港,丹鳳,50,20,21.93
南港,十四張,45,18,17.82
南港,秀朗橋,45,18,17.26
南港,景平,40,16,16.35
南港,中和,40,16,16.8
南港,橋和,45,18,17.43
南港,中原,45,18,18.16
南港,板新,45,18,18.34
南港,新埔民生,40,16,16.17
南港,幸福,45,18,18.96
南港,新北產業園區,50,20,20.2
南港,廣慈/奉天宮,30,12,11.8
台北小巨蛋,松山機場,20,8,3.35
台北小巨蛋,中山國中,20,8,1.87
台北小巨蛋,科技大樓,20,8,3.85
台北小巨蛋,六張犁,20,8,4.98
台北小巨蛋,麟光,25,10,5.8
台北小巨蛋,辛亥,25,10,7.4
台北小巨蛋,萬芳醫院,30,12,8.16
台北小巨蛋,萬芳社區,30,12,9.3
台北小巨蛋,木柵,30,12,9.82
台北小巨蛋,動物園,30,12,10.5
台北小巨蛋,大安,20,8,3.1
台北小巨蛋,大安,20,8,3.1
台北小巨蛋,忠孝復興,20,8,2.21
台北小巨蛋,忠孝復興,20,8,2.21
台北小巨蛋,南京復興,20,8,0.94
台北小巨蛋,南京復興,20,8,0.94
台北小巨蛋,大直,25,10,5.93
台北小巨蛋,劍南路,25,10,7.26
台北小巨蛋,西湖,30,12,8.55
台北小巨蛋,港墘,30,12,9.37
台北小巨蛋,文德,30,12,10.39
台北小巨蛋,內湖,35,14,11.51
台北小巨蛋,大湖公園,35,14,12.38
台北小巨蛋,葫洲,35,14,12.66
台北小巨蛋,東湖,35,14,11.81
台北小巨蛋,南港軟體園區,30,12,10.77
台北小巨蛋,南港展覽館,30,12,10.12
台北小巨蛋,南港展覽館,30,12,10.12
台北小巨蛋,台大醫院,20,8,4.52
台北小巨蛋,台北車站,20,8,3.89
台北小巨蛋,台北車站,20,8,3.89
台北小巨蛋,中山,20,8,3.23
台北小巨蛋,中山,20,8,3.23
台北小巨蛋,民權西路,20,8,4.31
台北小巨蛋,民權西路,20,8,4.31
台北小巨蛋,小碧潭,40,16,14.2
台北小巨蛋,新店,40,16,14.26
台北小巨蛋,七張,35,14,12.25
台北小巨蛋,大坪林,35,14,11.4
台北小巨蛋,大坪林,35,14,11.4
台北小巨蛋,景美,30,12,10.25
台北小巨蛋,萬隆,30,12,9.19
台北小巨蛋,公館,25,10,7.63
台北小巨蛋,台電大樓,25,10,6.73
台北小巨蛋,古亭,25,10,5.85
台北小巨蛋,中正紀念堂,25,10,5.51
台北小巨蛋,頂溪,25,10,7.99
台北小巨蛋,永安市場,30,12,9.32
台北小巨蛋,景安,30,12,10.4
台北小巨蛋,景安,30,12,10.4
台北小巨蛋,南勢角,35,14,11.21
台北小巨蛋,雙連,20,8,3.78
台北小巨蛋,圓山,25,10,5.34
台北小巨蛋,劍潭,25,10,6.86
台北小巨蛋,士林,25,10,7.95
台北小巨蛋,芝山,30,12,9.05
台北小巨蛋,明德,30,12,9.93
台北小巨蛋,石牌,30,12,10.53
台北小巨蛋,唭哩岸,35,14,11.79
台北小巨蛋,奇岩,35,14,12.62
台北小巨蛋,北投,35,14,13.38
台北小巨蛋,新北投,40,16,14.41
台北小巨蛋,復興崗,40,16,14.99
台北小巨蛋,忠義,40,16,16.44
台北小巨蛋,關渡,45,18,17.31
台北小巨蛋,竹圍,45,18,19.45
台北小巨蛋,紅樹林,50,20,21.36
台北小巨蛋,淡水,55,22,23.45
台北小巨蛋,西門,25,10,5.24
台北小巨蛋,象山,25,10,5.82
台北小巨蛋,台北101/世貿,25,10,5.08
台北小巨蛋,信義安和,20,8,4.09
台北小巨蛋,大安森林公園,20,8,3.89
台北小巨蛋,北門,20,8,4.49
台北小巨蛋,東門,20,8,4.28
台北小巨蛋,新店區公所,35,14,13.15
台北小巨蛋,小南門,25,10,6.06
台北小巨蛋,松江南京,20,8,1.93
台北小巨蛋,松江南京,20,8,1.93
台北小巨蛋,忠孝新生,20,8,3.08
台北小巨蛋,忠孝新生,20,8,3.08
台北小巨蛋,頂埔,45,18,19.87
台北小巨蛋,永寧,45,18,17.93
台北小巨蛋,土城,40,16,16.82
台北小巨蛋,海山,40,16,15.35
台北小巨蛋,亞東醫院,35,14,13.71
台北小巨蛋,府中,35,14,12.42
台北小巨蛋,板橋,35,14,11.77
台北小巨蛋,板橋,35,14,11.77
台北小巨蛋,新埔,30,12,10.49
台北小巨蛋,江子翠,30,12,9.63
台北小巨蛋,龍山寺,25,10,6.55
台北小巨蛋,善導寺,20,8,4.01
台北小巨蛋,忠孝敦化,20,8,2.87
台北小巨蛋,國父紀念館,20,8,3.6
台北小巨蛋,市政府,20,8,4.44
台北小巨蛋,永春,25,10,5.43
台北小巨蛋,後山埤,25,10,6.25
台北小巨蛋,昆陽,25,10,7.61
台北小巨蛋,南港,30,12,9.03
台北小巨蛋,台北小巨蛋,20,8,0
台北小巨蛋,南京三民,20,8,1.2
台北小巨蛋,松山,20,8,2.55
台北小巨蛋,輔大,35,14,13.91
台北小巨蛋,新莊,35,14,12.17
台北小巨蛋,頭前庄,35,14,11.15
台北小巨蛋,頭前庄,35,14,11.15
台北小巨蛋,先嗇宮,30,12,9.88
台北小巨蛋,三重,30,12,8.16
台北小巨蛋,菜寮,25,10,7.29
台北小巨蛋,台北橋,25,10,6.3
台北小巨蛋,大橋頭,20,8,4.97
台北小巨蛋,中山國小,20,8,3.68
台北小巨蛋,行天宮,20,8,2.73
台北小巨蛋,蘆洲,30,12,10.98
台北小巨蛋,三民高中,30,12,9.81
台北小巨蛋,徐匯中學,30,12,8.91
台北小巨蛋,三和國中,30,12,8.08
台北小巨蛋,三重國小,25,10,6.85
台北小巨蛋,迴龍,40,16,16.68
台北小巨蛋,丹鳳,40,16,15.28
台北小巨蛋,十四張,35,14,12.95
台北小巨蛋,秀朗橋,35,14,12.39
台北小巨蛋,景平,35,14,11.49
台北小巨蛋,中和,35,14,11.93
台北小巨蛋,橋和,35,14,12.56
台北小巨蛋,中原,35,14,13.3
台北小巨蛋,板新,35,14,12.67
台北小巨蛋,新埔民生,30,12,10.49
台北小巨蛋,幸福,35,14,12.31
台北小巨蛋,新北產業園區,35,14,13.55
台北小巨蛋,廣慈/奉天宮,25,10,7.18
南京三民,松山機場,20,8,4.55
南京三民,中山國中,20,8,3.07
南京三民,科技大樓,25,10,5.04
南京三民,六張犁,25,10,6.18
南京三民,麟光,25,10,7
南京三民,辛亥,30,12,8.59
南京三民,萬芳醫院,30,12,9.36
南京三民,萬芳社區,30,12,10.5
南京三民,木柵,35,14,11.01
南京三民,動物園,35,14,11.69
南京三民,大安,20,8,4.3
南京三民,大安,20,8,4.3
南京三民,忠孝復興,20,8,3.4
南京三民,忠孝復興,20,8,3.4
南京三民,南京復興,20,8,2.14
南京三民,南京復興,20,8,2.14
南京三民,大直,25,10,7.13
南京三民,劍南路,30,12,8.46
南京三民,西湖,30,12,9.74
南京三民,港墘,30,12,10.57
南京三民,文德,35,14,11.58
南京三民,內湖,35,14,12.71
南京三民,大湖公園,35,14,13.58
南京三民,葫洲,35,14,13.86
南京三民,東湖,35,14,13
南京三民,南港軟體園區,35,14,11.96
南京三民,南港展覽館,35,14,11.32
南京三民,南港展覽館,35,14,11.32
南京三民,台大醫院,25,10,5.71
南京三民,台北車站,25,10,5.08
南京三民,台北車站,25,10,5.08
南京三民,中山,20,8,4.42
南京三民,中山,20,8,4.42
南京三民,民權西路,25,10,5.5
南京三民,民權西路,25,10,5.5
南京三民,小碧潭,40,16,15.39
南京三民,新店,40,16,15.46
南京三民,七張,35,14,13.45
南京三民,大坪林,35,14,12.6
南京三民,大坪林,35,14,12.6
南京三民,景美,35,14,11.45
南京三民,萬隆,30,12,10.39
南京三民,公館,30,12,8.83
南京三民,台電大樓,25,10,7.93
南京三民,古亭,25,10,7.05
南京三民,中正紀念堂,25,10,6.7
南京三民,頂溪,30,12,9.19
南京三民,永安市場,30,12,10.52
南京三民,景安,35,14,11.6
南京三民,景安,35,14,11.6
南京三民,南勢角,35,14,12.41
南京三民,雙連,20,8,4.97
南京三民,圓山,25,10,6.53
南京三民,劍潭,30,12,8.05
南京三民,士林,30,12,9.14
南京三民,芝山,30,12,10.24
南京三民,明德,35,14,11.12
南京三民,石牌,35,14,11.72
南京三民,唭哩岸,35,14,12.98
南京三民,奇岩,35,14,13.81
南京三民,北投,40,16,14.57
南京三民,新北投,40,16,15.6
南京三民,復興崗,40,16,16.18
南京三民,忠義,45,18,17.63
南京三民,關渡,45,18,18.5
南京三民,竹圍,50,20,20.64
南京三民,紅樹林,50,20,22.55
南京三民,淡水,55,22,24.64
南京三民,西門,25,10,6.43
南京三民,象山,25,10,7.01
南京三民,台北101/世貿,25,10,6.28
南京三民,信義安和,25,10,5.29
南京三民,大安森林公園,25,10,5.09
南京三民,北門,25,10,5.69
南京三民,東門,25,10,5.47
南京三民,新店區公所,40,16,14.35
南京三民,小南門,25,10,7.25
南京三民,松江南京,20,8,3.13
南京三民,松江南京,20,8,3.13
南京三民,忠孝新生,20,8,4.27
南京三民,忠孝新生,20,8,4.27
南京三民,頂埔,50,20,21.07
南京三民,永寧,45,18,19.12
南京三民,土城,45,18,18.01
南京三民,海山,40,16,16.55
南京三民,亞東醫院,40,16,14.9
南京三民,府中,35,14,13.62
南京三民,板橋,35,14,12.97
南京三民,板橋,35,14,12.97
南京三民,新埔,35,14,11.69
南京三民,江子翠,30,12,10.83
南京三民,龍山寺,25,10,7.75
南京三民,善導寺,25,10,5.21
南京三民,忠孝敦化,20,8,4.07
南京三民,國父紀念館,20,8,4.8
南京三民,市政府,25,10,5.64
南京三民,永春,25,10,6.63
南京三民,後山埤,25,10,7.44
南京三民,昆陽,30,12,8.8
南京三民,南港,30,12,10.23
南京三民,台北小巨蛋,20,8,1.2
南京三民,南京三民,20,8,0
南京三民,松山,20,8,1.35
南京三民,輔大,40,16,15.11
南京三民,新莊,35,14,13.37
南京三民,頭前庄,35,14,12.35
南京三民,頭前庄,35,14,12.35
南京三民,先嗇宮,35,14,11.08
南京三民,三重,30,12,9.35
南京三民,菜寮,30,12,8.49
南京三民,台北橋,25,10,7.5
南京三民,大橋頭,25,10,6.17
南京三民,中山國小,20,8,4.87
南京三民,行天宮,20,8,3.93
南京三民,蘆洲,35,14,12.18
南京三民,三民高中,35,14,11.01
南京三民,徐匯中學,30,12,10.11
南京三民,三和國中,30,12,9.28
南京三民,三重國小,30,12,8.04
南京三民,迴龍,45,18,17.88
南京三民,丹鳳,40,16,16.48
南京三民,十四張,40,16,14.15
南京三民,秀朗橋,35,14,13.59
南京三民,景平,35,14,12.68
南京三民,中和,35,14,13.13
南京三民,橋和,35,14,13.76
南京三民,中原,40,16,14.49
南京三民,板新,35,14,13.86
南京三民,新埔民生,35,14,11.69
南京三民,幸福,35,14,13.51
南京三民,新北產業園區,40,16,14.75
南京三民,廣慈/奉天宮,25,10,8.38
松山,松山機場,25,10,5.9
松山,中山國中,20,8,4.42
松山,科技大樓,25,10,6.4
松山,六張犁,25,10,7.53
松山,麟光,30,12,8.35
松山,辛亥,30,12,9.95
松山,萬芳醫院,30,12,10.71
松山,萬芳社區,35,14,11.85
松山,木柵,35,14,12.37
松山,動物園,35,14,13.05
松山,大安,25,10,5.65
松山,大安,25,10,5.65
松山,忠孝復興,20,8,4.76
松山,忠孝復興,20,8,4.76
松山,南京復興,20,8,3.49
松山,南京復興,20,8,3.49
松山,大直,30,12,8.48
松山,劍南路,30,12,9.81
松山,西湖,35,14,11.1
松山,港墘,35,14,11.92
松山,文德,35,14,12.94
松山,內湖,40,16,14.06
松山,大湖公園,40,16,14.93
松山,葫洲,40,16,15.21
松山,東湖,40,16,14.36
松山,南港軟體園區,35,14,13.32
松山,南港展覽館,35,14,12.67
松山,南港展覽館,35,14,12.67
松山,台大醫院,25,10,7.07
松山,台北車站,25,10,6.44
松山,台北車站,25,10,6.44
松山,中山,25,10,5.78
松山,中山,25,10,5.78
松山,民權西路,25,10,6.86
松山,民權西路,25,10,6.86
松山,小碧潭,40,16,16.75
松山,新店,40,16,16.81
松山,七張,40,16,14.8
松山,大坪林,35,14,13.95
松山,大坪林,35,14,13.95
松山,景美,35,14,12.8
松山,萬隆,35,14,11.74
松山,公館,30,12,10.18
松山,台電大樓,30,12,9.28
松山,古亭,30,12,8.4
松山,中正紀念堂,30,12,8.06
松山,頂溪,30,12,10.54
松山,永安市場,35,14,11.87
松山,景安,35,14,12.95
松山,景安,35,14,12.95
松山,南勢角,35,14,13.76
松山,雙連,25,10,6.33
松山,圓山,25,10,7.89
松山,劍潭,30,12,9.41
松山,士林,30,12,10.5
松山,芝山,35,14,11.6
松山,明德,35,14,12.48
松山,石牌,35,14,13.08
松山,唭哩岸,40,16,14.34
松山,奇岩,40,16,15.17
松山,北投,40,16,15.93
松山,新北投,40,16,16.96
松山,復興崗,45,18,17.54
松山,忠義,45,18,18.99
松山,關渡,45,18,19.86
松山,竹圍,50,20,22
松山,紅樹林,55,22,23.91
松山,淡水,55,22,26
松山,西門,25,10,7.79
松山,象山,30,12,8.37
松山,台北101/世貿,25,10,7.63
松山,信義安和,25,10,6.64
松山,大安森林公園,25,10,6.44
松山,北門,25,10,7.04
松山,東門,25,10,6.83
松山,新店區公所,40,16,15.7
松山,小南門,30,12,8.61
松山,松江南京,20,8,4.48
松山,松江南京,20,8,4.48
松山,忠孝新生,25,10,5.63
松山,忠孝新生,25,10,5.63
松山,頂埔,50,20,22.42
松山,永寧,50,20,20.48
松山,土城,45,18,19.37
松山,海山,45,18,17.9
松山,亞東醫院,40,16,16.26
松山,府中,40,16,14.97
松山,板橋,40,16,14.32
松山,板橋,40,16,14.32
松山,新埔,35,14,13.04
松山,江子翠,35,14,12.18
松山,龍山寺,30,12,9.1
松山,善導寺,25,10,6.56
松山,忠孝敦化,25,10,5.42
松山,國父紀念館,25,10,6.15
松山,市政府,25,10,6.99
松山,永春,25,10,7.98
松山,後山埤,30,12,8.8
松山,昆陽,30,12,10.16
松山,南港,35,14,11.58
松山,台北小巨蛋,20,8,2.55
松山,南京三民,20,8,1.35
松山,松山,20,8,0
松山,輔大,40,16,16.46
松山,新莊,40,16,14.72
松山,頭前庄,35,14,13.7
松山,頭前庄,35,14,13.7
松山,先嗇宮,35,14,12.43
松山,三重,30,12,10.71
松山,菜寮,30,12,9.84
松山,台北橋,30,12,8.85
松山,大橋頭,25,10,7.52
松山,中山國小,25,10,6.23
松山,行天宮,25,10,5.28
松山,蘆洲,35,14,13.53
松山,三民高中,35,14,12.36
松山,徐匯中學,35,14,11.46
松山,三和國中,30,12,10.63
松山,三重國小,30,12,9.4
松山,迴龍,45,18,19.23
松山,丹鳳,45,18,17.83
松山,十四張,40,16,15.5
松山,秀朗橋,40,16,14.94
松山,景平,40,16,14.04
松山,中和,40,16,14.48
松山,橋和,40,16,15.11
松山,中原,40,16,15.85
松山,板新,40,16,15.22
松山,新埔民生,35,14,13.04
松山,幸福,40,16,14.86
松山,新北產業園區,40,16,16.1
松山,廣慈/奉天宮,30,12,9.73
輔大,松山機場,40,16,15.38
輔大,中山國中,35,14,13.9
輔大,科技大樓,40,16,14.99
輔大,六張犁,40,16,16.13
輔大,麟光,40,16,16.95
輔大,辛亥,45,18,18.54
輔大,萬芳醫院,45,18,19.31
輔大,萬芳社區,50,20,20.45
輔大,木柵,50,20,20.96
輔大,動物園,50,20,21.64
輔大,大安,40,16,14.25
輔大,大安,40,16,14.25
輔大,忠孝復興,35,14,13.74
輔大,忠孝復興,35,14,13.74
輔大,南京復興,35,14,12.97
輔大,南京復興,35,14,12.97
輔大,大直,45,18,17.97
輔大,劍南路,45,18,19.29
輔大,西湖,50,20,20.58
輔大,港墘,50,20,21.41
輔大,文德,50,20,22.42
輔大,內湖,55,22,23.55
輔大,大湖公園,55,22,24.41
輔大,葫洲,55,22,24.19
輔大,東湖,55,22,23.34
輔大,南港軟體園區,50,20,22.3
輔大,南港展覽館,50,20,21.65
輔大,南港展覽館,50,20,21.65
輔大,台大醫院,35,14,11.63
輔大,台北車站,30,12,11
輔大,台北車站,30,12,11
輔大,中山,30,12,10.68
輔大,中山,30,12,10.68
輔大,民權西路,30,12,9.6
輔大,民權西路,30,12,9.6
輔大,小碧潭,45,18,18.08
輔大,新店,45,18,18.15
輔大,七張,40,16,16.14
輔大,大坪林,40,16,15.29
輔大,大坪林,40,16,15.29
輔大,景美,40,16,16.44
輔大,萬隆,40,16,15.5
輔大,公館,35,14,13.94
輔大,台電大樓,35,14,13.04
輔大,古亭,35,14,12.16
輔大,中正紀念堂,35,14,11.23
輔大,頂溪,35,14,13.27
輔大,永安市場,35,14,11.94
輔大,景安,30,12,10.86
輔大,景安,30,12,10.86
輔大,南勢角,35,14,11.67
輔大,雙連,30,12,10.13
輔大,圓山,30,12,10.63
輔大,劍潭,35,14,12.15
輔大,士林,35,14,13.24
輔大,芝山,40,16,14.34
輔大,明德,40,16,15.22
輔大,石牌,40,16,15.82
輔大,唭哩岸,45,18,17.08
輔大,奇岩,45,18,17.91
輔大,北投,45,18,18.67
輔大,新北投,45,18,19.7
輔大,復興崗,50,20,20.28
輔大,忠義,50,20,21.73
輔大,關渡,50,20,22.6
輔大,竹圍,55,22,24.74
輔大,紅樹林,55,22,26.65
輔大,淡水,60,24,28.74
輔大,西門,30,12,9.65
輔大,象山,40,16,16.96
輔大,台北101/世貿,40,16,16.23
輔大,信義安和,40,16,15.23
輔大,大安森林公園,35,14,13.46
輔大,北門,30,12,10.46
輔大,東門,35,14,12.79
輔大,新店區公所,45,18,17.04
輔大,小南門,30,12,10.47
輔大,松江南京,35,14,11.98
輔大,松江南京,35,14,11.98
輔大,忠孝新生,35,14,12.62
輔大,忠孝新生,35,14,12.62
輔大,頂埔,35,14,13.77
輔大,永寧,35,14,11.82
輔大,土城,30,12,10.71
輔大,海山,30,12,9.25
輔大,亞東醫院,25,10,7.6
輔大,府中,25,10,6.32
輔大,板橋,25,10,5.67
輔大,板橋,25,10,5.67
輔大,新埔,20,8,4.39
輔大,江子翠,25,10,5.26
輔大,龍山寺,30,12,8.34
輔大,善導寺,35,14,11.68
輔大,忠孝敦化,40,16,14.41
輔大,國父紀念館,40,16,15.13
輔大,市政府,40,16,15.98
輔大,永春,40,16,16.96
輔大,後山埤,45,18,17.78
輔大,昆陽,45,18,19.14
輔大,南港,50,20,20.56
輔大,台北小巨蛋,35,14,13.91
輔大,南京三民,40,16,15.11
輔大,松山,40,16,16.46
輔大,輔大,20,8,0
輔大,新莊,20,8,1.74
輔大,頭前庄,20,8,2.76
輔大,頭前庄,20,8,2.76
輔大,先嗇宮,20,8,4.03
輔大,三重,25,10,5.75
輔大,菜寮,25,10,6.62
輔大,台北橋,25,10,7.61
輔大,大橋頭,30,12,8.94
輔大,中山國小,30,12,10.31
輔大,行天宮,35,14,11.26
輔大,蘆洲,40,16,14.95
輔大,三民高中,35,14,13.79
輔大,徐匯中學,35,14,12.89
輔大,三和國中,35,14,12.05
輔大,三重國小,30,12,10.82
輔大,迴龍,20,8,2.77
輔大,丹鳳,20,8,1.37
輔大,十四張,35,14,13.74
輔大,秀朗橋,35,14,12.85
輔大,景平,35,14,11.95
輔大,中和,30,12,9.34
輔大,橋和,30,12,8.71
輔大,中原,25,10,7.97
輔大,板新,25,10,6.56
輔大,新埔民生,20,8,4.39
輔大,幸福,20,8,3.91
輔大,新北產業園區,25,10,5.15
輔大,廣慈/奉天宮,40,16,18.33
新莊,松山機場,35,14,13.64
新莊,中山國中,35,14,12.16
新莊,科技大樓,35,14,13.25
新莊,六張犁,40,16,14.39
新莊,麟光,40,16,15.21
新莊,辛亥,40,16,16.8
新莊,萬芳醫院,45,18,17.57
新莊,萬芳社區,45,18,18.71
新莊,木柵,45,18,19.22
新莊,動物園,45,18,19.9
新莊,大安,35,14,12.51
新莊,大安,35,14,12.51
新莊,忠孝復興,35,14,12
新莊,忠孝復興,35,14,12
新莊,南京復興,35,14,11.23
新莊,南京復興,35,14,11.23
新莊,大直,40,16,16.23
新莊,劍南路,45,18,17.56
新莊,西湖,45,18,18.84
新莊,港墘,45,18,19.67
新莊,文德,50,20,20.68
新莊,內湖,50,20,21.81
新莊,大湖公園,50,20,22.67
新莊,葫洲,50,20,22.45
新莊,東湖,50,20,21.6
新莊,南港軟體園區,50,20,20.56
新莊,南港展覽館,45,18,19.91
新莊,南港展覽館,45,18,19.91
新莊,台大醫院,30,12,9.89
新莊,台北車站,30,12,9.26
新莊,台北車站,30,12,9.26
新莊,中山,30,12,8.94
新莊,中山,30,12,8.94
新莊,民權西路,25,10,7.86
新莊,民權西路,25,10,7.86
新莊,小碧潭,40,16,16.34
新莊,新店,40,16,16.41
新莊,七張,40,16,14.4
新莊,大坪林,35,14,13.55
新莊,大坪林,35,14,13.55
新莊,景美,40,16,14.7
新莊,萬隆,35,14,13.76
新莊,公館,35,14,12.2
新莊,台電大樓,35,14,11.3
新莊,古亭,30,12,10.42
新莊,中正紀念堂,30,12,9.49
新莊,頂溪,35,14,11.54
新莊,永安市場,30,12,10.21
新莊,景安,30,12,9.13
新莊,景安,30,12,9.13
新莊,南勢角,30,12,9.94
新莊,雙連,30,12,8.39
新莊,圓山,30,12,8.89
新莊,劍潭,30,12,10.41
新莊,士林,35,14,11.5
新莊,芝山,35,14,12.6
新莊,明德,35,14,13.48
新莊,石牌,40,16,14.08
新莊,唭哩岸,40,16,15.34
新莊,奇岩,40,16,16.17
新莊,北投,40,16,16.93
新莊,新北投,45,18,17.96
新莊,復興崗,45,18,18.54
新莊,忠義,45,18,19.99
新莊,關渡,50,20,20.86
新莊,竹圍,55,22,23.01
新莊,紅樹林,55,22,24.91
新莊,淡水,60,24,27.01
新莊,西門,25,10,7.91
新莊,象山,40,16,15.22
新莊,台北101/世貿,40,16,14.49
新莊,信義安和,35,14,13.5
新莊,大安森林公園,35,14,11.72
新莊,北門,30,12,8.72
新莊,東門,35,14,11.05
新莊,新店區公所,40,16,15.3
新莊,小南門,30,12,8.73
新莊,松江南京,30,12,10.24
新莊,松江南京,30,12,10.24
新莊,忠孝新生,30,12,10.88
新莊,忠孝新生,30,12,10.88
新莊,頂埔,35,14,12.03
新莊,永寧,30,12,10.08
新莊,土城,30,12,8.97
新莊,海山,25,10,7.51
新莊,亞東醫院,25,10,5.86
新莊,府中,20,8,4.58
新莊,板橋,20,8,3.93
新莊,板橋,20,8,3.93
新莊,新埔,20,8,2.65
新莊,江子翠,20,8,3.52
新莊,龍山寺,25,10,6.6
新莊,善導寺,30,12,9.94
新莊,忠孝敦化,35,14,12.67
新莊,國父紀念館,35,14,13.39
新莊,市政府,40,16,14.24
新莊,永春,40,16,15.22
新莊,後山埤,40,16,16.04
新莊,昆陽,45,18,17.4
新莊,南港,45,18,18.82
新莊,台北小巨蛋,35,14,12.17
新莊,南京三民,35,14,13.37
新莊,松山,40,16,14.72
新莊,輔大,20,8,1.74
新莊,新莊,20,8,0
新莊,頭前庄,20,8,1.02
新莊,頭前庄,20,8,1.02
新莊,先嗇宮,20,8,2.29
新莊,三重,20,8,4.01
新莊,菜寮,20,8,4.88
新莊,台北橋,25,10,5.87
新莊,大橋頭,25,10,7.2
新莊,中山國小,30,12,8.58
新莊,行天宮,30,12,9.52
新莊,蘆洲,35,14,13.21
新莊,三民高中,35,14,12.05
新莊,徐匯中學,35,14,11.15
新莊,三和國中,30,12,10.31
新莊,三重國小,30,12,9.08
新莊,迴龍,20,8,4.51
新莊,丹鳳,20,8,3.11
新莊,十四張,35,14,12
新莊,秀朗橋,35,14,11.11
新莊,景平,30,12,10.21
新莊,中和,25,10,7.6
新莊,橋和,25,10,6.97
新莊,中原,25,10,6.23
新莊,板新,20,8,4.82
新莊,新埔民生,20,8,2.65
新莊,幸福,20,8,2.17
新莊,新北產業園區,20,8,3.42
新莊,廣慈/奉天宮,40,16,16.59
頭前庄,松山機場,35,14,12.62
頭前庄,松山機場,35,14,12.62
頭前庄,中山國中,35,14,11.15
頭前庄,中山國中,35,14,11.15
頭前庄,科技大樓,35,14,12.23
頭前庄,科技大樓,35,14,12.23
頭前庄,六張犁,35,14,13.37
頭前庄,六張犁,35,14,13.37
頭前庄,麟光,40,16,14.19
頭前庄,麟光,40,16,14.19
頭前庄,辛亥,40,16,15.79
頭前庄,辛亥,40,16,15.79
頭前庄,萬芳醫院,40,16,16.55
頭前庄,萬芳醫院,40,16,16.55
頭前庄,萬芳社區,45,18,17.69
頭前庄,萬芳社區,45,18,17.69
頭前庄,木柵,45,18,18.2
頭前庄,木柵,45,18,18.2
頭前庄,動物園,45,18,18.89
頭前庄,動物園,45,18,18.89
頭前庄,大安,35,14,11.49
頭前庄,大安,35,14,11.49
頭前庄,大安,35,14,11.49
頭前庄,大安,35,14,11.49
頭前庄,忠孝復興,30,12,10.98
頭前庄,忠孝復興,30,12,10.98
頭前庄,忠孝復興,30,12,10.98
頭前庄,忠孝復興,30,12,10.98
頭前庄,南京復興,30,12,10.21
頭前庄,南京復興,30,12,10.21
頭前庄,南京復興,30,12,10.21
頭前庄,南京復興,30,12,10.21
頭前庄,大直,40,16,15.21
頭前庄,大直,40,16,15.21
頭前庄,劍南路,40,16,16.54
頭前庄,劍南路,40,16,16.54
頭前庄,西湖,45,18,17.82
頭前庄,西湖,45,18,17.82
頭前庄,港墘,45,18,18.65
頭前庄,港墘,45,18,18.65
頭前庄,文德,45,18,19.66
頭前庄,文德,45,18,19.66
頭前庄,內湖,50,20,20.79
頭前庄,內湖,50,20,20.79
頭前庄,大湖公園,50,20,21.66
頭前庄,大湖公園,50,20,21.66
頭前庄,葫洲,50,20,21.43
頭前庄,葫洲,50,20,21.43
頭前庄,東湖,50,20,20.58
頭前庄,東湖,50,20,20.58
頭前庄,南港軟體園區,45,18,19.54
頭前庄,南港軟體園區,45,18,19.54
頭前庄,南港展覽館,45,18,18.89
頭前庄,南港展覽館,45,18,18.89
頭前庄,南港展覽館,45,18,18.89
頭前庄,南港展覽館,45,18,18.89
頭前庄,台大醫院,30,12,8.87
頭前庄,台大醫院,30,12,8.87
頭前庄,台北車站,30,12,8.24
頭前庄,台北車站,30,12,8.24
頭前庄,台北車站,30,12,8.24
頭前庄,台北車站,30,12,8.24
頭前庄,中山,25,10,7.93
頭前庄,中山,25,10,7.93
頭前庄,中山,25,10,7.93
頭前庄,中山,25,10,7.93
頭前庄,民權西路,25,10,6.85
頭前庄,民權西路,25,10,6.85
頭前庄,民權西路,25,10,6.85
頭前庄,民權西路,25,10,6.85
頭前庄,小碧潭,40,16,15.33
頭前庄,小碧潭,40,16,15.33
頭前庄,新店,40,16,15.39
頭前庄,新店,40,16,15.39
頭前庄,七張,35,14,13.38
頭前庄,七張,35,14,13.38
頭前庄,大坪林,35,14,12.53
頭前庄,大坪林,35,14,12.53
頭前庄,大坪林,35,14,12.53
頭前庄,大坪林,35,14,12.53
頭前庄,景美,35,14,13.68
頭前庄,景美,35,14,13.68
頭前庄,萬隆,35,14,12.74
頭前庄,萬隆,35,14,12.74
頭前庄,公館,35,14,11.18
頭前庄,公館,35,14,11.18
頭前庄,台電大樓,30,12,10.28
頭前庄,台電大樓,30,12,10.28
頭前庄,古亭,30,12,9.4
頭前庄,古亭,30,12,9.4
頭前庄,中正紀念堂,30,12,8.47
頭前庄,中正紀念堂,30,12,8.47
頭前庄,頂溪,30,12,10.52
頭前庄,頂溪,30,12,10.52
頭前庄,永安市場,30,12,9.19
頭前庄,永安市場,30,12,9.19
頭前庄,景安,30,12,8.11
頭前庄,景安,30,12,8.11
頭前庄,景安,30,12,8.11
頭前庄,景安,30,12,8.11
頭前庄,南勢角,30,12,8.92
頭前庄,南勢角,30,12,8.92
頭前庄,雙連,25,10,7.38
頭前庄,雙連,25,10,7.38
頭前庄,圓山,25,10,7.88
頭前庄,圓山,25,10,7.88
頭前庄,劍潭,30,12,9.4
頭前庄,劍潭,30,12,9.4
頭前庄,士林,30,12,10.49
頭前庄,士林,30,12,10.49
頭前庄,芝山,35,14,11.59
頭前庄,芝山,35,14,11.59
頭前庄,明德,35,14,12.47
頭前庄,明德,35,14,12.47
頭前庄,石牌,35,14,13.07
頭前庄,石牌,35,14,13.07
頭前庄,唭哩岸,40,16,14.33
頭前庄,唭哩岸,40,16,14.33
頭前庄,奇岩,40,16,15.16
頭前庄,奇岩,40,16,15.16
頭前庄,北投,40,16,15.92
頭前庄,北投,40,16,15.92
頭前庄,新北投,40,16,16.95
頭前庄,新北投,40,16,16.95
頭前庄,復興崗,45,18,17.53
頭前庄,復興崗,45,18,17.53
頭前庄,忠義,45,18,18.98
頭前庄,忠義,45,18,18.98
頭前庄,關渡,45,18,19.85
頭前庄,關渡,45,18,19.85
頭前庄,竹圍,50,20,21.99
頭前庄,竹圍,50,20,21.99
頭前庄,紅樹林,55,22,23.9
頭前庄,紅樹林,55,22,23.9
頭前庄,淡水,55,22,25.99
頭前庄,淡水,55,22,25.99
頭前庄,西門,25,10,6.89
頭前庄,西門,25,10,6.89
頭前庄,象山,40,16,14.21
頭前庄,象山,40,16,14.21
頭前庄,台北101/世貿,35,14,13.47
頭前庄,台北101/世貿,35,14,13.47
頭前庄,信義安和,35,14,12.48
頭前庄,信義安和,35,14,12.48
頭前庄,大安森林公園,30,12,10.7
頭前庄,大安森林公園,30,12,10.7
頭前庄,北門,25,10,7.71
頭前庄,北門,25,10,7.71
頭前庄,東門,30,12,10.03
頭前庄,東門,30,12,10.03
頭前庄,新店區公所,40,16,14.28
頭前庄,新店區公所,40,16,14.28
頭前庄,小南門,25,10,7.71
頭前庄,小南門,25,10,7.71
頭前庄,松江南京,30,12,9.22
頭前庄,松江南京,30,12,9.22
頭前庄,松江南京,30,12,9.22
頭前庄,松江南京,30,12,9.22
頭前庄,忠孝新生,30,12,9.86
頭前庄,忠孝新生,30,12,9.86
頭前庄,忠孝新生,30,12,9.86
頭前庄,忠孝新生,30,12,9.86
頭前庄,頂埔,35,14,11.01
頭前庄,頂埔,35,14,11.01
頭前庄,永寧,30,12,9.07
頭前庄,永寧,30,12,9.07
頭前庄,土城,25,10,7.96
頭前庄,土城,25,10,7.96
頭前庄,海山,25,10,6.49
頭前庄,海山,25,10,6.49
頭前庄,亞東醫院,20,8,4.85
頭前庄,亞東醫院,20,8,4.85
頭前庄,府中,20,8,3.56
頭前庄,府中,20,8,3.56
頭前庄,板橋,20,8,2.91
頭前庄,板橋,20,8,2.91
頭前庄,板橋,20,8,2.91
頭前庄,板橋,20,8,2.91
頭前庄,新埔,20,8,1.63
頭前庄,新埔,20,8,1.63
頭前庄,江子翠,20,8,2.5
頭前庄,江子翠,20,8,2.5
頭前庄,龍山寺,25,10,5.58
頭前庄,龍山寺,25,10,5.58
頭前庄,善導寺,30,12,8.92
頭前庄,善導寺,30,12,8.92
頭前庄,忠孝敦化,35,14,11.65
頭前庄,忠孝敦化,35,14,11.65
頭前庄,國父紀念館,35,14,12.38
頭前庄,國父紀念館,35,14,12.38
頭前庄,市政府,35,14,13.22
頭前庄,市政府,35,14,13.22
頭前庄,永春,40,16,14.2
頭前庄,永春,40,16,14.2
頭前庄,後山埤,40,16,15.02
頭前庄,後山埤,40,16,15.02
頭前庄,昆陽,40,16,16.38
頭前庄,昆陽,40,16,16.38
頭前庄,南港,45,18,17.81
頭前庄,南港,45,18,17.81
頭前庄,台北小巨蛋,35,14,11.15
頭前庄,台北小巨蛋,35,14,11.15
頭前庄,南京三民,35,14,12.35
頭前庄,南京三民,35,14,12.35
頭前庄,松山,35,14,13.7
頭前庄,松山,35,14,13.7
頭前庄,輔大,20,8,2.76
頭前庄,輔大,20,8,2.76
頭前庄,新莊,20,8,1.02
頭前庄,新莊,20,8,1.02
頭前庄,頭前庄,20,8,0
頭前庄,頭前庄,20,8,0
頭前庄,頭前庄,20,8,0
頭前庄,頭前庄,20,8,0
頭前庄,先嗇宮,20,8,1.27
頭前庄,先嗇宮,20,8,1.27
頭前庄,三重,20,8,3
頭前庄,三重,20,8,3
頭前庄,菜寮,20,8,3.87
頭前庄,菜寮,20,8,3.87
頭前庄,台北橋,20,8,4.85
頭前庄,台北橋,20,8,4.85
頭前庄,大橋頭,25,10,6.19
頭前庄,大橋頭,25,10,6.19
頭前庄,中山國小,25,10,7.56
頭前庄,中山國小,25,10,7.56
頭前庄,行天宮,30,12,8.51
頭前庄,行天宮,30,12,8.51
頭前庄,蘆洲,35,14,12.2
頭前庄,蘆洲,35,14,12.2
頭前庄,三民高中,35,14,11.03
頭前庄,三民高中,35,14,11.03
頭前庄,徐匯中學,30,12,10.13
頭前庄,徐匯中學,30,12,10.13
頭前庄,三和國中,30,12,9.3
頭前庄,三和國中,30,12,9.3
頭前庄,三重國小,30,12,8.06
頭前庄,三重國小,30,12,8.06
頭前庄,迴龍,25,10,5.53
頭前庄,迴龍,25,10,5.53
頭前庄,丹鳳,20,8,4.13
頭前庄,丹鳳,20,8,4.13
頭前庄,十四張,30,12,10.98
頭前庄,十四張,30,12,10.98
頭前庄,秀朗橋,30,12,10.09
頭前庄,秀朗橋,30,12,10.09
頭前庄,景平,30,12,9.19
頭前庄,景平,30,12,9.19
頭前庄,中和,25,10,6.58
頭前庄,中和,25,10,6.58
頭前庄,橋和,25,10,5.95
頭前庄,橋和,25,10,5.95
頭前庄,中原,25,10,5.21
頭前庄,中原,25,10,5.21
頭前庄,板新,20,8,3.81
頭前庄,板新,20,8,3.81
頭前庄,新埔民生,20,8,1.63
頭前庄,新埔民生,20,8,1.63
頭前庄,幸福,20,8,1.16
頭前庄,幸福,20,8,1.16
頭前庄,新北產業園區,20,8,2.4
頭前庄,新北產業園區,20,8,2.4
頭前庄,廣慈/奉天宮,40,16,15.57
頭前庄,廣慈/奉天宮,40,16,15.57
先嗇宮,松山機場,35,14,11.35
先嗇宮,中山國中,30,12,9.87
先嗇宮,科技大樓,35,14,11.69
先嗇宮,六張犁,35,14,12.83
先嗇宮,麟光,35,14,13.65
先嗇宮,辛亥,40,16,15.24
先嗇宮,萬芳醫院,40,16,16.01
先嗇宮,萬芳社區,45,18,17.15
先嗇宮,木柵,45,18,17.66
先嗇宮,動物園,45,18,18.34
先嗇宮,大安,30,12,10.95
先嗇宮,大安,30,12,10.95
先嗇宮,忠孝復興,30,12,10.05
先嗇宮,忠孝復興,30,12,10.05
先嗇宮,南京復興,30,12,8.94
先嗇宮,南京復興,30,12,8.94
先嗇宮,大直,35,14,13.94
先嗇宮,劍南路,40,16,15.26
先嗇宮,西湖,40,16,16.55
先嗇宮,港墘,45,18,17.38
先嗇宮,文德,45,18,18.39
先嗇宮,內湖,45,18,19.52
先嗇宮,大湖公園,50,20,20.38
先嗇宮,葫洲,50,20,20.5
先嗇宮,東湖,45,18,19.65
先嗇宮,南港軟體園區,45,18,18.61
先嗇宮,南港展覽館,45,18,17.97
先嗇宮,南港展覽館,45,18,17.97
先嗇宮,台大醫院,25,10,7.94
先嗇宮,台北車站,25,10,7.31
先嗇宮,台北車站,25,10,7.31
先嗇宮,中山,25,10,6.65
先嗇宮,中山,25,10,6.65
先嗇宮,民權西路,25,10,5.57
先嗇宮,民權西路,25,10,5.57
先嗇宮,小碧潭,40,16,16.6
先嗇宮,新店,40,16,16.66
先嗇宮,七張,40,16,14.65
先嗇宮,大坪林,35,14,13.8
先嗇宮,大坪林,35,14,13.8
先嗇宮,景美,40,16,14.26
先嗇宮,萬隆,35,14,13.2
先嗇宮,公館,35,14,11.64
先嗇宮,台電大樓,30,12,10.74
先嗇宮,古亭,30,12,9.86
先嗇宮,中正紀念堂,30,12,8.93
先嗇宮,頂溪,35,14,11.79
先嗇宮,永安市場,30,12,10.46
先嗇宮,景安,30,12,9.38
先嗇宮,景安,30,12,9.38
先嗇宮,南勢角,30,12,10.19
先嗇宮,雙連,25,10,6.1
先嗇宮,圓山,25,10,6.6
先嗇宮,劍潭,30,12,8.12
先嗇宮,士林,30,12,9.21
先嗇宮,芝山,30,12,10.31
先嗇宮,明德,35,14,11.19
先嗇宮,石牌,35,14,11.79
先嗇宮,唭哩岸,35,14,13.05
先嗇宮,奇岩,35,14,13.88
先嗇宮,北投,40,16,14.64
先嗇宮,新北投,40,16,15.67
先嗇宮,復興崗,40,16,16.25
先嗇宮,忠義,45,18,17.7
先嗇宮,關渡,45,18,18.57
先嗇宮,竹圍,50,20,20.71
先嗇宮,紅樹林,50,20,22.62
先嗇宮,淡水,55,22,24.71
先嗇宮,西門,30,12,8.17
先嗇宮,象山,35,14,13.66
先嗇宮,台北101/世貿,35,14,12.93
先嗇宮,信義安和,35,14,11.93
先嗇宮,大安森林公園,30,12,10.8
先嗇宮,北門,25,10,7.92
先嗇宮,東門,30,12,10.14
先嗇宮,新店區公所,40,16,15.55
先嗇宮,小南門,30,12,8.98
先嗇宮,松江南京,25,10,7.95
先嗇宮,松江南京,25,10,7.95
先嗇宮,忠孝新生,30,12,8.93
先嗇宮,忠孝新生,30,12,8.93
先嗇宮,頂埔,35,14,12.29
先嗇宮,永寧,30,12,10.34
先嗇宮,土城,30,12,9.23
先嗇宮,海山,25,10,7.76
先嗇宮,亞東醫院,25,10,6.12
先嗇宮,府中,20,8,4.84
先嗇宮,板橋,20,8,4.19
先嗇宮,板橋,20,8,4.19
先嗇宮,新埔,20,8,2.91
先嗇宮,江子翠,20,8,3.77
先嗇宮,龍山寺,25,10,6.85
先嗇宮,善導寺,25,10,8
先嗇宮,忠孝敦化,30,12,10.72
先嗇宮,國父紀念館,35,14,11.45
先嗇宮,市政府,35,14,12.29
先嗇宮,永春,35,14,13.28
先嗇宮,後山埤,40,16,14.09
先嗇宮,昆陽,40,16,15.45
先嗇宮,南港,40,16,16.88
先嗇宮,台北小巨蛋,30,12,9.88
先嗇宮,南京三民,35,14,11.08
先嗇宮,松山,35,14,12.43
先嗇宮,輔大,20,8,4.03
先嗇宮,新莊,20,8,2.29
先嗇宮,頭前庄,20,8,1.27
先嗇宮,頭前庄,20,8,1.27
先嗇宮,先嗇宮,20,8,0
先嗇宮,三重,20,8,1.72
先嗇宮,菜寮,20,8,2.59
先嗇宮,台北橋,20,8,3.58
先嗇宮,大橋頭,20,8,4.91
先嗇宮,中山國小,25,10,6.28
先嗇宮,行天宮,25,10,7.23
先嗇宮,蘆洲,30,12,10.92
先嗇宮,三民高中,30,12,9.76
先嗇宮,徐匯中學,30,12,8.86
先嗇宮,三和國中,30,12,8.02
先嗇宮,三重國小,25,10,6.79
先嗇宮,迴龍,25,10,6.8
先嗇宮,丹鳳,25,10,5.4
先嗇宮,十四張,35,14,12.25
先嗇宮,秀朗橋,35,14,11.37
先嗇宮,景平,30,12,10.47
先嗇宮,中和,25,10,7.85
先嗇宮,橋和,25,10,7.22
先嗇宮,中原,25,10,6.49
先嗇宮,板新,25,10,5.08
先嗇宮,新埔民生,20,8,2.91
先嗇宮,幸福,20,8,2.43
先嗇宮,新北產業園區,20,8,3.67
先嗇宮,廣慈/奉天宮,35,14,15.03
三重,松山機場,30,12,9.63
三重,中山國中,30,12,8.15
三重,科技大樓,30,12,9.97
三重,六張犁,35,14,11.1
三重,麟光,35,14,11.92
三重,辛亥,35,14,13.52
三重,萬芳醫院,40,16,14.28
三重,萬芳社區,40,16,15.42
三重,木柵,40,16,15.94
三重,動物園,40,16,16.62
三重,大安,30,12,9.22
三重,大安,30,12,9.22
三重,忠孝復興,30,12,8.33
三重,忠孝復興,30,12,8.33
三重,南京復興,25,10,7.22
三重,南京復興,25,10,7.22
三重,大直,35,14,12.21
三重,劍南路,35,14,13.54
三重,西湖,40,16,14.83
三重,港墘,40,16,15.65
三重,文德,40,16,16.66
三重,內湖,45,18,17.79
三重,大湖公園,45,18,18.66
三重,葫洲,45,18,18.78
三重,東湖,45,18,17.93
三重,南港軟體園區,40,16,16.89
三重,南港展覽館,40,16,16.24
三重,南港展覽館,40,16,16.24
三重,台大醫院,25,10,6.22
三重,台北車站,25,10,5.59
三重,台北車站,25,10,5.59
三重,中山,20,8,4.93
三重,中山,20,8,4.93
三重,民權西路,20,8,3.85
三重,民權西路,20,8,3.85
三重,小碧潭,40,16,16.48
三重,新店,40,16,16.55
三重,七張,40,16,14.54
三重,大坪林,35,14,13.69
三重,大坪林,35,14,13.69
三重,景美,35,14,12.54
三重,萬隆,35,14,11.48
三重,公館,30,12,9.92
三重,台電大樓,30,12,9.02
三重,古亭,30,12,8.14
三重,中正紀念堂,25,10,7.21
三重,頂溪,30,12,10.28
三重,永安市場,35,14,11.61
三重,景安,35,14,11.1
三重,景安,35,14,11.1
三重,南勢角,35,14,11.91
三重,雙連,20,8,4.38
三重,圓山,20,8,4.88
三重,劍潭,25,10,6.4
三重,士林,25,10,7.49
三重,芝山,30,12,8.59
三重,明德,30,12,9.47
三重,石牌,30,12,10.07
三重,唭哩岸,35,14,11.33
三重,奇岩,35,14,12.16
三重,北投,35,14,12.92
三重,新北投,35,14,13.95
三重,復興崗,40,16,14.53
三重,忠義,40,16,15.98
三重,關渡,40,16,16.85
三重,竹圍,45,18,18.99
三重,紅樹林,50,20,20.9
三重,淡水,50,20,22.99
三重,西門,25,10,6.94
三重,象山,35,14,11.94
三重,台北101/世貿,35,14,11.21
三重,信義安和,30,12,10.21
三重,大安森林公園,30,12,9.08
三重,北門,25,10,6.19
三重,東門,30,12,8.41
三重,新店區公所,40,16,15.44
三重,小南門,25,10,7.76
三重,松江南京,25,10,6.23
三重,松江南京,25,10,6.23
三重,忠孝新生,25,10,7.21
三重,忠孝新生,25,10,7.21
三重,頂埔,40,16,14.01
三重,永寧,35,14,12.06
三重,土城,30,12,10.95
三重,海山,30,12,9.49
三重,亞東醫院,25,10,7.84
三重,府中,25,10,6.56
三重,板橋,25,10,5.91
三重,板橋,25,10,5.91
三重,新埔,20,8,4.63
三重,江子翠,25,10,5.5
三重,龍山寺,30,12,8.25
三重,善導寺,25,10,6.27
三重,忠孝敦化,30,12,9
三重,國父紀念館,30,12,9.73
三重,市政府,30,12,10.57
三重,永春,35,14,11.55
三重,後山埤,35,14,12.37
三重,昆陽,35,14,13.73
三重,南港,40,16,15.15
三重,台北小巨蛋,30,12,8.16
三重,南京三民,30,12,9.35
三重,松山,30,12,10.71
三重,輔大,25,10,5.75
三重,新莊,20,8,4.01
三重,頭前庄,20,8,3
三重,頭前庄,20,8,3
三重,先嗇宮,20,8,1.72
三重,三重,20,8,0
三重,菜寮,20,8,0.87
三重,台北橋,20,8,1.86
三重,大橋頭,20,8,3.19
三重,中山國小,20,8,4.56
三重,行天宮,25,10,5.51
三重,蘆洲,30,12,9.2
三重,三民高中,30,12,8.03
三重,徐匯中學,25,10,7.13
三重,三和國中,25,10,6.3
三重,三重國小,25,10,5.07
三重,迴龍,30,12,8.52
三重,丹鳳,25,10,7.12
三重,十四張,35,14,13.98
三重,秀朗橋,35,14,13.09
三重,景平,35,14,12.19
三重,中和,30,12,9.58
三重,橋和,30,12,8.95
三重,中原,30,12,8.21
三重,板新,25,10,6.8
三重,新埔民生,20,8,4.63
三重,幸福,20,8,4.15
三重,新北產業園區,25,10,5.39
三重,廣慈/奉天宮,35,14,13.3
菜寮,松山機場,30,12,8.76
菜寮,中山國中,25,10,7.28
菜寮,科技大樓,30,12,9.1
菜寮,六張犁,30,12,10.23
菜寮,麟光,35,14,11.06
菜寮,辛亥,35,14,12.65
菜寮,萬芳醫院,35,14,13.41
菜寮,萬芳社區,40,16,14.56
菜寮,木柵,40,16,15.07
菜寮,動物園,40,16,15.75
菜寮,大安,30,12,8.35
菜寮,大安,30,12,8.35
菜寮,忠孝復興,25,10,7.46
菜寮,忠孝復興,25,10,7.46
菜寮,南京復興,25,10,6.35
菜寮,南京復興,25,10,6.35
菜寮,大直,35,14,11.34
菜寮,劍南路,35,14,12.67
菜寮,西湖,35,14,13.96
菜寮,港墘,40,16,14.78
菜寮,文德,40,16,15.8
菜寮,內湖,40,16,16.92
菜寮,大湖公園,45,18,17.79
菜寮,葫洲,45,18,17.91
菜寮,東湖,45,18,17.06
菜寮,南港軟體園區,40,16,16.02
菜寮,南港展覽館,40,16,15.37
菜寮,南港展覽館,40,16,15.37
菜寮,台大醫院,25,10,5.35
菜寮,台北車站,20,8,4.72
菜寮,台北車站,20,8,4.72
菜寮,中山,20,8,4.06
菜寮,中山,20,8,4.06
菜寮,民權西路,20,8,2.98
菜寮,民權西路,20,8,2.98
菜寮,小碧潭,40,16,15.62
菜寮,新店,40,16,15.68
菜寮,七張,35,14,13.67
菜寮,大坪林,35,14,12.82
菜寮,大坪林,35,14,12.82
菜寮,景美,35,14,11.67
菜寮,萬隆,30,12,10.61
菜寮,公館,30,12,9.05
菜寮,台電大樓,30,12,8.15
菜寮,古亭,25,10,7.27
菜寮,中正紀念堂,25,10,6.34
菜寮,頂溪,30,12,9.41
菜寮,永安市場,30,12,10.74
菜寮,景安,35,14,11.82
菜寮,景安,35,14,11.82
菜寮,南勢角,35,14,12.63
菜寮,雙連,20,8,3.51
菜寮,圓山,20,8,4.01
菜寮,劍潭,25,10,5.53
菜寮,士林,25,10,6.62
菜寮,芝山,25,10,7.72
菜寮,明德,30,12,8.6
菜寮,石牌,30,12,9.2
菜寮,唭哩岸,30,12,10.46
菜寮,奇岩,35,14,11.29
菜寮,北投,35,14,12.05
菜寮,新北投,35,14,13.08
菜寮,復興崗,35,14,13.66
菜寮,忠義,40,16,15.11
菜寮,關渡,40,16,15.98
菜寮,竹圍,45,18,18.12
菜寮,紅樹林,50,20,20.03
菜寮,淡水,50,20,22.12
菜寮,西門,25,10,6.07
菜寮,象山,35,14,11.07
菜寮,台北101/世貿,30,12,10.34
菜寮,信義安和,30,12,9.34
菜寮,大安森林公園,30,12,8.21
菜寮,北門,25,10,5.32
菜寮,東門,25,10,7.54
菜寮,新店區公所,40,16,14.57
菜寮,小南門,25,10,6.89
菜寮,松江南京,25,10,5.36
菜寮,松江南京,25,10,5.36
菜寮,忠孝新生,25,10,6.34
菜寮,忠孝新生,25,10,6.34
菜寮,頂埔,40,16,14.88
菜寮,永寧,35,14,12.93
菜寮,土城,35,14,11.82
菜寮,海山,30,12,10.35
菜寮,亞東醫院,30,12,8.71
菜寮,府中,25,10,7.43
菜寮,板橋,25,10,6.78
菜寮,板橋,25,10,6.78
菜寮,新埔,25,10,5.5
菜寮,江子翠,25,10,6.36
菜寮,龍山寺,25,10,7.38
菜寮,善導寺,25,10,5.4
菜寮,忠孝敦化,30,12,8.13
菜寮,國父紀念館,30,12,8.86
菜寮,市政府,30,12,9.7
菜寮,永春,30,12,10.68
菜寮,後山埤,35,14,11.5
菜寮,昆陽,35,14,12.86
菜寮,南港,40,16,14.29
菜寮,台北小巨蛋,25,10,7.29
菜寮,南京三民,30,12,8.49
菜寮,松山,30,12,9.84
菜寮,輔大,25,10,6.62
菜寮,新莊,20,8,4.88
菜寮,頭前庄,20,8,3.87
菜寮,頭前庄,20,8,3.87
菜寮,先嗇宮,20,8,2.59
菜寮,三重,20,8,0.87
菜寮,菜寮,20,8,0
菜寮,台北橋,20,8,0.99
菜寮,大橋頭,20,8,2.32
菜寮,中山國小,20,8,3.69
菜寮,行天宮,20,8,4.64
菜寮,蘆洲,30,12,8.33
菜寮,三民高中,25,10,7.16
菜寮,徐匯中學,25,10,6.26
菜寮,三和國中,25,10,5.43
菜寮,三重國小,20,8,4.2
菜寮,迴龍,30,12,9.39
菜寮,丹鳳,25,10,7.99
菜寮,十四張,40,16,14.37
菜寮,秀朗橋,35,14,13.81
菜寮,景平,35,14,12.91
菜寮,中和,30,12,10.45
菜寮,橋和,30,12,9.82
菜寮,中原,30,12,9.08
菜寮,板新,25,10,7.67
菜寮,新埔民生,25,10,5.5
菜寮,幸福,25,10,5.02
菜寮,新北產業園區,25,10,6.26
菜寮,廣慈/奉天宮,35,14,12.44
台北橋,松山機場,25,10,7.77
台北橋,中山國中,25,10,6.29
台北橋,科技大樓,30,12,8.11
台北橋,六張犁,30,12,9.25
台北橋,麟光,30,12,10.07
台北橋,辛亥,35,14,11.66
台北橋,萬芳醫院,35,14,12.43
台北橋,萬芳社區,35,14,13.57
台北橋,木柵,40,16,14.08
台北橋,動物園,40,16,14.76
台北橋,大安,25,10,7.37
台北橋,大安,25,10,7.37
台北橋,忠孝復興,25,10,6.47
台北橋,忠孝復興,25,10,6.47
台北橋,南京復興,25,10,5.36
台北橋,南京復興,25,10,5.36
台北橋,大直,30,12,10.36
台北橋,劍南路,35,14,11.68
台北橋,西湖,35,14,12.97
台北橋,港墘,35,14,13.8
台北橋,文德,40,16,14.81
台北橋,內湖,40,16,15.94
台北橋,大湖公園,40,16,16.8
台北橋,葫洲,40,16,16.92
台北橋,東湖,40,16,16.07
台北橋,南港軟體園區,40,16,15.03
台北橋,南港展覽館,40,16,14.39
台北橋,南港展覽館,40,16,14.39
台北橋,台大醫院,20,8,4.36
台北橋,台北車站,20,8,3.73
台北橋,台北車站,20,8,3.73
台北橋,中山,20,8,3.07
台北橋,中山,20,8,3.07
台北橋,民權西路,20,8,1.99
台北橋,民權西路,20,8,1.99
台北橋,小碧潭,40,16,14.63
台北橋,新店,40,16,14.69
台北橋,七張,35,14,12.68
台北橋,大坪林,35,14,11.83
台北橋,大坪林,35,14,11.83
台北橋,景美,30,12,10.68
台北橋,萬隆,30,12,9.62
台北橋,公館,30,12,8.06
台北橋,台電大樓,25,10,7.16
台北橋,古亭,25,10,6.28
台北橋,中正紀念堂,25,10,5.35
台北橋,頂溪,30,12,8.42
台北橋,永安市場,30,12,9.75
台北橋,景安,30,12,10.83
台北橋,景安,30,12,10.83
台北橋,南勢角,35,14,11.64
台北橋,雙連,20,8,2.52
台北橋,圓山,20,8,3.02
台北橋,劍潭,20,8,4.54
台北橋,士林,25,10,5.63
台北橋,芝山,25,10,6.73
台北橋,明德,25,10,7.61
台北橋,石牌,30,12,8.21
台北橋,唭哩岸,30,12,9.47
台北橋,奇岩,30,12,10.3
台北橋,北投,35,14,11.06
台北橋,新北投,35,14,12.09
台北橋,復興崗,35,14,12.67
台北橋,忠義,40,16,14.12
台北橋,關渡,40,16,14.99
台北橋,竹圍,45,18,17.13
台北橋,紅樹林,45,18,19.04
台北橋,淡水,50,20,21.13
台北橋,西門,25,10,5.08
台北橋,象山,30,12,10.08
台北橋,台北101/世貿,30,12,9.35
台北橋,信義安和,30,12,8.35
台北橋,大安森林公園,25,10,7.22
台北橋,北門,20,8,4.34
台北橋,東門,25,10,6.56
台北橋,新店區公所,35,14,13.58
台北橋,小南門,25,10,5.9
台北橋,松江南京,20,8,4.37
台北橋,松江南京,20,8,4.37
台北橋,忠孝新生,25,10,5.35
台北橋,忠孝新生,25,10,5.35
台北橋,頂埔,40,16,15.87
台北橋,永寧,35,14,13.92
台北橋,土城,35,14,12.81
台北橋,海山,35,14,11.34
台北橋,亞東醫院,30,12,9.7
台北橋,府中,30,12,8.42
台北橋,板橋,25,10,7.77
台北橋,板橋,25,10,7.77
台北橋,新埔,25,10,6.49
台北橋,江子翠,25,10,7.35
台北橋,龍山寺,25,10,6.4
台北橋,善導寺,20,8,4.42
台北橋,忠孝敦化,25,10,7.14
台北橋,國父紀念館,25,10,7.87
台北橋,市政府,30,12,8.71
台北橋,永春,30,12,9.7
台北橋,後山埤,30,12,10.51
台北橋,昆陽,35,14,11.87
台北橋,南港,35,14,13.3
台北橋,台北小巨蛋,25,10,6.3
台北橋,南京三民,25,10,7.5
台北橋,松山,30,12,8.85
台北橋,輔大,25,10,7.61
台北橋,新莊,25,10,5.87
台北橋,頭前庄,20,8,4.85
台北橋,頭前庄,20,8,4.85
台北橋,先嗇宮,20,8,3.58
台北橋,三重,20,8,1.86
台北橋,菜寮,20,8,0.99
台北橋,台北橋,20,8,0
台北橋,大橋頭,20,8,1.33
台北橋,中山國小,20,8,2.7
台北橋,行天宮,20,8,3.65
台北橋,蘆洲,25,10,7.34
台北橋,三民高中,25,10,6.18
台北橋,徐匯中學,25,10,5.28
台北橋,三和國中,20,8,4.44
台北橋,三重國小,20,8,3.21
台北橋,迴龍,30,12,10.38
台北橋,丹鳳,30,12,8.98
台北橋,十四張,35,14,13.38
台北橋,秀朗橋,35,14,12.82
台北橋,景平,35,14,11.92
台北橋,中和,35,14,11.43
台北橋,橋和,30,12,10.8
台北橋,中原,30,12,10.07
台北橋,板新,30,12,8.66
台北橋,新埔民生,25,10,6.49
台北橋,幸福,25,10,6.01
台北橋,新北產業園區,25,10,7.25
台北橋,廣慈/奉天宮,30,12,11.45
大橋頭,松山機場,25,10,6.44
大橋頭,中山國中,20,8,4.96
大橋頭,科技大樓,25,10,6.78
大橋頭,六張犁,25,10,7.91
大橋頭,麟光,30,12,8.74
大橋頭,辛亥,30,12,10.33
大橋頭,萬芳醫院,35,14,11.09
大橋頭,萬芳社區,35,14,12.24
大橋頭,木柵,35,14,12.75
大橋頭,動物園,35,14,13.43
大橋頭,大安,25,10,6.03
大橋頭,大安,25,10,6.03
大橋頭,忠孝復興,25,10,5.14
大橋頭,忠孝復興,25,10,5.14
大橋頭,南京復興,20,8,4.03
大橋頭,南京復興,20,8,4.03
大橋頭,大直,30,12,9.02
大橋頭,劍南路,30,12,10.35
大橋頭,西湖,35,14,11.64
大橋頭,港墘,35,14,12.46
大橋頭,文德,35,14,13.48
大橋頭,內湖,40,16,14.6
大橋頭,大湖公園,40,16,15.47
大橋頭,葫洲,40,16,15.59
大橋頭,東湖,40,16,14.74
大橋頭,南港軟體園區,35,14,13.7
大橋頭,南港展覽館,35,14,13.05
大橋頭,南港展覽館,35,14,13.05
大橋頭,台大醫院,20,8,3.03
大橋頭,台北車站,20,8,2.4
大橋頭,台北車站,20,8,2.4
大橋頭,中山,20,8,1.74
大橋頭,中山,20,8,1.74
大橋頭,民權西路,20,8,0.66
大橋頭,民權西路,20,8,0.66
大橋頭,小碧潭,35,14,13.3
大橋頭,新店,35,14,13.36
大橋頭,七張,35,14,11.35
大橋頭,大坪林,30,12,10.5
大橋頭,大坪林,30,12,10.5
大橋頭,景美,30,12,9.35
大橋頭,萬隆,30,12,8.29
大橋頭,公館,25,10,6.73
大橋頭,台電大樓,25,10,5.83
大橋頭,古亭,20,8,4.95
大橋頭,中正紀念堂,20,8,4.02
大橋頭,頂溪,25,10,7.09
大橋頭,永安市場,30,12,8.42
大橋頭,景安,30,12,9.5
大橋頭,景安,30,12,9.5
大橋頭,南勢角,30,12,10.31
大橋頭,雙連,20,8,1.19
大橋頭,圓山,20,8,1.69
大橋頭,劍潭,20,8,3.21
大橋頭,士林,20,8,4.3
大橋頭,芝山,25,10,5.4
大橋頭,明德,25,10,6.28
大橋頭,石牌,25,10,6.88
大橋頭,唭哩岸,30,12,8.14
大橋頭,奇岩,30,12,8.97
大橋頭,北投,30,12,9.73
大橋頭,新北投,30,12,10.76
大橋頭,復興崗,35,14,11.34
大橋頭,忠義,35,14,12.79
大橋頭,關渡,35,14,13.66
大橋頭,竹圍,40,16,15.8
大橋頭,紅樹林,45,18,17.71
大橋頭,淡水,45,18,19.8
大橋頭,西門,20,8,3.75
大橋頭,象山,30,12,8.75
大橋頭,台北101/世貿,30,12,8.02
大橋頭,信義安和,25,10,7.02
大橋頭,大安森林公園,25,10,5.89
大橋頭,北門,20,8,3
大橋頭,東門,25,10,5.22
大橋頭,新店區公所,35,14,12.25
大橋頭,小南門,20,8,4.57
大橋頭,松江南京,20,8,3.04
大橋頭,松江南京,20,8,3.04
大橋頭,忠孝新生,20,8,4.02
大橋頭,忠孝新生,20,8,4.02
大橋頭,頂埔,45,18,17.2
大橋頭,永寧,40,16,15.25
大橋頭,土城,40,16,14.14
大橋頭,海山,35,14,12.67
大橋頭,亞東醫院,35,14,11.03
大橋頭,府中,30,12,9.75
大橋頭,板橋,30,12,9.1
大橋頭,板橋,30,12,9.1
大橋頭,新埔,25,10,7.82
大橋頭,江子翠,30,12,8.14
大橋頭,龍山寺,25,10,5.06
大橋頭,善導寺,20,8,3.08
大橋頭,忠孝敦化,25,10,5.81
大橋頭,國父紀念館,25,10,6.54
大橋頭,市政府,25,10,7.38
大橋頭,永春,30,12,8.36
大橋頭,後山埤,30,12,9.18
大橋頭,昆陽,30,12,10.54
大橋頭,南港,35,14,11.97
大橋頭,台北小巨蛋,20,8,4.97
大橋頭,南京三民,25,10,6.17
大橋頭,松山,25,10,7.52
大橋頭,輔大,30,12,8.94
大橋頭,新莊,25,10,7.2
大橋頭,頭前庄,25,10,6.19
大橋頭,頭前庄,25,10,6.19
大橋頭,先嗇宮,20,8,4.91
大橋頭,三重,20,8,3.19
大橋頭,菜寮,20,8,2.32
大橋頭,台北橋,20,8,1.33
大橋頭,大橋頭,20,8,0
大橋頭,中山國小,20,8,1.37
大橋頭,行天宮,20,8,2.32
大橋頭,蘆洲,25,10,6.01
大橋頭,三民高中,20,8,4.84
大橋頭,徐匯中學,20,8,3.94
大橋頭,三和國中,20,8,3.11
大橋頭,三重國小,20,8,1.88
大橋頭,迴龍,35,14,11.71
大橋頭,丹鳳,30,12,10.31
大橋頭,十四張,35,14,12.05
大橋頭,秀朗橋,35,14,11.49
大橋頭,景平,30,12,10.59
大橋頭,中和,35,14,11.03
大橋頭,橋和,35,14,11.66
大橋頭,中原,35,14,11.4
大橋頭,板新,30,12,9.99
大橋頭,新埔民生,25,10,7.82
大橋頭,幸福,25,10,7.34
大橋頭,新北產業園區,30,12,8.58
大橋頭,廣慈/奉天宮,30,12,10.12
中山國小,松山機場,25,10,5.15
中山國小,中山國中,20,8,3.67
中山國小,科技大樓,25,10,5.64
中山國小,六張犁,25,10,6.78
中山國小,麟光,25,10,7.6
中山國小,辛亥,30,12,9.2
中山國小,萬芳醫院,30,12,9.96
中山國小,萬芳社區,35,14,11.1
中山國小,木柵,35,14,11.61
中山國小,動物園,35,14,12.3
中山國小,大安,20,8,4.9
中山國小,大安,20,8,4.9
中山國小,忠孝復興,20,8,4.01
中山國小,忠孝復興,20,8,4.01
中山國小,南京復興,20,8,2.74
中山國小,南京復興,20,8,2.74
中山國小,大直,25,10,7.73
中山國小,劍南路,30,12,9.06
中山國小,西湖,30,12,10.35
中山國小,港墘,35,14,11.17
中山國小,文德,35,14,12.18
中山國小,內湖,35,14,13.31
中山國小,大湖公園,40,16,14.18
中山國小,葫洲,40,16,14.46
中山國小,東湖,35,14,13.6
中山國小,南港軟體園區,35,14,12.57
中山國小,南港展覽館,35,14,11.92
中山國小,南港展覽館,35,14,11.92
中山國小,台大醫院,20,8,3.08
中山國小,台北車站,20,8,2.45
中山國小,台北車站,20,8,2.45
中山國小,中山,20,8,1.79
中山國小,中山,20,8,1.79
中山國小,民權西路,20,8,0.71
中山國小,民權西路,20,8,0.71
中山國小,小碧潭,35,14,13.35
中山國小,新店,35,14,13.41
中山國小,七張,35,14,11.4
中山國小,大坪林,30,12,10.55
中山國小,大坪林,30,12,10.55
中山國小,景美,30,12,9.4
中山國小,萬隆,30,12,8.34
中山國小,公館,25,10,6.78
中山國小,台電大樓,25,10,5.88
中山國小,古亭,25,10,5.01
中山國小,中正紀念堂,20,8,4.07
中山國小,頂溪,25,10,7.14
中山國小,永安市場,30,12,8.47
中山國小,景安,30,12,9.55
中山國小,景安,30,12,9.55
中山國小,南勢角,30,12,10.36
中山國小,雙連,20,8,1.24
中山國小,圓山,20,8,1.74
中山國小,劍潭,20,8,3.26
中山國小,士林,20,8,4.35
中山國小,芝山,25,10,5.45
中山國小,明德,25,10,6.33
中山國小,石牌,25,10,6.93
中山國小,唭哩岸,30,12,8.19
中山國小,奇岩,30,12,9.02
中山國小,北投,30,12,9.78
中山國小,新北投,30,12,10.81
中山國小,復興崗,35,14,11.39
中山國小,忠義,35,14,12.84
中山國小,關渡,35,14,13.71
中山國小,竹圍,40,16,15.85
中山國小,紅樹林,45,18,17.76
中山國小,淡水,45,18,19.85
中山國小,西門,20,8,3.8
中山國小,象山,25,10,7.62
中山國小,台北101/世貿,25,10,6.88
中山國小,信義安和,25,10,5.89
中山國小,大安森林公園,20,8,4.76
中山國小,北門,20,8,3.05
中山國小,東門,20,8,4.09
中山國小,新店區公所,35,14,12.3
中山國小,小南門,20,8,4.62
中山國小,松江南京,20,8,1.75
中山國小,松江南京,20,8,1.75
中山國小,忠孝新生,20,8,2.89
中山國小,忠孝新生,20,8,2.89
中山國小,頂埔,45,18,18.44
中山國小,永寧,40,16,16.49
中山國小,土城,40,16,15.38
中山國小,海山,35,14,13.91
中山國小,亞東醫院,35,14,12.27
中山國小,府中,30,12,10.99
中山國小,板橋,30,12,10.34
中山國小,板橋,30,12,10.34
中山國小,新埔,30,12,9.06
中山國小,江子翠,30,12,8.19
中山國小,龍山寺,25,10,5.11
中山國小,善導寺,20,8,3.13
中山國小,忠孝敦化,20,8,4.67
中山國小,國父紀念館,25,10,5.4
中山國小,市政府,25,10,6.24
中山國小,永春,25,10,7.23
中山國小,後山埤,30,12,8.04
中山國小,昆陽,30,12,9.41
中山國小,南港,30,12,10.83
中山國小,台北小巨蛋,20,8,3.68
中山國小,南京三民,20,8,4.87
中山國小,松山,25,10,6.23
中山國小,輔大,30,12,10.31
中山國小,新莊,30,12,8.58
中山國小,頭前庄,25,10,7.56
中山國小,頭前庄,25,10,7.56
中山國小,先嗇宮,25,10,6.28
中山國小,三重,20,8,4.56
中山國小,菜寮,20,8,3.69
中山國小,台北橋,20,8,2.7
中山國小,大橋頭,20,8,1.37
中山國小,中山國小,20,8,0
中山國小,行天宮,20,8,0.95
中山國小,蘆洲,25,10,7.38
中山國小,三民高中,25,10,6.22
中山國小,徐匯中學,25,10,5.32
中山國小,三和國中,20,8,4.48
中山國小,三重國小,20,8,3.25
中山國小,迴龍,35,14,13.08
中山國小,丹鳳,35,14,11.68
中山國小,十四張,35,14,12.1
中山國小,秀朗橋,35,14,11.54
中山國小,景平,30,12,10.64
中山國小,中和,35,14,11.08
中山國小,橋和,35,14,11.71
中山國小,中原,35,14,12.45
中山國小,板新,35,14,11.23
中山國小,新埔民生,30,12,9.06
中山國小,幸福,30,12,8.71
中山國小,新北產業園區,30,12,9.95
中山國小,廣慈/奉天宮,25,10,8.98
行天宮,松山機場,20,8,4.2
行天宮,中山國中,20,8,2.72
行天宮,科技大樓,20,8,4.7
行天宮,六張犁,25,10,5.83
行天宮,麟光,25,10,6.65
行天宮,辛亥,30,12,8.25
行天宮,萬芳醫院,30,12,9.01
行天宮,萬芳社區,30,12,10.15
行天宮,木柵,30,12,10.67
行天宮,動物園,35,14,11.35
行天宮,大安,20,8,3.95
行天宮,大安,20,8,3.95
行天宮,忠孝復興,20,8,3.06
行天宮,忠孝復興,20,8,3.06
行天宮,南京復興,20,8,1.79
行天宮,南京復興,20,8,1.79
行天宮,大直,25,10,6.79
行天宮,劍南路,30,12,8.11
行天宮,西湖,30,12,9.4
行天宮,港墘,30,12,10.23
行天宮,文德,35,14,11.24
行天宮,內湖,35,14,12.37
行天宮,大湖公園,35,14,13.23
行天宮,葫洲,35,14,13.51
行天宮,東湖,35,14,12.66
行天宮,南港軟體園區,35,14,11.62
行天宮,南港展覽館,30,12,10.97
行天宮,南港展覽館,30,12,10.97
行天宮,台大醫院,20,8,3.38
行天宮,台北車站,20,8,2.75
行天宮,台北車站,20,8,2.75
行天宮,中山,20,8,2.09
行天宮,中山,20,8,2.09
行天宮,民權西路,20,8,1.66
行天宮,民權西路,20,8,1.66
行天宮,小碧潭,35,14,13.06
行天宮,新店,35,14,13.13
行天宮,七張,35,14,11.12
行天宮,大坪林,30,12,10.27
行天宮,大坪林,30,12,10.27
行天宮,景美,30,12,9.12
行天宮,萬隆,30,12,8.06
行天宮,公館,25,10,6.5
行天宮,台電大樓,25,10,5.6
行天宮,古亭,20,8,4.72
行天宮,中正紀念堂,20,8,4.37
行天宮,頂溪,25,10,6.86
行天宮,永安市場,30,12,8.19
行天宮,景安,30,12,9.27
行天宮,景安,30,12,9.27
行天宮,南勢角,30,12,10.08
行天宮,雙連,20,8,2.19
行天宮,圓山,20,8,2.69
行天宮,劍潭,20,8,4.21
行天宮,士林,25,10,5.3
行天宮,芝山,25,10,6.4
行天宮,明德,25,10,7.28
行天宮,石牌,25,10,7.88
行天宮,唭哩岸,30,12,9.14
行天宮,奇岩,30,12,9.97
行天宮,北投,30,12,10.73
行天宮,新北投,35,14,11.76
行天宮,復興崗,35,14,12.34
行天宮,忠義,35,14,13.79
行天宮,關渡,40,16,14.66
行天宮,竹圍,40,16,16.8
行天宮,紅樹林,45,18,18.71
行天宮,淡水,50,20,20.8
行天宮,西門,20,8,4.1
行天宮,象山,25,10,6.67
行天宮,台北101/世貿,25,10,5.93
行天宮,信義安和,20,8,4.94
行天宮,大安森林公園,20,8,3.81
行天宮,北門,20,8,3.36
行天宮,東門,20,8,3.14
行天宮,新店區公所,35,14,12.02
行天宮,小南門,20,8,4.92
行天宮,松江南京,20,8,0.8
行天宮,松江南京,20,8,0.8
行天宮,忠孝新生,20,8,1.94
行天宮,忠孝新生,20,8,1.94
行天宮,頂埔,45,18,18.74
行天宮,永寧,40,16,16.79
行天宮,土城,40,16,15.68
行天宮,海山,40,16,14.22
行天宮,亞東醫院,35,14,12.57
行天宮,府中,35,14,11.29
行天宮,板橋,30,12,10.64
行天宮,板橋,30,12,10.64
行天宮,新埔,30,12,9.36
行天宮,江子翠,30,12,8.5
行天宮,龍山寺,25,10,5.42
行天宮,善導寺,20,8,2.88
行天宮,忠孝敦化,20,8,3.73
行天宮,國父紀念館,20,8,4.45
行天宮,市政府,25,10,5.3
行天宮,永春,25,10,6.28
行天宮,後山埤,25,10,7.1
行天宮,昆陽,30,12,8.46
行天宮,南港,30,12,9.88
行天宮,台北小巨蛋,20,8,2.73
行天宮,南京三民,20,8,3.93
行天宮,松山,25,10,5.28
行天宮,輔大,35,14,11.26
行天宮,新莊,30,12,9.52
行天宮,頭前庄,30,12,8.51
行天宮,頭前庄,30,12,8.51
行天宮,先嗇宮,25,10,7.23
行天宮,三重,25,10,5.51
行天宮,菜寮,20,8,4.64
行天宮,台北橋,20,8,3.65
行天宮,大橋頭,20,8,2.32
行天宮,中山國小,20,8,0.95
行天宮,行天宮,20,8,0
行天宮,蘆洲,30,12,8.33
行天宮,三民高中,25,10,7.16
行天宮,徐匯中學,25,10,6.26
行天宮,三和國中,25,10,5.43
行天宮,三重國小,20,8,4.2
行天宮,迴龍,40,16,14.03
行天宮,丹鳳,35,14,12.63
行天宮,十四張,35,14,11.82
行天宮,秀朗橋,35,14,11.26
行天宮,景平,30,12,10.35
行天宮,中和,30,12,10.8
行天宮,橋和,35,14,11.43
行天宮,中原,35,14,12.16
行天宮,板新,35,14,11.53
行天宮,新埔民生,30,12,9.36
行天宮,幸福,30,12,9.66
行天宮,新北產業園區,30,12,10.9
行天宮,廣慈/奉天宮,25,10,8.03
蘆洲,松山機場,35,14,12.45
蘆洲,中山國中,30,12,10.97
蘆洲,科技大樓,35,14,12.79
蘆洲,六張犁,35,14,13.93
蘆洲,麟光,40,16,14.75
蘆洲,辛亥,40,16,16.34
蘆洲,萬芳醫院,45,18,17.1
蘆洲,萬芳社區,45,18,18.25
蘆洲,木柵,45,18,18.76
蘆洲,動物園,45,18,19.44
蘆洲,大安,35,14,12.05
蘆洲,大安,35,14,12.05
蘆洲,忠孝復興,35,14,11.15
蘆洲,忠孝復興,35,14,11.15
蘆洲,南京復興,30,12,10.04
蘆洲,南京復興,30,12,10.04
蘆洲,大直,40,16,15.04
蘆洲,劍南路,40,16,16.36
蘆洲,西湖,45,18,17.65
蘆洲,港墘,45,18,18.48
蘆洲,文德,45,18,19.49
蘆洲,內湖,50,20,20.62
蘆洲,大湖公園,50,20,21.48
蘆洲,葫洲,50,20,21.6
蘆洲,東湖,50,20,20.75
蘆洲,南港軟體園區,45,18,19.71
蘆洲,南港展覽館,45,18,19.07
蘆洲,南港展覽館,45,18,19.07
蘆洲,台大醫院,30,12,9.04
蘆洲,台北車站,30,12,8.41
蘆洲,台北車站,30,12,8.41
蘆洲,中山,25,10,7.75
蘆洲,中山,25,10,7.75
蘆洲,民權西路,25,10,6.67
蘆洲,民權西路,25,10,6.67
蘆洲,小碧潭,45,18,19.31
蘆洲,新店,45,18,19.37
蘆洲,七張,45,18,17.36
蘆洲,大坪林,40,16,16.51
蘆洲,大坪林,40,16,16.51
蘆洲,景美,40,16,15.36
蘆洲,萬隆,40,16,14.3
蘆洲,公館,35,14,12.74
蘆洲,台電大樓,35,14,11.84
蘆洲,古亭,30,12,10.96
蘆洲,中正紀念堂,30,12,10.03
蘆洲,頂溪,35,14,13.1
蘆洲,永安市場,40,16,14.43
蘆洲,景安,40,16,15.51
蘆洲,景安,40,16,15.51
蘆洲,南勢角,40,16,16.32
蘆洲,雙連,25,10,7.2
蘆洲,圓山,25,10,7.7
蘆洲,劍潭,30,12,9.22
蘆洲,士林,30,12,10.31
蘆洲,芝山,35,14,11.41
蘆洲,明德,35,14,12.29
蘆洲,石牌,35,14,12.89
蘆洲,唭哩岸,40,16,14.15
蘆洲,奇岩,40,16,14.98
蘆洲,北投,40,16,15.74
蘆洲,新北投,40,16,16.77
蘆洲,復興崗,45,18,17.35
蘆洲,忠義,45,18,18.8
蘆洲,關渡,45,18,19.67
蘆洲,竹圍,50,20,21.81
蘆洲,紅樹林,55,22,23.72
蘆洲,淡水,55,22,25.81
蘆洲,西門,30,12,9.76
蘆洲,象山,40,16,14.76
蘆洲,台北101/世貿,40,16,14.03
蘆洲,信義安和,35,14,13.03
蘆洲,大安森林公園,35,14,11.9
蘆洲,北門,30,12,9.02
蘆洲,東門,35,14,11.23
蘆洲,新店區公所,45,18,18.26
蘆洲,小南門,30,12,10.58
蘆洲,松江南京,30,12,9.05
蘆洲,松江南京,30,12,9.05
蘆洲,忠孝新生,30,12,10.03
蘆洲,忠孝新生,30,12,10.03
蘆洲,頂埔,55,22,23.21
蘆洲,永寧,50,20,21.26
蘆洲,土城,50,20,20.15
蘆洲,海山,45,18,18.69
蘆洲,亞東醫院,45,18,17.04
蘆洲,府中,40,16,15.76
蘆洲,板橋,40,16,15.11
蘆洲,板橋,40,16,15.11
蘆洲,新埔,35,14,13.83
蘆洲,江子翠,40,16,14.15
蘆洲,龍山寺,35,14,11.07
蘆洲,善導寺,30,12,9.1
蘆洲,忠孝敦化,35,14,11.82
蘆洲,國父紀念館,35,14,12.55
蘆洲,市政府,35,14,13.39
蘆洲,永春,40,16,14.38
蘆洲,後山埤,40,16,15.19
蘆洲,昆陽,40,16,16.55
蘆洲,南港,45,18,17.98
蘆洲,台北小巨蛋,30,12,10.98
蘆洲,南京三民,35,14,12.18
蘆洲,松山,35,14,13.53
蘆洲,輔大,40,16,14.95
蘆洲,新莊,35,14,13.21
蘆洲,頭前庄,35,14,12.2
蘆洲,頭前庄,35,14,12.2
蘆洲,先嗇宮,30,12,10.92
蘆洲,三重,30,12,9.2
蘆洲,菜寮,30,12,8.33
蘆洲,台北橋,25,10,7.34
蘆洲,大橋頭,25,10,6.01
蘆洲,中山國小,25,10,7.38
蘆洲,行天宮,30,12,8.33
蘆洲,蘆洲,20,8,0
蘆洲,三民高中,20,8,1.17
蘆洲,徐匯中學,20,8,2.07
蘆洲,三和國中,20,8,2.9
蘆洲,三重國小,20,8,4.13
蘆洲,迴龍,45,18,17.72
蘆洲,丹鳳,40,16,16.32
蘆洲,十四張,45,18,18.06
蘆洲,秀朗橋,45,18,17.5
蘆洲,景平,40,16,16.6
蘆洲,中和,45,18,17.04
蘆洲,橋和,45,18,17.67
蘆洲,中原,45,18,17.41
蘆洲,板新,40,16,16
蘆洲,新埔民生,35,14,13.83
蘆洲,幸福,35,14,13.35
蘆洲,新北產業園區,40,16,14.59
蘆洲,廣慈/奉天宮,40,16,16.13
三民高中,松山機場,35,14,11.28
三民高中,中山國中,30,12,9.8
三民高中,科技大樓,35,14,11.62
三民高中,六張犁,35,14,12.76
三民高中,麟光,35,14,13.58
三民高中,辛亥,40,16,15.18
三民高中,萬芳醫院,40,16,15.94
三民高中,萬芳社區,45,18,17.08
三民高中,木柵,45,18,17.59
三民高中,動物園,45,18,18.28
三民高中,大安,30,12,10.88
三民高中,大安,30,12,10.88
三民高中,忠孝復興,30,12,9.99
三民高中,忠孝復興,30,12,9.99
三民高中,南京復興,30,12,8.87
三民高中,南京復興,30,12,8.87
三民高中,大直,35,14,13.87
三民高中,劍南路,40,16,15.2
三民高中,西湖,40,16,16.48
三民高中,港墘,45,18,17.31
三民高中,文德,45,18,18.32
三民高中,內湖,45,18,19.45
三民高中,大湖公園,50,20,20.32
三民高中,葫洲,50,20,20.44
三民高中,東湖,45,18,19.58
三民高中,南港軟體園區,45,18,18.54
三民高中,南港展覽館,45,18,17.9
三民高中,南港展覽館,45,18,17.9
三民高中,台大醫院,25,10,7.88
三民高中,台北車站,25,10,7.25
三民高中,台北車站,25,10,7.25
三民高中,中山,25,10,6.59
三民高中,中山,25,10,6.59
三民高中,民權西路,25,10,5.51
三民高中,民權西路,25,10,5.51
三民高中,小碧潭,45,18,18.14
三民高中,新店,45,18,18.21
三民高中,七張,40,16,16.2
三民高中,大坪林,40,16,15.35
三民高中,大坪林,40,16,15.35
三民高中,景美,40,16,14.2
三民高中,萬隆,35,14,13.14
三民高中,公館,35,14,11.58
三民高中,台電大樓,30,12,10.68
三民高中,古亭,30,12,9.8
三民高中,中正紀念堂,30,12,8.87
三民高中,頂溪,35,14,11.94
三民高中,永安市場,35,14,13.27
三民高中,景安,40,16,14.35
三民高中,景安,40,16,14.35
三民高中,南勢角,40,16,15.16
三民高中,雙連,25,10,6.04
三民高中,圓山,25,10,6.54
三民高中,劍潭,30,12,8.06
三民高中,士林,30,12,9.15
三民高中,芝山,30,12,10.25
三民高中,明德,35,14,11.13
三民高中,石牌,35,14,11.73
三民高中,唭哩岸,35,14,12.99
三民高中,奇岩,35,14,13.82
三民高中,北投,40,16,14.58
三民高中,新北投,40,16,15.61
三民高中,復興崗,40,16,16.19
三民高中,忠義,45,18,17.64
三民高中,關渡,45,18,18.51
三民高中,竹圍,50,20,20.65
三民高中,紅樹林,50,20,22.56
三民高中,淡水,55,22,24.65
三民高中,西門,30,12,8.59
三民高中,象山,35,14,13.6
三民高中,台北101/世貿,35,14,12.86
三民高中,信義安和,35,14,11.87
三民高中,大安森林公園,30,12,10.73
三民高中,北門,25,10,7.85
三民高中,東門,30,12,10.07
三民高中,新店區公所,45,18,17.1
三民高中,小南門,30,12,9.41
三民高中,松江南京,25,10,7.88
三民高中,松江南京,25,10,7.88
三民高中,忠孝新生,30,12,8.87
三民高中,忠孝新生,30,12,8.87
三民高中,頂埔,50,20,22.04
三民高中,永寧,50,20,20.1
三民高中,土城,45,18,18.99
三民高中,海山,45,18,17.52
三民高中,亞東醫院,40,16,15.88
三民高中,府中,40,16,14.59
三民高中,板橋,35,14,13.94
三民高中,板橋,35,14,13.94
三民高中,新埔,35,14,12.66
三民高中,江子翠,35,14,12.99
三民高中,龍山寺,30,12,9.91
三民高中,善導寺,25,10,7.93
三民高中,忠孝敦化,30,12,10.65
三民高中,國父紀念館,35,14,11.38
三民高中,市政府,35,14,12.22
三民高中,永春,35,14,13.21
三民高中,後山埤,40,16,14.02
三民高中,昆陽,40,16,15.39
三民高中,南港,40,16,16.81
三民高中,台北小巨蛋,30,12,9.81
三民高中,南京三民,35,14,11.01
三民高中,松山,35,14,12.36
三民高中,輔大,35,14,13.79
三民高中,新莊,35,14,12.05
三民高中,頭前庄,35,14,11.03
三民高中,頭前庄,35,14,11.03
三民高中,先嗇宮,30,12,9.76
三民高中,三重,30,12,8.03
三民高中,菜寮,25,10,7.16
三民高中,台北橋,25,10,6.18
三民高中,大橋頭,20,8,4.84
三民高中,中山國小,25,10,6.22
三民高中,行天宮,25,10,7.16
三民高中,蘆洲,20,8,1.17
三民高中,三民高中,20,8,0
三民高中,徐匯中學,20,8,0.9
三民高中,三和國中,20,8,1.73
三民高中,三重國小,20,8,2.97
三民高中,迴龍,40,16,16.56
三民高中,丹鳳,40,16,15.15
三民高中,十四張,40,16,16.9
三民高中,秀朗橋,40,16,16.33
三民高中,景平,40,16,15.43
三民高中,中和,40,16,15.87
三民高中,橋和,40,16,16.5
三民高中,中原,40,16,16.24
三民高中,板新,40,16,14.84
三民高中,新埔民生,35,14,12.66
三民高中,幸福,35,14,12.18
三民高中,新北產業園區,35,14,13.43
三民高中,廣慈/奉天宮,35,14,14.96
徐匯中學,松山機場,30,12,10.38
徐匯中學,中山國中,30,12,8.9
徐匯中學,科技大樓,30,12,10.72
徐匯中學,六張犁,35,14,11.86
徐匯中學,麟光,35,14,12.68
徐匯中學,辛亥,40,16,14.27
徐匯中學,萬芳醫院,40,16,15.04
徐匯中學,萬芳社區,40,16,16.18
徐匯中學,木柵,40,16,16.69
徐匯中學,動物園,45,18,17.37
徐匯中學,大安,30,12,9.98
徐匯中學,大安,30,12,9.98
徐匯中學,忠孝復興,30,12,9.08
徐匯中學,忠孝復興,30,12,9.08
徐匯中學,南京復興,25,10,7.97
徐匯中學,南京復興,25,10,7.97
徐匯中學,大直,35,14,12.97
徐匯中學,劍南路,40,16,14.3
徐匯中學,西湖,40,16,15.58
徐匯中學,港墘,40,16,16.41
徐匯中學,文德,45,18,17.42
徐匯中學,內湖,45,18,18.55
徐匯中學,大湖公園,45,18,19.41
徐匯中學,葫洲,45,18,19.54
徐匯中學,東湖,45,18,18.68
徐匯中學,南港軟體園區,45,18,17.64
徐匯中學,南港展覽館,40,16,17
徐匯中學,南港展覽館,40,16,17
徐匯中學,台大醫院,25,10,6.97
徐匯中學,台北車站,25,10,6.34
徐匯中學,台北車站,25,10,6.34
徐匯中學,中山,25,10,5.68
徐匯中學,中山,25,10,5.68
徐匯中學,民權西路,20,8,4.6
徐匯中學,民權西路,20,8,4.6
徐匯中學,小碧潭,45,18,17.24
徐匯中學,新店,45,18,17.3
徐匯中學,七張,40,16,15.29
徐匯中學,大坪林,40,16,14.44
徐匯中學,大坪林,40,16,14.44
徐匯中學,景美,35,14,13.29
徐匯中學,萬隆,35,14,12.23
徐匯中學,公館,30,12,10.67
徐匯中學,台電大樓,30,12,9.77
徐匯中學,古亭,30,12,8.89
徐匯中學,中正紀念堂,25,10,7.96
徐匯中學,頂溪,35,14,11.03
徐匯中學,永安市場,35,14,12.36
徐匯中學,景安,35,14,13.44
徐匯中學,景安,35,14,13.44
徐匯中學,南勢角,40,16,14.25
徐匯中學,雙連,25,10,5.13
徐匯中學,圓山,25,10,5.63
徐匯中學,劍潭,25,10,7.15
徐匯中學,士林,30,12,8.24
徐匯中學,芝山,30,12,9.34
徐匯中學,明德,30,12,10.22
徐匯中學,石牌,30,12,10.82
徐匯中學,唭哩岸,35,14,12.08
徐匯中學,奇岩,35,14,12.91
徐匯中學,北投,35,14,13.67
徐匯中學,新北投,40,16,14.7
徐匯中學,復興崗,40,16,15.28
徐匯中學,忠義,40,16,16.73
徐匯中學,關渡,45,18,17.6
徐匯中學,竹圍,45,18,19.74
徐匯中學,紅樹林,50,20,21.65
徐匯中學,淡水,55,22,23.74
徐匯中學,西門,25,10,7.69
徐匯中學,象山,35,14,12.69
徐匯中學,台北101/世貿,35,14,11.96
徐匯中學,信義安和,30,12,10.97
徐匯中學,大安森林公園,30,12,9.83
徐匯中學,北門,25,10,6.95
徐匯中學,東門,30,12,9.17
徐匯中學,新店區公所,40,16,16.19
徐匯中學,小南門,30,12,8.51
徐匯中學,松江南京,25,10,6.98
徐匯中學,松江南京,25,10,6.98
徐匯中學,忠孝新生,25,10,7.97
徐匯中學,忠孝新生,25,10,7.97
徐匯中學,頂埔,50,20,21.14
徐匯中學,永寧,45,18,19.19
徐匯中學,土城,45,18,18.08
徐匯中學,海山,40,16,16.62
徐匯中學,亞東醫院,40,16,14.97
徐匯中學,府中,35,14,13.69
徐匯中學,板橋,35,14,13.04
徐匯中學,板橋,35,14,13.04
徐匯中學,新埔,35,14,11.76
徐匯中學,江子翠,35,14,12.09
徐匯中學,龍山寺,30,12,9.01
徐匯中學,善導寺,25,10,7.03
徐匯中學,忠孝敦化,30,12,9.75
徐匯中學,國父紀念館,30,12,10.48
徐匯中學,市政府,35,14,11.32
徐匯中學,永春,35,14,12.31
徐匯中學,後山埤,35,14,13.12
徐匯中學,昆陽,40,16,14.48
徐匯中學,南港,40,16,15.91
徐匯中學,台北小巨蛋,30,12,8.91
徐匯中學,南京三民,30,12,10.11
徐匯中學,松山,35,14,11.46
徐匯中學,輔大,35,14,12.89
徐匯中學,新莊,35,14,11.15
徐匯中學,頭前庄,30,12,10.13
徐匯中學,頭前庄,30,12,10.13
徐匯中學,先嗇宮,30,12,8.86
徐匯中學,三重,25,10,7.13
徐匯中學,菜寮,25,10,6.26
徐匯中學,台北橋,25,10,5.28
徐匯中學,大橋頭,20,8,3.94
徐匯中學,中山國小,25,10,5.32
徐匯中學,行天宮,25,10,6.26
徐匯中學,蘆洲,20,8,2.07
徐匯中學,三民高中,20,8,0.9
徐匯中學,徐匯中學,20,8,0
徐匯中學,三和國中,20,8,0.83
徐匯中學,三重國小,20,8,2.07
徐匯中學,迴龍,40,16,15.65
徐匯中學,丹鳳,40,16,14.25
徐匯中學,十四張,40,16,16
徐匯中學,秀朗橋,40,16,15.43
徐匯中學,景平,40,16,14.53
徐匯中學,中和,40,16,14.97
徐匯中學,橋和,40,16,15.6
徐匯中學,中原,40,16,15.34
徐匯中學,板新,35,14,13.93
徐匯中學,新埔民生,35,14,11.76
徐匯中學,幸福,35,14,11.28
徐匯中學,新北產業園區,35,14,12.53
徐匯中學,廣慈/奉天宮,35,14,14.06
三和國中,松山機場,30,12,9.55
三和國中,中山國中,30,12,8.07
三和國中,科技大樓,30,12,9.89
三和國中,六張犁,35,14,11.02
三和國中,麟光,35,14,11.85
三和國中,辛亥,35,14,13.44
三和國中,萬芳醫院,40,16,14.2
三和國中,萬芳社區,40,16,15.35
三和國中,木柵,40,16,15.86
三和國中,動物園,40,16,16.54
三和國中,大安,30,12,9.14
三和國中,大安,30,12,9.14
三和國中,忠孝復興,30,12,8.25
三和國中,忠孝復興,30,12,8.25
三和國中,南京復興,25,10,7.14
三和國中,南京復興,25,10,7.14
三和國中,大直,35,14,12.13
三和國中,劍南路,35,14,13.46
三和國中,西湖,40,16,14.75
三和國中,港墘,40,16,15.57
三和國中,文德,40,16,16.59
三和國中,內湖,45,18,17.71
三和國中,大湖公園,45,18,18.58
三和國中,葫洲,45,18,18.7
三和國中,東湖,45,18,17.85
三和國中,南港軟體園區,40,16,16.81
三和國中,南港展覽館,40,16,16.16
三和國中,南港展覽館,40,16,16.16
三和國中,台大醫院,25,10,6.14
三和國中,台北車站,25,10,5.51
三和國中,台北車站,25,10,5.51
三和國中,中山,20,8,4.85
三和國中,中山,20,8,4.85
三和國中,民權西路,20,8,3.77
三和國中,民權西路,20,8,3.77
三和國中,小碧潭,40,16,16.41
三和國中,新店,40,16,16.47
三和國中,七張,40,16,14.46
三和國中,大坪林,35,14,13.61
三和國中,大坪林,35,14,13.61
三和國中,景美,35,14,12.46
三和國中,萬隆,35,14,11.4
三和國中,公館,30,12,9.84
三和國中,台電大樓,30,12,8.94
三和國中,古亭,30,12,8.06
三和國中,中正紀念堂,25,10,7.13
三和國中,頂溪,30,12,10.2
三和國中,永安市場,35,14,11.53
三和國中,景安,35,14,12.61
三和國中,景安,35,14,12.61
三和國中,南勢角,35,14,13.42
三和國中,雙連,20,8,4.3
三和國中,圓山,20,8,4.8
三和國中,劍潭,25,10,6.32
三和國中,士林,25,10,7.41
三和國中,芝山,30,12,8.51
三和國中,明德,30,12,9.39
三和國中,石牌,30,12,9.99
三和國中,唭哩岸,35,14,11.25
三和國中,奇岩,35,14,12.08
三和國中,北投,35,14,12.84
三和國中,新北投,35,14,13.87
三和國中,復興崗,40,16,14.45
三和國中,忠義,40,16,15.9
三和國中,關渡,40,16,16.77
三和國中,竹圍,45,18,18.91
三和國中,紅樹林,50,20,20.82
三和國中,淡水,50,20,22.91
三和國中,西門,25,10,6.86
三和國中,象山,35,14,11.86
三和國中,台北101/世貿,35,14,11.13
三和國中,信義安和,30,12,10.13
三和國中,大安森林公園,30,12,9
三和國中,北門,25,10,6.11
三和國中,東門,30,12,8.33
三和國中,新店區公所,40,16,15.36
三和國中,小南門,25,10,7.68
三和國中,松江南京,25,10,6.15
三和國中,松江南京,25,10,6.15
三和國中,忠孝新生,25,10,7.13
三和國中,忠孝新生,25,10,7.13
三和國中,頂埔,50,20,20.31
三和國中,永寧,45,18,18.36
三和國中,土城,45,18,17.25
三和國中,海山,40,16,15.78
三和國中,亞東醫院,40,16,14.14
三和國中,府中,35,14,12.86
三和國中,板橋,35,14,12.21
三和國中,板橋,35,14,12.21
三和國中,新埔,30,12,10.93
三和國中,江子翠,35,14,11.25
三和國中,龍山寺,30,12,8.17
三和國中,善導寺,25,10,6.19
三和國中,忠孝敦化,30,12,8.92
三和國中,國父紀念館,30,12,9.65
三和國中,市政府,30,12,10.49
三和國中,永春,35,14,11.47
三和國中,後山埤,35,14,12.29
三和國中,昆陽,35,14,13.65
三和國中,南港,40,16,15.08
三和國中,台北小巨蛋,30,12,8.08
三和國中,南京三民,30,12,9.28
三和國中,松山,30,12,10.63
三和國中,輔大,35,14,12.05
三和國中,新莊,30,12,10.31
三和國中,頭前庄,30,12,9.3
三和國中,頭前庄,30,12,9.3
三和國中,先嗇宮,30,12,8.02
三和國中,三重,25,10,6.3
三和國中,菜寮,25,10,5.43
三和國中,台北橋,20,8,4.44
三和國中,大橋頭,20,8,3.11
三和國中,中山國小,20,8,4.48
三和國中,行天宮,25,10,5.43
三和國中,蘆洲,20,8,2.9
三和國中,三民高中,20,8,1.73
三和國中,徐匯中學,20,8,0.83
三和國中,三和國中,20,8,0
三和國中,三重國小,20,8,1.23
三和國中,迴龍,40,16,14.82
三和國中,丹鳳,35,14,13.42
三和國中,十四張,40,16,15.16
三和國中,秀朗橋,40,16,14.6
三和國中,景平,35,14,13.7
三和國中,中和,40,16,14.14
三和國中,橋和,40,16,14.77
三和國中,中原,40,16,14.51
三和國中,板新,35,14,13.1
三和國中,新埔民生,30,12,10.93
三和國中,幸福,30,12,10.45
三和國中,新北產業園區,35,14,11.69
三和國中,廣慈/奉天宮,35,14,13.23
三重國小,松山機場,30,12,8.32
三重國小,中山國中,25,10,6.84
三重國小,科技大樓,30,12,8.66
三重國小,六張犁,30,12,9.79
三重國小,麟光,30,12,10.61
三重國小,辛亥,35,14,12.21
三重國小,萬芳醫院,35,14,12.97
三重國小,萬芳社區,40,16,14.11
三重國小,木柵,40,16,14.63
三重國小,動物園,40,16,15.31
三重國小,大安,25,10,7.91
三重國小,大安,25,10,7.91
三重國小,忠孝復興,25,10,7.02
三重國小,忠孝復興,25,10,7.02
三重國小,南京復興,25,10,5.91
三重國小,南京復興,25,10,5.91
三重國小,大直,30,12,10.9
三重國小,劍南路,35,14,12.23
三重國小,西湖,35,14,13.51
三重國小,港墘,40,16,14.34
三重國小,文德,40,16,15.35
三重國小,內湖,40,16,16.48
三重國小,大湖公園,45,18,17.35
三重國小,葫洲,45,18,17.47
三重國小,東湖,40,16,16.62
三重國小,南港軟體園區,40,16,15.58
三重國小,南港展覽館,40,16,14.93
三重國小,南港展覽館,40,16,14.93
三重國小,台大醫院,20,8,4.91
三重國小,台北車站,20,8,4.28
三重國小,台北車站,20,8,4.28
三重國小,中山,20,8,3.62
三重國小,中山,20,8,3.62
三重國小,民權西路,20,8,2.54
三重國小,民權西路,20,8,2.54
三重國小,小碧潭,40,16,15.17
三重國小,新店,40,16,15.24
三重國小,七張,35,14,13.23
三重國小,大坪林,35,14,12.38
三重國小,大坪林,35,14,12.38
三重國小,景美,35,14,11.23
三重國小,萬隆,30,12,10.17
三重國小,公館,30,12,8.61
三重國小,台電大樓,25,10,7.71
三重國小,古亭,25,10,6.83
三重國小,中正紀念堂,25,10,5.9
三重國小,頂溪,30,12,8.97
三重國小,永安市場,30,12,10.3
三重國小,景安,35,14,11.38
三重國小,景安,35,14,11.38
三重國小,南勢角,35,14,12.19
三重國小,雙連,20,8,3.07
三重國小,圓山,20,8,3.57
三重國小,劍潭,25,10,5.09
三重國小,士林,25,10,6.18
三重國小,芝山,25,10,7.28
三重國小,明德,30,12,8.16
三重國小,石牌,30,12,8.76
三重國小,唭哩岸,30,12,10.02
三重國小,奇岩,30,12,10.85
三重國小,北投,35,14,11.61
三重國小,新北投,35,14,12.64
三重國小,復興崗,35,14,13.22
三重國小,忠義,40,16,14.67
三重國小,關渡,40,16,15.54
三重國小,竹圍,45,18,17.68
三重國小,紅樹林,45,18,19.59
三重國小,淡水,50,20,21.68
三重國小,西門,25,10,5.63
三重國小,象山,30,12,10.63
三重國小,台北101/世貿,30,12,9.89
三重國小,信義安和,30,12,8.9
三重國小,大安森林公園,25,10,7.77
三重國小,北門,20,8,4.88
三重國小,東門,25,10,7.1
三重國小,新店區公所,40,16,14.13
三重國小,小南門,25,10,6.45
三重國小,松江南京,20,8,4.91
三重國小,松江南京,20,8,4.91
三重國小,忠孝新生,25,10,5.9
三重國小,忠孝新生,25,10,5.9
三重國小,頂埔,45,18,19.08
三重國小,永寧,45,18,17.13
三重國小,土城,40,16,16.02
三重國小,海山,40,16,14.55
三重國小,亞東醫院,35,14,12.91
三重國小,府中,35,14,11.63
三重國小,板橋,30,12,10.97
三重國小,板橋,30,12,10.97
三重國小,新埔,30,12,9.7
三重國小,江子翠,30,12,10.02
三重國小,龍山寺,25,10,6.94
三重國小,善導寺,20,8,4.96
三重國小,忠孝敦化,25,10,7.69
三重國小,國父紀念館,30,12,8.41
三重國小,市政府,30,12,9.26
三重國小,永春,30,12,10.24
三重國小,後山埤,35,14,11.06
三重國小,昆陽,35,14,12.42
三重國小,南港,35,14,13.84
三重國小,台北小巨蛋,25,10,6.85
三重國小,南京三民,30,12,8.04
三重國小,松山,30,12,9.4
三重國小,輔大,30,12,10.82
三重國小,新莊,30,12,9.08
三重國小,頭前庄,30,12,8.06
三重國小,頭前庄,30,12,8.06
三重國小,先嗇宮,25,10,6.79
三重國小,三重,25,10,5.07
三重國小,菜寮,20,8,4.2
三重國小,台北橋,20,8,3.21
三重國小,大橋頭,20,8,1.88
三重國小,中山國小,20,8,3.25
三重國小,行天宮,20,8,4.2
三重國小,蘆洲,20,8,4.13
三重國小,三民高中,20,8,2.97
三重國小,徐匯中學,20,8,2.07
三重國小,三和國中,20,8,1.23
三重國小,三重國小,20,8,0
三重國小,迴龍,35,14,13.59
三重國小,丹鳳,35,14,12.19
三重國小,十四張,35,14,13.93
三重國小,秀朗橋,35,14,13.37
三重國小,景平,35,14,12.46
三重國小,中和,35,14,12.91
三重國小,橋和,35,14,13.54
三重國小,中原,35,14,13.27
三重國小,板新,35,14,11.87
三重國小,新埔民生,30,12,9.7
三重國小,幸福,30,12,9.22
三重國小,新北產業園區,30,12,10.46
三重國小,廣慈/奉天宮,30,12,11.99
迴龍,松山機場,45,18,18.15
迴龍,中山國中,40,16,16.67
迴龍,科技大樓,45,18,17.76
迴龍,六張犁,45,18,18.9
迴龍,麟光,45,18,19.72
迴龍,辛亥,50,20,21.31
迴龍,萬芳醫院,50,20,22.07
迴龍,萬芳社區,55,22,23.22
迴龍,木柵,55,22,23.73
迴龍,動物園,55,22,24.41
迴龍,大安,45,18,17.02
迴龍,大安,45,18,17.02
迴龍,忠孝復興,40,16,16.51
迴龍,忠孝復興,40,16,16.51
迴龍,南京復興,40,16,15.74
迴龍,南京復興,40,16,15.74
迴龍,大直,50,20,20.74
迴龍,劍南路,50,20,22.06
迴龍,西湖,55,22,23.35
迴龍,港墘,55,22,24.18
迴龍,文德,55,22,25.19
迴龍,內湖,55,22,26.32
迴龍,大湖公園,60,24,27.18
迴龍,葫洲,55,22,26.96
迴龍,東湖,55,22,26.11
迴龍,南港軟體園區,55,22,25.07
迴龍,南港展覽館,55,22,24.42
迴龍,南港展覽館,55,22,24.42
迴龍,台大醫院,40,16,14.4
迴龍,台北車站,35,14,13.77
迴龍,台北車站,35,14,13.77
迴龍,中山,35,14,13.45
迴龍,中山,35,14,13.45
迴龍,民權西路,35,14,12.37
迴龍,民權西路,35,14,12.37
迴龍,小碧潭,50,20,20.85
迴龍,新店,50,20,20.92
迴龍,七張,45,18,18.91
迴龍,大坪林,45,18,18.06
迴龍,大坪林,45,18,18.06
迴龍,景美,45,18,19.21
迴龍,萬隆,45,18,18.27
迴龍,公館,40,16,16.71
迴龍,台電大樓,40,16,15.81
迴龍,古亭,40,16,14.93
迴龍,中正紀念堂,35,14,14
迴龍,頂溪,40,16,16.04
迴龍,永安市場,40,16,14.71
迴龍,景安,35,14,13.63
迴龍,景安,35,14,13.63
迴龍,南勢角,40,16,14.44
迴龍,雙連,35,14,12.9
迴龍,圓山,35,14,13.4
迴龍,劍潭,40,16,14.92
迴龍,士林,40,16,16.01
迴龍,芝山,45,18,17.11
迴龍,明德,45,18,17.99
迴龍,石牌,45,18,18.59
迴龍,唭哩岸,45,18,19.85
迴龍,奇岩,50,20,20.68
迴龍,北投,50,20,21.44
迴龍,新北投,50,20,22.47
迴龍,復興崗,55,22,23.05
迴龍,忠義,55,22,24.5
迴龍,關渡,55,22,25.37
迴龍,竹圍,60,24,27.51
迴龍,紅樹林,60,24,29.42
迴龍,淡水,65,26,31.51
迴龍,西門,35,14,12.42
迴龍,象山,45,18,19.73
迴龍,台北101/世貿,45,18,19
迴龍,信義安和,45,18,18
迴龍,大安森林公園,40,16,16.23
迴龍,北門,35,14,13.23
迴龍,東門,40,16,15.56
迴龍,新店區公所,45,18,19.81
迴龍,小南門,35,14,13.24
迴龍,松江南京,40,16,14.75
迴龍,松江南京,40,16,14.75
迴龍,忠孝新生,40,16,15.39
迴龍,忠孝新生,40,16,15.39
迴龍,頂埔,40,16,16.54
迴龍,永寧,40,16,14.59
迴龍,土城,35,14,13.48
迴龍,海山,35,14,12.02
迴龍,亞東醫院,30,12,10.37
迴龍,府中,30,12,9.09
迴龍,板橋,30,12,8.44
迴龍,板橋,30,12,8.44
迴龍,新埔,25,10,7.16
迴龍,江子翠,30,12,8.03
迴龍,龍山寺,35,14,11.11
迴龍,善導寺,40,16,14.45
迴龍,忠孝敦化,45,18,17.17
迴龍,國父紀念館,45,18,17.9
迴龍,市政府,45,18,18.74
迴龍,永春,45,18,19.73
迴龍,後山埤,50,20,20.55
迴龍,昆陽,50,20,21.91
迴龍,南港,55,22,23.33
迴龍,台北小巨蛋,40,16,16.68
迴龍,南京三民,45,18,17.88
迴龍,松山,45,18,19.23
迴龍,輔大,20,8,2.77
迴龍,新莊,20,8,4.51
迴龍,頭前庄,25,10,5.53
迴龍,頭前庄,25,10,5.53
迴龍,先嗇宮,25,10,6.8
迴龍,三重,30,12,8.52
迴龍,菜寮,30,12,9.39
迴龍,台北橋,30,12,10.38
迴龍,大橋頭,35,14,11.71
迴龍,中山國小,35,14,13.08
迴龍,行天宮,40,16,14.03
迴龍,蘆洲,45,18,17.72
迴龍,三民高中,40,16,16.56
迴龍,徐匯中學,40,16,15.65
迴龍,三和國中,40,16,14.82
迴龍,三重國小,35,14,13.59
迴龍,迴龍,20,8,0
迴龍,丹鳳,20,8,1.4
迴龍,十四張,40,16,16.51
迴龍,秀朗橋,40,16,15.62
迴龍,景平,40,16,14.72
迴龍,中和,35,14,12.11
迴龍,橋和,35,14,11.48
迴龍,中原,30,12,10.74
迴龍,板新,30,12,9.33
迴龍,新埔民生,25,10,7.16
迴龍,幸福,25,10,6.68
迴龍,新北產業園區,25,10,7.92
迴龍,廣慈/奉天宮,45,18,21.1
丹鳳,松山機場,40,16,16.75
丹鳳,中山國中,40,16,15.27
丹鳳,科技大樓,40,16,16.36
丹鳳,六張犁,45,18,17.49
丹鳳,麟光,45,18,18.32
丹鳳,辛亥,45,18,19.91
丹鳳,萬芳醫院,50,20,20.67
丹鳳,萬芳社區,50,20,21.82
丹鳳,木柵,50,20,22.33
丹鳳,動物園,55,22,23.01
丹鳳,大安,40,16,15.61
丹鳳,大安,40,16,15.61
丹鳳,忠孝復興,40,16,15.11
丹鳳,忠孝復興,40,16,15.11
丹鳳,南京復興,40,16,14.34
丹鳳,南京復興,40,16,14.34
丹鳳,大直,45,18,19.33
丹鳳,劍南路,50,20,20.66
丹鳳,西湖,50,20,21.95
丹鳳,港墘,50,20,22.77
丹鳳,文德,55,22,23.79
丹鳳,內湖,55,22,24.91
丹鳳,大湖公園,55,22,25.78
丹鳳,葫洲,55,22,25.56
丹鳳,東湖,55,22,24.7
丹鳳,南港軟體園區,55,22,23.67
丹鳳,南港展覽館,55,22,23.02
丹鳳,南港展覽館,55,22,23.02
丹鳳,台大醫院,35,14,13
丹鳳,台北車站,35,14,12.37
丹鳳,台北車站,35,14,12.37
丹鳳,中山,35,14,12.05
丹鳳,中山,35,14,12.05
丹鳳,民權西路,30,12,10.97
丹鳳,民權西路,30,12,10.97
丹鳳,小碧潭,45,18,19.45
丹鳳,新店,45,18,19.52
丹鳳,七張,45,18,17.51
丹鳳,大坪林,40,16,16.66
丹鳳,大坪林,40,16,16.66
丹鳳,景美,45,18,17.81
丹鳳,萬隆,40,16,16.87
丹鳳,公館,40,16,15.31
丹鳳,台電大樓,40,16,14.41
丹鳳,古亭,35,14,13.53
丹鳳,中正紀念堂,35,14,12.6
丹鳳,頂溪,40,16,14.64
丹鳳,永安市場,35,14,13.31
丹鳳,景安,35,14,12.23
丹鳳,景安,35,14,12.23
丹鳳,南勢角,35,14,13.04
丹鳳,雙連,35,14,11.5
丹鳳,圓山,35,14,12
丹鳳,劍潭,35,14,13.52
丹鳳,士林,40,16,14.61
丹鳳,芝山,40,16,15.71
丹鳳,明德,40,16,16.59
丹鳳,石牌,45,18,17.19
丹鳳,唭哩岸,45,18,18.45
丹鳳,奇岩,45,18,19.28
丹鳳,北投,50,20,20.04
丹鳳,新北投,50,20,21.07
丹鳳,復興崗,50,20,21.65
丹鳳,忠義,55,22,23.1
丹鳳,關渡,55,22,23.97
丹鳳,竹圍,55,22,26.11
丹鳳,紅樹林,60,24,28.02
丹鳳,淡水,60,24,30.11
丹鳳,西門,35,14,11.02
丹鳳,象山,45,18,18.33
丹鳳,台北101/世貿,45,18,17.6
丹鳳,信義安和,40,16,16.6
丹鳳,大安森林公園,40,16,14.83
丹鳳,北門,35,14,11.83
丹鳳,東門,40,16,14.16
丹鳳,新店區公所,45,18,18.41
丹鳳,小南門,35,14,11.84
丹鳳,松江南京,35,14,13.35
丹鳳,松江南京,35,14,13.35
丹鳳,忠孝新生,35,14,13.99
丹鳳,忠孝新生,35,14,13.99
丹鳳,頂埔,40,16,15.14
丹鳳,永寧,35,14,13.19
丹鳳,土城,35,14,12.08
丹鳳,海山,30,12,10.61
丹鳳,亞東醫院,30,12,8.97
丹鳳,府中,25,10,7.69
丹鳳,板橋,25,10,7.04
丹鳳,板橋,25,10,7.04
丹鳳,新埔,25,10,5.76
丹鳳,江子翠,25,10,6.62
丹鳳,龍山寺,30,12,9.7
丹鳳,善導寺,35,14,13.05
丹鳳,忠孝敦化,40,16,15.77
丹鳳,國父紀念館,40,16,16.5
丹鳳,市政府,45,18,17.34
丹鳳,永春,45,18,18.33
丹鳳,後山埤,45,18,19.14
丹鳳,昆陽,50,20,20.51
丹鳳,南港,50,20,21.93
丹鳳,台北小巨蛋,40,16,15.28
丹鳳,南京三民,40,16,16.48
丹鳳,松山,45,18,17.83
丹鳳,輔大,20,8,1.37
丹鳳,新莊,20,8,3.11
丹鳳,頭前庄,20,8,4.13
丹鳳,頭前庄,20,8,4.13
丹鳳,先嗇宮,25,10,5.4
丹鳳,三重,25,10,7.12
丹鳳,菜寮,25,10,7.99
丹鳳,台北橋,30,12,8.98
丹鳳,大橋頭,30,12,10.31
丹鳳,中山國小,35,14,11.68
丹鳳,行天宮,35,14,12.63
丹鳳,蘆洲,40,16,16.32
丹鳳,三民高中,40,16,15.15
丹鳳,徐匯中學,40,16,14.25
丹鳳,三和國中,35,14,13.42
丹鳳,三重國小,35,14,12.19
丹鳳,迴龍,20,8,1.4
丹鳳,丹鳳,20,8,0
丹鳳,十四張,40,16,15.11
丹鳳,秀朗橋,40,16,14.22
丹鳳,景平,35,14,13.32
丹鳳,中和,30,12,10.71
丹鳳,橋和,30,12,10.08
丹鳳,中原,30,12,9.34
丹鳳,板新,25,10,7.93
丹鳳,新埔民生,25,10,5.76
丹鳳,幸福,25,10,5.28
丹鳳,新北產業園區,25,10,6.52
丹鳳,廣慈/奉天宮,45,18,19.7
十四張,松山機場,40,16,14.42
十四張,中山國中,35,14,12.94
十四張,科技大樓,30,12,10.88
十四張,六張犁,35,14,12.01
十四張,麟光,35,14,12.83
十四張,辛亥,40,16,14.43
十四張,萬芳醫院,40,16,15.19
十四張,萬芳社區,40,16,16.33
十四張,木柵,40,16,16.85
十四張,動物園,45,18,17.53
十四張,大安,30,12,10.13
十四張,大安,30,12,10.13
十四張,忠孝復興,30,12,11
十四張,忠孝復興,30,12,11
十四張,南京復興,35,14,12.01
十四張,南京復興,35,14,12.01
十四張,大直,45,18,17.01
十四張,劍南路,45,18,18.34
十四張,西湖,45,18,19.62
十四張,港墘,50,20,20.45
十四張,文德,50,20,21.46
十四張,內湖,50,20,22.59
十四張,大湖公園,55,22,23.07
十四張,葫洲,50,20,21.45
十四張,東湖,50,20,20.59
十四張,南港軟體園區,45,18,19.56
十四張,南港展覽館,45,18,18.91
十四張,南港展覽館,45,18,18.91
十四張,台大醫院,30,12,9.02
十四張,台北車站,30,12,9.65
十四張,台北車站,30,12,9.65
十四張,中山,30,12,10.31
十四張,中山,30,12,10.31
十四張,民權西路,35,14,11.39
十四張,民權西路,35,14,11.39
十四張,小碧潭,20,8,4.35
十四張,新店,20,8,4.41
十四張,七張,20,8,2.4
十四張,大坪林,20,8,1.55
十四張,大坪林,20,8,1.55
十四張,景美,20,8,2.7
十四張,萬隆,20,8,3.76
十四張,公館,25,10,5.32
十四張,台電大樓,25,10,6.22
十四張,古亭,25,10,7.1
十四張,中正紀念堂,30,12,8.03
十四張,頂溪,25,10,5.28
十四張,永安市場,20,8,3.95
十四張,景安,20,8,2.87
十四張,景安,20,8,2.87
十四張,南勢角,20,8,3.68
十四張,雙連,30,12,10.86
十四張,圓山,35,14,12.42
十四張,劍潭,35,14,13.94
十四張,士林,40,16,15.03
十四張,芝山,40,16,16.13
十四張,明德,45,18,17.01
十四張,石牌,45,18,17.61
十四張,唭哩岸,45,18,18.87
十四張,奇岩,45,18,19.7
十四張,北投,50,20,20.46
十四張,新北投,50,20,21.49
十四張,復興崗,50,20,22.07
十四張,忠義,55,22,23.52
十四張,關渡,55,22,24.39
十四張,竹圍,55,22,26.53
十四張,紅樹林,60,24,28.44
十四張,淡水,60,24,30.53
十四張,西門,30,12,9.61
十四張,象山,35,14,12.85
十四張,台北101/世貿,35,14,12.11
十四張,信義安和,35,14,11.12
十四張,大安森林公園,30,12,9.34
十四張,北門,30,12,10.43
十四張,東門,30,12,8.68
十四張,新店區公所,20,8,3.3
十四張,小南門,30,12,8.79
十四張,松江南京,35,14,11.02
十四張,松江南京,35,14,11.02
十四張,忠孝新生,30,12,9.88
十四張,忠孝新生,30,12,9.88
十四張,頂埔,40,16,16.17
十四張,永寧,40,16,14.22
十四張,土城,35,14,13.11
十四張,海山,35,14,11.65
十四張,亞東醫院,30,12,10
十四張,府中,30,12,8.72
十四張,板橋,30,12,8.07
十四張,板橋,30,12,8.07
十四張,新埔,30,12,9.35
十四張,江子翠,30,12,10.21
十四張,龍山寺,30,12,10.93
十四張,善導寺,30,12,10.33
十四張,忠孝敦化,35,14,11.66
十四張,國父紀念館,35,14,12.39
十四張,市政府,35,14,13.23
十四張,永春,40,16,14.22
十四張,後山埤,40,16,15.03
十四張,昆陽,40,16,16.4
十四張,南港,45,18,17.82
十四張,台北小巨蛋,35,14,12.95
十四張,南京三民,40,16,14.15
十四張,松山,40,16,15.5
十四張,輔大,35,14,13.74
十四張,新莊,35,14,12
十四張,頭前庄,30,12,10.98
十四張,頭前庄,30,12,10.98
十四張,先嗇宮,35,14,12.25
十四張,三重,35,14,13.98
十四張,菜寮,40,16,14.37
十四張,台北橋,35,14,13.38
十四張,大橋頭,35,14,12.05
十四張,中山國小,35,14,12.1
十四張,行天宮,35,14,11.82
十四張,蘆洲,45,18,18.06
十四張,三民高中,40,16,16.9
十四張,徐匯中學,40,16,16
十四張,三和國中,40,16,15.16
十四張,三重國小,35,14,13.93
十四張,迴龍,40,16,16.51
十四張,丹鳳,40,16,15.11
十四張,十四張,20,8,0
十四張,秀朗橋,20,8,0.89
十四張,景平,20,8,1.79
十四張,中和,20,8,4.4
十四張,橋和,25,10,5.03
十四張,中原,25,10,5.77
十四張,板新,25,10,7.17
十四張,新埔民生,30,12,9.35
十四張,幸福,35,14,12.14
十四張,新北產業園區,35,14,13.38
十四張,廣慈/奉天宮,35,14,14.21
秀朗橋,松山機場,35,14,13.86
秀朗橋,中山國中,35,14,12.38
秀朗橋,科技大樓,30,12,10.31
秀朗橋,六張犁,35,14,11.45
秀朗橋,麟光,35,14,12.27
秀朗橋,辛亥,35,14,13.86
秀朗橋,萬芳醫院,40,16,14.63
秀朗橋,萬芳社區,40,16,15.77
秀朗橋,木柵,40,16,16.28
秀朗橋,動物園,40,16,16.96
秀朗橋,大安,30,12,9.57
秀朗橋,大安,30,12,9.57
秀朗橋,忠孝復興,30,12,10.43
秀朗橋,忠孝復興,30,12,10.43
秀朗橋,南京復興,35,14,11.45
秀朗橋,南京復興,35,14,11.45
秀朗橋,大直,40,16,16.44
秀朗橋,劍南路,45,18,17.77
秀朗橋,西湖,45,18,19.06
秀朗橋,港墘,45,18,19.88
秀朗橋,文德,50,20,20.9
秀朗橋,內湖,50,20,22.02
秀朗橋,大湖公園,50,20,22.51
秀朗橋,葫洲,50,20,20.88
秀朗橋,東湖,50,20,20.03
秀朗橋,南港軟體園區,45,18,18.99
秀朗橋,南港展覽館,45,18,18.35
秀朗橋,南港展覽館,45,18,18.35
秀朗橋,台大醫院,30,12,8.46
秀朗橋,台北車站,30,12,9.09
秀朗橋,台北車站,30,12,9.09
秀朗橋,中山,30,12,9.75
秀朗橋,中山,30,12,9.75
秀朗橋,民權西路,30,12,10.83
秀朗橋,民權西路,30,12,10.83
秀朗橋,小碧潭,25,10,5.23
秀朗橋,新店,25,10,5.3
秀朗橋,七張,20,8,3.29
秀朗橋,大坪林,20,8,2.44
秀朗橋,大坪林,20,8,2.44
秀朗橋,景美,20,8,3.59
秀朗橋,萬隆,20,8,4.65
秀朗橋,公館,25,10,6.21
秀朗橋,台電大樓,25,10,7.11
秀朗橋,古亭,25,10,6.54
秀朗橋,中正紀念堂,25,10,7.47
秀朗橋,頂溪,20,8,4.4
秀朗橋,永安市場,20,8,3.07
秀朗橋,景安,20,8,1.99
秀朗橋,景安,20,8,1.99
秀朗橋,南勢角,20,8,2.8
秀朗橋,雙連,30,12,10.3
秀朗橋,圓山,35,14,11.86
秀朗橋,劍潭,35,14,13.38
秀朗橋,士林,40,16,14.47
秀朗橋,芝山,40,16,15.57
秀朗橋,明德,40,16,16.45
秀朗橋,石牌,45,18,17.05
秀朗橋,唭哩岸,45,18,18.31
秀朗橋,奇岩,45,18,19.14
秀朗橋,北投,45,18,19.9
秀朗橋,新北投,50,20,20.93
秀朗橋,復興崗,50,20,21.51
秀朗橋,忠義,50,20,22.96
秀朗橋,關渡,55,22,23.83
秀朗橋,竹圍,55,22,25.97
秀朗橋,紅樹林,60,24,27.88
秀朗橋,淡水,60,24,29.97
秀朗橋,西門,30,12,9.05
秀朗橋,象山,35,14,12.28
秀朗橋,台北101/世貿,35,14,11.55
秀朗橋,信義安和,30,12,10.56
秀朗橋,大安森林公園,30,12,8.78
秀朗橋,北門,30,12,9.86
秀朗橋,東門,30,12,8.11
秀朗橋,新店區公所,20,8,4.19
秀朗橋,小南門,30,12,8.23
秀朗橋,松江南京,30,12,10.46
秀朗橋,松江南京,30,12,10.46
秀朗橋,忠孝新生,30,12,9.31
秀朗橋,忠孝新生,30,12,9.31
秀朗橋,頂埔,40,16,15.28
秀朗橋,永寧,35,14,13.34
秀朗橋,土城,35,14,12.23
秀朗橋,海山,30,12,10.76
秀朗橋,亞東醫院,30,12,9.12
秀朗橋,府中,25,10,7.83
秀朗橋,板橋,25,10,7.18
秀朗橋,板橋,25,10,7.18
秀朗橋,新埔,30,12,8.46
秀朗橋,江子翠,30,12,9.33
秀朗橋,龍山寺,30,12,10.36
秀朗橋,善導寺,30,12,9.77
秀朗橋,忠孝敦化,35,14,11.1
秀朗橋,國父紀念館,35,14,11.83
秀朗橋,市政府,35,14,12.67
秀朗橋,永春,35,14,13.66
秀朗橋,後山埤,40,16,14.47
秀朗橋,昆陽,40,16,15.83
秀朗橋,南港,45,18,17.26
秀朗橋,台北小巨蛋,35,14,12.39
秀朗橋,南京三民,35,14,13.59
秀朗橋,松山,40,16,14.94
秀朗橋,輔大,35,14,12.85
秀朗橋,新莊,35,14,11.11
秀朗橋,頭前庄,30,12,10.09
秀朗橋,頭前庄,30,12,10.09
秀朗橋,先嗇宮,35,14,11.37
秀朗橋,三重,35,14,13.09
秀朗橋,菜寮,35,14,13.81
秀朗橋,台北橋,35,14,12.82
秀朗橋,大橋頭,35,14,11.49
秀朗橋,中山國小,35,14,11.54
秀朗橋,行天宮,35,14,11.26
秀朗橋,蘆洲,45,18,17.5
秀朗橋,三民高中,40,16,16.33
秀朗橋,徐匯中學,40,16,15.43
秀朗橋,三和國中,40,16,14.6
秀朗橋,三重國小,35,14,13.37
秀朗橋,迴龍,40,16,15.62
秀朗橋,丹鳳,40,16,14.22
秀朗橋,十四張,20,8,0.89
秀朗橋,秀朗橋,20,8,0
秀朗橋,景平,20,8,0.9
秀朗橋,中和,20,8,3.51
秀朗橋,橋和,20,8,4.14
秀朗橋,中原,20,8,4.88
秀朗橋,板新,25,10,6.29
秀朗橋,新埔民生,30,12,8.46
秀朗橋,幸福,35,14,11.25
秀朗橋,新北產業園區,35,14,12.49
秀朗橋,廣慈/奉天宮,35,14,13.65
景平,松山機場,35,14,12.96
景平,中山國中,35,14,11.48
景平,科技大樓,30,12,9.41
景平,六張犁,30,12,10.55
景平,麟光,35,14,11.37
景平,辛亥,35,14,12.96
景平,萬芳醫院,35,14,13.72
景平,萬芳社區,40,16,14.87
景平,木柵,40,16,15.38
景平,動物園,40,16,16.06
景平,大安,30,12,8.67
景平,大安,30,12,8.67
景平,忠孝復興,30,12,9.53
景平,忠孝復興,30,12,9.53
景平,南京復興,30,12,10.55
景平,南京復興,30,12,10.55
景平,大直,40,16,15.54
景平,劍南路,40,16,16.87
景平,西湖,45,18,18.15
景平,港墘,45,18,18.98
景平,文德,45,18,19.99
景平,內湖,50,20,21.12
景平,大湖公園,50,20,21.61
景平,葫洲,45,18,19.98
景平,東湖,45,18,19.13
景平,南港軟體園區,45,18,18.09
景平,南港展覽館,45,18,17.44
景平,南港展覽館,45,18,17.44
景平,台大醫院,25,10,7.56
景平,台北車站,30,12,8.19
景平,台北車站,30,12,8.19
景平,中山,30,12,8.85
景平,中山,30,12,8.85
景平,民權西路,30,12,9.93
景平,民權西路,30,12,9.93
景平,小碧潭,25,10,6.13
景平,新店,25,10,6.2
景平,七張,20,8,4.19
景平,大坪林,20,8,3.34
景平,大坪林,20,8,3.34
景平,景美,20,8,4.49
景平,萬隆,25,10,5.55
景平,公館,25,10,7.11
景平,台電大樓,25,10,6.52
景平,古亭,25,10,5.64
景平,中正紀念堂,25,10,6.57
景平,頂溪,20,8,3.5
景平,永安市場,20,8,2.17
景平,景安,20,8,1.09
景平,景安,20,8,1.09
景平,南勢角,20,8,1.9
景平,雙連,30,12,9.4
景平,圓山,30,12,10.96
景平,劍潭,35,14,12.48
景平,士林,35,14,13.57
景平,芝山,40,16,14.67
景平,明德,40,16,15.55
景平,石牌,40,16,16.15
景平,唭哩岸,45,18,17.41
景平,奇岩,45,18,18.24
景平,北投,45,18,19
景平,新北投,50,20,20.03
景平,復興崗,50,20,20.61
景平,忠義,50,20,22.06
景平,關渡,50,20,22.93
景平,竹圍,55,22,25.07
景平,紅樹林,55,22,26.98
景平,淡水,60,24,29.07
景平,西門,30,12,8.15
景平,象山,35,14,11.38
景平,台北101/世貿,30,12,10.65
景平,信義安和,30,12,9.65
景平,大安森林公園,25,10,7.88
景平,北門,30,12,8.96
景平,東門,25,10,7.21
景平,新店區公所,25,10,5.09
景平,小南門,25,10,7.33
景平,松江南京,30,12,9.56
景平,松江南京,30,12,9.56
景平,忠孝新生,30,12,8.41
景平,忠孝新生,30,12,8.41
景平,頂埔,40,16,14.38
景平,永寧,35,14,12.43
景平,土城,35,14,11.32
景平,海山,30,12,9.86
景平,亞東醫院,30,12,8.21
景平,府中,25,10,6.93
景平,板橋,25,10,6.28
景平,板橋,25,10,6.28
景平,新埔,25,10,7.56
景平,江子翠,30,12,8.42
景平,龍山寺,30,12,9.46
景平,善導寺,30,12,8.87
景平,忠孝敦化,30,12,10.2
景平,國父紀念館,30,12,10.93
景平,市政府,35,14,11.77
景平,永春,35,14,12.75
景平,後山埤,35,14,13.57
景平,昆陽,40,16,14.93
景平,南港,40,16,16.35
景平,台北小巨蛋,35,14,11.49
景平,南京三民,35,14,12.68
景平,松山,40,16,14.04
景平,輔大,35,14,11.95
景平,新莊,30,12,10.21
景平,頭前庄,30,12,9.19
景平,頭前庄,30,12,9.19
景平,先嗇宮,30,12,10.47
景平,三重,35,14,12.19
景平,菜寮,35,14,12.91
景平,台北橋,35,14,11.92
景平,大橋頭,30,12,10.59
景平,中山國小,30,12,10.64
景平,行天宮,30,12,10.35
景平,蘆洲,40,16,16.6
景平,三民高中,40,16,15.43
景平,徐匯中學,40,16,14.53
景平,三和國中,35,14,13.7
景平,三重國小,35,14,12.46
景平,迴龍,40,16,14.72
景平,丹鳳,35,14,13.32
景平,十四張,20,8,1.79
景平,秀朗橋,20,8,0.9
景平,景平,20,8,0
景平,中和,20,8,2.61
景平,橋和,20,8,3.24
景平,中原,20,8,3.98
景平,板新,25,10,5.39
景平,新埔民生,25,10,7.56
景平,幸福,30,12,10.35
景平,新北產業園區,35,14,11.59
景平,廣慈/奉天宮,35,14,12.75
中和,松山機場,35,14,13.4
中和,中山國中,35,14,11.92
中和,科技大樓,30,12,9.85
中和,六張犁,30,12,10.99
中和,麟光,35,14,11.81
中和,辛亥,35,14,13.4
中和,萬芳醫院,40,16,14.17
中和,萬芳社區,40,16,15.31
中和,木柵,40,16,15.82
中和,動物園,40,16,16.5
中和,大安,30,12,9.11
中和,大安,30,12,9.11
中和,忠孝復興,30,12,9.97
中和,忠孝復興,30,12,9.97
中和,南京復興,30,12,10.99
中和,南京復興,30,12,10.99
中和,大直,40,16,15.98
中和,劍南路,45,18,17.31
中和,西湖,45,18,18.6
中和,港墘,45,18,19.42
中和,文德,50,20,20.44
中和,內湖,50,20,21.56
中和,大湖公園,50,20,22.05
中和,葫洲,50,20,20.42
中和,東湖,45,18,19.57
中和,南港軟體園區,45,18,18.53
中和,南港展覽館,45,18,17.89
中和,南港展覽館,45,18,17.89
中和,台大醫院,25,10,8
中和,台北車站,30,12,8.63
中和,台北車站,30,12,8.63
中和,中山,30,12,9.29
中和,中山,30,12,9.29
中和,民權西路,30,12,10.37
中和,民權西路,30,12,10.37
中和,小碧潭,30,12,8.75
中和,新店,30,12,8.81
中和,七張,25,10,6.8
中和,大坪林,25,10,5.95
中和,大坪林,25,10,5.95
中和,景美,25,10,7.1
中和,萬隆,30,12,8.16
中和,公館,25,10,7.86
中和,台電大樓,25,10,6.96
中和,古亭,25,10,6.08
中和,中正紀念堂,25,10,7.01
中和,頂溪,20,8,3.94
中和,永安市場,20,8,2.61
中和,景安,20,8,1.53
中和,景安,20,8,1.53
中和,南勢角,20,8,2.34
中和,雙連,30,12,9.84
中和,圓山,35,14,11.4
中和,劍潭,35,14,12.92
中和,士林,40,16,14.01
中和,芝山,40,16,15.11
中和,明德,40,16,15.99
中和,石牌,40,16,16.59
中和,唭哩岸,45,18,17.85
中和,奇岩,45,18,18.68
中和,北投,45,18,19.44
中和,新北投,50,20,20.47
中和,復興崗,50,20,21.05
中和,忠義,50,20,22.5
中和,關渡,55,22,23.37
中和,竹圍,55,22,25.51
中和,紅樹林,60,24,27.42
中和,淡水,60,24,29.51
中和,西門,30,12,8.59
中和,象山,35,14,11.82
中和,台北101/世貿,35,14,11.09
中和,信義安和,30,12,10.1
中和,大安森林公園,30,12,8.32
中和,北門,30,12,9.4
中和,東門,25,10,7.65
中和,新店區公所,25,10,7.7
中和,小南門,25,10,7.77
中和,松江南京,30,12,10
中和,松江南京,30,12,10
中和,忠孝新生,30,12,8.85
中和,忠孝新生,30,12,8.85
中和,頂埔,35,14,11.77
中和,永寧,30,12,9.82
中和,土城,30,12,8.71
中和,海山,25,10,7.25
中和,亞東醫院,25,10,5.6
中和,府中,20,8,4.32
中和,板橋,20,8,3.67
中和,板橋,20,8,3.67
中和,新埔,20,8,4.95
中和,江子翠,25,10,5.81
中和,龍山寺,30,12,8.89
中和,善導寺,30,12,9.31
中和,忠孝敦化,30,12,10.64
中和,國父紀念館,35,14,11.37
中和,市政府,35,14,12.21
中和,永春,35,14,13.2
中和,後山埤,40,16,14.01
中和,昆陽,40,16,15.37
中和,南港,40,16,16.8
中和,台北小巨蛋,35,14,11.93
中和,南京三民,35,14,13.13
中和,松山,40,16,14.48
中和,輔大,30,12,9.34
中和,新莊,25,10,7.6
中和,頭前庄,25,10,6.58
中和,頭前庄,25,10,6.58
中和,先嗇宮,25,10,7.85
中和,三重,30,12,9.58
中和,菜寮,30,12,10.45
中和,台北橋,35,14,11.43
中和,大橋頭,35,14,11.03
中和,中山國小,35,14,11.08
中和,行天宮,30,12,10.8
中和,蘆洲,45,18,17.04
中和,三民高中,40,16,15.87
中和,徐匯中學,40,16,14.97
中和,三和國中,40,16,14.14
中和,三重國小,35,14,12.91
中和,迴龍,35,14,12.11
中和,丹鳳,30,12,10.71
中和,十四張,20,8,4.4
中和,秀朗橋,20,8,3.51
中和,景平,20,8,2.61
中和,中和,20,8,0
中和,橋和,20,8,0.63
中和,中原,20,8,1.37
中和,板新,20,8,2.77
中和,新埔民生,20,8,4.95
中和,幸福,25,10,7.74
中和,新北產業園區,30,12,8.98
中和,廣慈/奉天宮,35,14,13.19
橋和,松山機場,40,16,14.03
橋和,中山國中,35,14,12.55
橋和,科技大樓,30,12,10.48
橋和,六張犁,35,14,11.62
橋和,麟光,35,14,12.44
橋和,辛亥,40,16,14.03
橋和,萬芳醫院,40,16,14.8
橋和,萬芳社區,40,16,15.94
橋和,木柵,40,16,16.45
橋和,動物園,45,18,17.13
橋和,大安,30,12,9.74
橋和,大安,30,12,9.74
橋和,忠孝復興,30,12,10.6
橋和,忠孝復興,30,12,10.6
橋和,南京復興,35,14,11.62
橋和,南京復興,35,14,11.62
橋和,大直,40,16,16.61
橋和,劍南路,45,18,17.94
橋和,西湖,45,18,19.23
橋和,港墘,50,20,20.05
橋和,文德,50,20,21.07
橋和,內湖,50,20,22.19
橋和,大湖公園,50,20,22.68
橋和,葫洲,50,20,21.05
橋和,東湖,50,20,20.2
橋和,南港軟體園區,45,18,19.16
橋和,南港展覽館,45,18,18.52
橋和,南港展覽館,45,18,18.52
橋和,台大醫院,30,12,8.63
橋和,台北車站,30,12,9.26
橋和,台北車站,30,12,9.26
橋和,中山,30,12,9.92
橋和,中山,30,12,9.92
橋和,民權西路,30,12,11
橋和,民權西路,30,12,11
橋和,小碧潭,30,12,9.38
橋和,新店,30,12,9.44
橋和,七張,25,10,7.43
橋和,大坪林,25,10,6.58
橋和,大坪林,25,10,6.58
橋和,景美,25,10,7.73
橋和,萬隆,30,12,8.79
橋和,公館,30,12,8.49
橋和,台電大樓,25,10,7.59
橋和,古亭,25,10,6.71
橋和,中正紀念堂,25,10,7.64
橋和,頂溪,20,8,4.57
橋和,永安市場,20,8,3.24
橋和,景安,20,8,2.16
橋和,景安,20,8,2.16
橋和,南勢角,20,8,2.97
橋和,雙連,30,12,10.47
橋和,圓山,35,14,12.03
橋和,劍潭,35,14,13.55
橋和,士林,40,16,14.64
橋和,芝山,40,16,15.74
橋和,明德,40,16,16.62
橋和,石牌,45,18,17.22
橋和,唭哩岸,45,18,18.48
橋和,奇岩,45,18,19.31
橋和,北投,50,20,20.07
橋和,新北投,50,20,21.1
橋和,復興崗,50,20,21.68
橋和,忠義,55,22,23.13
橋和,關渡,55,22,24
橋和,竹圍,55,22,26.14
橋和,紅樹林,60,24,28.05
橋和,淡水,60,24,30.14
橋和,西門,30,12,9.22
橋和,象山,35,14,12.45
橋和,台北101/世貿,35,14,11.72
橋和,信義安和,30,12,10.73
橋和,大安森林公園,30,12,8.95
橋和,北門,30,12,10.03
橋和,東門,30,12,8.28
橋和,新店區公所,30,12,8.33
橋和,小南門,30,12,8.4
橋和,松江南京,30,12,10.63
橋和,松江南京,30,12,10.63
橋和,忠孝新生,30,12,9.48
橋和,忠孝新生,30,12,9.48
橋和,頂埔,35,14,11.14
橋和,永寧,30,12,9.19
橋和,土城,30,12,8.08
橋和,海山,25,10,6.62
橋和,亞東醫院,20,8,4.97
橋和,府中,20,8,3.69
橋和,板橋,20,8,3.04
橋和,板橋,20,8,3.04
橋和,新埔,20,8,4.32
橋和,江子翠,25,10,5.18
橋和,龍山寺,30,12,8.26
橋和,善導寺,30,12,9.94
橋和,忠孝敦化,35,14,11.27
橋和,國父紀念館,35,14,12
橋和,市政府,35,14,12.84
橋和,永春,35,14,13.83
橋和,後山埤,40,16,14.64
橋和,昆陽,40,16,16
橋和,南港,45,18,17.43
橋和,台北小巨蛋,35,14,12.56
橋和,南京三民,35,14,13.76
橋和,松山,40,16,15.11
橋和,輔大,30,12,8.71
橋和,新莊,25,10,6.97
橋和,頭前庄,25,10,5.95
橋和,頭前庄,25,10,5.95
橋和,先嗇宮,25,10,7.22
橋和,三重,30,12,8.95
橋和,菜寮,30,12,9.82
橋和,台北橋,30,12,10.8
橋和,大橋頭,35,14,11.66
橋和,中山國小,35,14,11.71
橋和,行天宮,35,14,11.43
橋和,蘆洲,45,18,17.67
橋和,三民高中,40,16,16.5
橋和,徐匯中學,40,16,15.6
橋和,三和國中,40,16,14.77
橋和,三重國小,35,14,13.54
橋和,迴龍,35,14,11.48
橋和,丹鳳,30,12,10.08
橋和,十四張,25,10,5.03
橋和,秀朗橋,20,8,4.14
橋和,景平,20,8,3.24
橋和,中和,20,8,0.63
橋和,橋和,20,8,0
橋和,中原,20,8,0.74
橋和,板新,20,8,2.14
橋和,新埔民生,20,8,4.32
橋和,幸福,25,10,7.11
橋和,新北產業園區,30,12,8.35
橋和,廣慈/奉天宮,35,14,13.82
中原,松山機場,40,16,14.77
中原,中山國中,35,14,13.29
中原,科技大樓,35,14,11.22
中原,六張犁,35,14,12.36
中原,麟光,35,14,13.18
中原,辛亥,40,16,14.77
中原,萬芳醫院,40,16,15.53
中原,萬芳社區,40,16,16.68
中原,木柵,45,18,17.19
中原,動物園,45,18,17.87
中原,大安,30,12,10.48
中原,大安,30,12,10.48
中原,忠孝復興,35,14,11.34
中原,忠孝復興,35,14,11.34
中原,南京復興,35,14,12.36
中原,南京復興,35,14,12.36
中原,大直,45,18,17.35
中原,劍南路,45,18,18.68
中原,西湖,45,18,19.96
中原,港墘,50,20,20.79
中原,文德,50,20,21.8
中原,內湖,50,20,22.93
中原,大湖公園,55,22,23.42
中原,葫洲,50,20,21.79
中原,東湖,50,20,20.94
中原,南港軟體園區,45,18,19.9
中原,南港展覽館,45,18,19.25
中原,南港展覽館,45,18,19.25
中原,台大醫院,30,12,9.37
中原,台北車站,30,12,10
中原,台北車站,30,12,10
中原,中山,30,12,10.66
中原,中山,30,12,10.66
中原,民權西路,35,14,11.74
中原,民權西路,35,14,11.74
中原,小碧潭,30,12,10.11
中原,新店,30,12,10.18
中原,七張,30,12,8.17
中原,大坪林,25,10,7.32
中原,大坪林,25,10,7.32
中原,景美,30,12,8.47
中原,萬隆,30,12,9.53
中原,公館,30,12,9.23
中原,台電大樓,30,12,8.33
中原,古亭,25,10,7.45
中原,中正紀念堂,30,12,8.38
中原,頂溪,25,10,5.31
中原,永安市場,20,8,3.98
中原,景安,20,8,2.9
中原,景安,20,8,2.9
中原,南勢角,20,8,3.71
中原,雙連,35,14,11.21
中原,圓山,35,14,12.77
中原,劍潭,40,16,14.29
中原,士林,40,16,15.38
中原,芝山,40,16,16.48
中原,明德,45,18,17.36
中原,石牌,45,18,17.96
中原,唭哩岸,45,18,19.22
中原,奇岩,50,20,20.05
中原,北投,50,20,20.81
中原,新北投,50,20,21.84
中原,復興崗,50,20,22.42
中原,忠義,55,22,23.87
中原,關渡,55,22,24.74
中原,竹圍,55,22,26.88
中原,紅樹林,60,24,28.79
中原,淡水,60,24,30.88
中原,西門,30,12,8.84
中原,象山,35,14,13.19
中原,台北101/世貿,35,14,12.46
中原,信義安和,35,14,11.46
中原,大安森林公園,30,12,9.69
中原,北門,30,12,9.65
中原,東門,30,12,9.02
中原,新店區公所,30,12,9.07
中原,小南門,30,12,9.14
中原,松江南京,35,14,11.37
中原,松江南京,35,14,11.37
中原,忠孝新生,30,12,10.22
中原,忠孝新生,30,12,10.22
中原,頂埔,30,12,10.4
中原,永寧,30,12,8.45
中原,土城,25,10,7.34
中原,海山,25,10,5.88
中原,亞東醫院,20,8,4.23
中原,府中,20,8,2.95
中原,板橋,20,8,2.3
中原,板橋,20,8,2.3
中原,新埔,20,8,3.58
中原,江子翠,20,8,4.44
中原,龍山寺,25,10,7.52
中原,善導寺,30,12,10.68
中原,忠孝敦化,35,14,12.01
中原,國父紀念館,35,14,12.74
中原,市政府,35,14,13.58
中原,永春,40,16,14.56
中原,後山埤,40,16,15.38
中原,昆陽,40,16,16.74
中原,南港,45,18,18.16
中原,台北小巨蛋,35,14,13.3
中原,南京三民,40,16,14.49
中原,松山,40,16,15.85
中原,輔大,25,10,7.97
中原,新莊,25,10,6.23
中原,頭前庄,25,10,5.21
中原,頭前庄,25,10,5.21
中原,先嗇宮,25,10,6.49
中原,三重,30,12,8.21
中原,菜寮,30,12,9.08
中原,台北橋,30,12,10.07
中原,大橋頭,35,14,11.4
中原,中山國小,35,14,12.45
中原,行天宮,35,14,12.16
中原,蘆洲,45,18,17.41
中原,三民高中,40,16,16.24
中原,徐匯中學,40,16,15.34
中原,三和國中,40,16,14.51
中原,三重國小,35,14,13.27
中原,迴龍,30,12,10.74
中原,丹鳳,30,12,9.34
中原,十四張,25,10,5.77
中原,秀朗橋,20,8,4.88
中原,景平,20,8,3.98
中原,中和,20,8,1.37
中原,橋和,20,8,0.74
中原,中原,20,8,0
中原,板新,20,8,1.41
中原,新埔民生,20,8,3.58
中原,幸福,25,10,6.37
中原,新北產業園區,25,10,7.61
中原,廣慈/奉天宮,35,14,14.56
板新,松山機場,40,16,14.14
板新,中山國中,35,14,12.66
板新,科技大樓,35,14,12.63
板新,六張犁,35,14,13.76
板新,麟光,40,16,14.58
板新,辛亥,40,16,16.18
板新,萬芳醫院,40,16,16.94
板新,萬芳社區,45,18,18.08
板新,木柵,45,18,18.6
板新,動物園,45,18,19.28
板新,大安,35,14,11.88
板新,大安,35,14,11.88
板新,忠孝復興,35,14,11.52
板新,忠孝復興,35,14,11.52
板新,南京復興,35,14,11.73
板新,南京復興,35,14,11.73
板新,大直,40,16,16.72
板新,劍南路,45,18,18.05
板新,西湖,45,18,19.33
板新,港墘,50,20,20.16
板新,文德,50,20,21.17
板新,內湖,50,20,22.3
板新,大湖公園,55,22,23.17
板新,葫洲,50,20,21.97
板新,東湖,50,20,21.12
板新,南港軟體園區,50,20,20.08
板新,南港展覽館,45,18,19.43
板新,南港展覽館,45,18,19.43
板新,台大醫院,30,12,9.41
板新,台北車站,30,12,8.78
板新,台北車站,30,12,8.78
板新,中山,30,12,9.44
板新,中山,30,12,9.44
板新,民權西路,30,12,10.52
板新,民權西路,30,12,10.52
板新,小碧潭,35,14,11.52
板新,新店,35,14,11.59
板新,七張,30,12,9.58
板新,大坪林,30,12,8.73
板新,大坪林,30,12,8.73
板新,景美,30,12,9.88
板新,萬隆,30,12,10.94
板新,公館,30,12,10.63
板新,台電大樓,30,12,9.73
板新,古亭,30,12,8.85
板新,中正紀念堂,30,12,9.01
板新,頂溪,25,10,6.71
板新,永安市場,25,10,5.38
板新,景安,20,8,4.3
板新,景安,20,8,4.3
板新,南勢角,25,10,5.11
板新,雙連,30,12,9.99
板新,圓山,35,14,11.55
板新,劍潭,35,14,13.07
板新,士林,40,16,14.16
板新,芝山,40,16,15.26
板新,明德,40,16,16.14
板新,石牌,40,16,16.74
板新,唭哩岸,45,18,18
板新,奇岩,45,18,18.83
板新,北投,45,18,19.59
板新,新北投,50,20,20.62
板新,復興崗,50,20,21.2
板新,忠義,50,20,22.65
板新,關渡,55,22,23.52
板新,竹圍,55,22,25.66
板新,紅樹林,60,24,27.57
板新,淡水,60,24,29.66
板新,西門,25,10,7.43
板新,象山,40,16,14.6
板新,台北101/世貿,35,14,13.86
板新,信義安和,35,14,12.87
板新,大安森林公園,35,14,11.09
板新,北門,30,12,8.24
板新,東門,30,12,10.43
板新,新店區公所,30,12,10.48
板新,小南門,30,12,8.25
板新,松江南京,30,12,10.74
板新,松江南京,30,12,10.74
板新,忠孝新生,30,12,10.4
板新,忠孝新生,30,12,10.4
板新,頂埔,30,12,9
板新,永寧,25,10,7.05
板新,土城,25,10,5.94
板新,海山,20,8,4.47
板新,亞東醫院,20,8,2.83
板新,府中,20,8,1.55
板新,板橋,20,8,0.89
板新,板橋,20,8,0.89
板新,新埔,20,8,2.17
板新,江子翠,20,8,3.04
板新,龍山寺,25,10,6.12
板新,善導寺,30,12,9.46
板新,忠孝敦化,35,14,12.19
板新,國父紀念館,35,14,12.91
板新,市政府,35,14,13.76
板新,永春,40,16,14.74
板新,後山埤,40,16,15.56
板新,昆陽,40,16,16.92
板新,南港,45,18,18.34
板新,台北小巨蛋,35,14,12.67
板新,南京三民,35,14,13.86
板新,松山,40,16,15.22
板新,輔大,25,10,6.56
板新,新莊,20,8,4.82
板新,頭前庄,20,8,3.81
板新,頭前庄,20,8,3.81
板新,先嗇宮,25,10,5.08
板新,三重,25,10,6.8
板新,菜寮,25,10,7.67
板新,台北橋,30,12,8.66
板新,大橋頭,30,12,9.99
板新,中山國小,35,14,11.23
板新,行天宮,35,14,11.53
板新,蘆洲,40,16,16
板新,三民高中,40,16,14.84
板新,徐匯中學,35,14,13.93
板新,三和國中,35,14,13.1
板新,三重國小,35,14,11.87
板新,迴龍,30,12,9.33
板新,丹鳳,25,10,7.93
板新,十四張,25,10,7.17
板新,秀朗橋,25,10,6.29
板新,景平,25,10,5.39
板新,中和,20,8,2.77
板新,橋和,20,8,2.14
板新,中原,20,8,1.41
板新,板新,20,8,0
板新,新埔民生,20,8,2.17
板新,幸福,20,8,4.96
板新,新北產業園區,25,10,6.2
板新,廣慈/奉天宮,40,16,15.96
新埔民生,松山機場,35,14,11.96
新埔民生,中山國中,30,12,10.49
新埔民生,科技大樓,30,12,10.6
新埔民生,六張犁,35,14,11.74
新埔民生,麟光,35,14,12.56
新埔民生,辛亥,40,16,14.15
新埔民生,萬芳醫院,40,16,14.91
新埔民生,萬芳社區,40,16,16.06
新埔民生,木柵,40,16,16.57
新埔民生,動物園,45,18,17.25
新埔民生,大安,30,12,9.86
新埔民生,大安,30,12,9.86
新埔民生,忠孝復興,30,12,9.35
新埔民生,忠孝復興,30,12,9.35
新埔民生,南京復興,30,12,9.56
新埔民生,南京復興,30,12,9.56
新埔民生,大直,40,16,14.55
新埔民生,劍南路,40,16,15.88
新埔民生,西湖,45,18,17.16
新埔民生,港墘,45,18,17.99
新埔民生,文德,45,18,19
新埔民生,內湖,50,20,20.13
新埔民生,大湖公園,50,20,21
新埔民生,葫洲,45,18,19.8
新埔民生,東湖,45,18,18.95
新埔民生,南港軟體園區,45,18,17.91
新埔民生,南港展覽館,45,18,17.26
新埔民生,南港展覽館,45,18,17.26
新埔民生,台大醫院,25,10,7.24
新埔民生,台北車站,25,10,6.61
新埔民生,台北車站,25,10,6.61
新埔民生,中山,25,10,7.27
新埔民生,中山,25,10,7.27
新埔民生,民權西路,30,12,8.35
新埔民生,民權西路,30,12,8.35
新埔民生,小碧潭,35,14,13.69
新埔民生,新店,35,14,13.76
新埔民生,七張,35,14,11.75
新埔民生,大坪林,30,12,10.9
新埔民生,大坪林,30,12,10.9
新埔民生,景美,35,14,12.05
新埔民生,萬隆,35,14,11.11
新埔民生,公館,30,12,9.55
新埔民生,台電大樓,30,12,8.65
新埔民生,古亭,25,10,7.77
新埔民生,中正紀念堂,25,10,6.84
新埔民生,頂溪,30,12,8.88
新埔民生,永安市場,25,10,7.55
新埔民生,景安,25,10,6.47
新埔民生,景安,25,10,6.47
新埔民生,南勢角,25,10,7.28
新埔民生,雙連,25,10,7.82
新埔民生,圓山,30,12,9.38
新埔民生,劍潭,30,12,10.9
新埔民生,士林,35,14,11.99
新埔民生,芝山,35,14,13.09
新埔民生,明德,35,14,13.97
新埔民生,石牌,40,16,14.57
新埔民生,唭哩岸,40,16,15.83
新埔民生,奇岩,40,16,16.66
新埔民生,北投,45,18,17.42
新埔民生,新北投,45,18,18.45
新埔民生,復興崗,45,18,19.03
新埔民生,忠義,50,20,20.48
新埔民生,關渡,50,20,21.35
新埔民生,竹圍,55,22,23.49
新埔民生,紅樹林,55,22,25.4
新埔民生,淡水,60,24,27.49
新埔民生,西門,25,10,5.26
新埔民生,象山,35,14,12.57
新埔民生,台北101/世貿,35,14,11.84
新埔民生,信義安和,30,12,10.84
新埔民生,大安森林公園,30,12,9.07
新埔民生,北門,25,10,6.07
新埔民生,東門,30,12,8.4
新埔民生,新店區公所,35,14,12.65
新埔民生,小南門,25,10,6.08
新埔民生,松江南京,30,12,8.56
新埔民生,松江南京,30,12,8.56
新埔民生,忠孝新生,30,12,8.23
新埔民生,忠孝新生,30,12,8.23
新埔民生,頂埔,30,12,9.38
新埔民生,永寧,25,10,7.43
新埔民生,土城,25,10,6.32
新埔民生,海山,20,8,4.86
新埔民生,亞東醫院,20,8,3.21
新埔民生,府中,20,8,1.93
新埔民生,板橋,20,8,1.28
新埔民生,板橋,20,8,1.28
新埔民生,新埔,20,8,0
新埔民生,江子翠,20,8,0.87
新埔民生,龍山寺,20,8,3.95
新埔民生,善導寺,25,10,7.29
新埔民生,忠孝敦化,30,12,10.01
新埔民生,國父紀念館,30,12,10.74
新埔民生,市政府,35,14,11.58
新埔民生,永春,35,14,12.57
新埔民生,後山埤,35,14,13.39
新埔民生,昆陽,40,16,14.75
新埔民生,南港,40,16,16.17
新埔民生,台北小巨蛋,30,12,10.49
新埔民生,南京三民,35,14,11.69
新埔民生,松山,35,14,13.04
新埔民生,輔大,20,8,4.39
新埔民生,新莊,20,8,2.65
新埔民生,頭前庄,20,8,1.63
新埔民生,頭前庄,20,8,1.63
新埔民生,先嗇宮,20,8,2.91
新埔民生,三重,20,8,4.63
新埔民生,菜寮,25,10,5.5
新埔民生,台北橋,25,10,6.49
新埔民生,大橋頭,25,10,7.82
新埔民生,中山國小,30,12,9.06
新埔民生,行天宮,30,12,9.36
新埔民生,蘆洲,35,14,13.83
新埔民生,三民高中,35,14,12.66
新埔民生,徐匯中學,35,14,11.76
新埔民生,三和國中,30,12,10.93
新埔民生,三重國小,30,12,9.7
新埔民生,迴龍,25,10,7.16
新埔民生,丹鳳,25,10,5.76
新埔民生,十四張,30,12,9.35
新埔民生,秀朗橋,30,12,8.46
新埔民生,景平,25,10,7.56
新埔民生,中和,20,8,4.95
新埔民生,橋和,20,8,4.32
新埔民生,中原,20,8,3.58
新埔民生,板新,20,8,2.17
新埔民生,新埔民生,20,8,0
新埔民生,幸福,20,8,2.79
新埔民生,新北產業園區,20,8,4.03
新埔民生,廣慈/奉天宮,35,14,13.94
幸福,松山機場,35,14,13.78
幸福,中山國中,35,14,12.3
幸福,科技大樓,35,14,13.39
幸福,六張犁,40,16,14.52
幸福,麟光,40,16,15.35
幸福,辛亥,40,16,16.94
幸福,萬芳醫院,45,18,17.7
幸福,萬芳社區,45,18,18.85
幸福,木柵,45,18,19.36
幸福,動物園,50,20,20.04
幸福,大安,35,14,12.64
幸福,大安,35,14,12.64
幸福,忠孝復興,35,14,12.14
幸福,忠孝復興,35,14,12.14
幸福,南京復興,35,14,11.37
幸福,南京復興,35,14,11.37
幸福,大直,40,16,16.36
幸福,劍南路,45,18,17.69
幸福,西湖,45,18,18.98
幸福,港墘,45,18,19.8
幸福,文德,50,20,20.82
幸福,內湖,50,20,21.94
幸福,大湖公園,50,20,22.81
幸福,葫洲,50,20,22.59
幸福,東湖,50,20,21.73
幸福,南港軟體園區,50,20,20.7
幸福,南港展覽館,50,20,20.05
幸福,南港展覽館,50,20,20.05
幸福,台大醫院,30,12,10.03
幸福,台北車站,30,12,9.4
幸福,台北車站,30,12,9.4
幸福,中山,30,12,9.08
幸福,中山,30,12,9.08
幸福,民權西路,30,12,8.01
幸福,民權西路,30,12,8.01
幸福,小碧潭,40,16,16.48
幸福,新店,40,16,16.55
幸福,七張,40,16,14.54
幸福,大坪林,35,14,13.69
幸福,大坪林,35,14,13.69
幸福,景美,40,16,14.84
幸福,萬隆,35,14,13.9
幸福,公館,35,14,12.34
幸福,台電大樓,35,14,11.44
幸福,古亭,30,12,10.56
幸福,中正紀念堂,30,12,9.63
幸福,頂溪,35,14,11.67
幸福,永安市場,30,12,10.34
幸福,景安,30,12,9.26
幸福,景安,30,12,9.26
幸福,南勢角,30,12,10.07
幸福,雙連,30,12,8.53
幸福,圓山,30,12,9.03
幸福,劍潭,30,12,10.55
幸福,士林,35,14,11.64
幸福,芝山,35,14,12.74
幸福,明德,35,14,13.62
幸福,石牌,40,16,14.22
幸福,唭哩岸,40,16,15.48
幸福,奇岩,40,16,16.31
幸福,北投,45,18,17.07
幸福,新北投,45,18,18.1
幸福,復興崗,45,18,18.68
幸福,忠義,50,20,20.13
幸福,關渡,50,20,21
幸福,竹圍,55,22,23.14
幸福,紅樹林,55,22,25.05
幸福,淡水,60,24,27.14
幸福,西門,30,12,8.05
幸福,象山,40,16,15.36
幸福,台北101/世貿,40,16,14.63
幸福,信義安和,35,14,13.63
幸福,大安森林公園,35,14,11.86
幸福,北門,30,12,8.86
幸福,東門,35,14,11.19
幸福,新店區公所,40,16,15.44
幸福,小南門,30,12,8.87
幸福,松江南京,30,12,10.38
幸福,松江南京,30,12,10.38
幸福,忠孝新生,35,14,11.02
幸福,忠孝新生,35,14,11.02
幸福,頂埔,35,14,12.17
幸福,永寧,30,12,10.22
幸福,土城,30,12,9.11
幸福,海山,25,10,7.64
幸福,亞東醫院,25,10,6
幸福,府中,20,8,4.72
幸福,板橋,20,8,4.07
幸福,板橋,20,8,4.07
幸福,新埔,20,8,2.79
幸福,江子翠,20,8,3.65
幸福,龍山寺,25,10,6.73
幸福,善導寺,30,12,10.08
幸福,忠孝敦化,35,14,12.8
幸福,國父紀念館,35,14,13.53
幸福,市政府,40,16,14.37
幸福,永春,40,16,15.36
幸福,後山埤,40,16,16.17
幸福,昆陽,45,18,17.54
幸福,南港,45,18,18.96
幸福,台北小巨蛋,35,14,12.31
幸福,南京三民,35,14,13.51
幸福,松山,40,16,14.86
幸福,輔大,20,8,3.91
幸福,新莊,20,8,2.17
幸福,頭前庄,20,8,1.16
幸福,頭前庄,20,8,1.16
幸福,先嗇宮,20,8,2.43
幸福,三重,20,8,4.15
幸福,菜寮,25,10,5.02
幸福,台北橋,25,10,6.01
幸福,大橋頭,25,10,7.34
幸福,中山國小,30,12,8.71
幸福,行天宮,30,12,9.66
幸福,蘆洲,35,14,13.35
幸福,三民高中,35,14,12.18
幸福,徐匯中學,35,14,11.28
幸福,三和國中,30,12,10.45
幸福,三重國小,30,12,9.22
幸福,迴龍,25,10,6.68
幸福,丹鳳,25,10,5.28
幸福,十四張,35,14,12.14
幸福,秀朗橋,35,14,11.25
幸福,景平,30,12,10.35
幸福,中和,25,10,7.74
幸福,橋和,25,10,7.11
幸福,中原,25,10,6.37
幸福,板新,20,8,4.96
幸福,新埔民生,20,8,2.79
幸福,幸福,20,8,0
幸福,新北產業園區,20,8,1.24
幸福,廣慈/奉天宮,40,16,16.73
新北產業園區,松山機場,40,16,15.02
新北產業園區,中山國中,35,14,13.54
新北產業園區,科技大樓,40,16,14.63
新北產業園區,六張犁,40,16,15.77
新北產業園區,麟光,40,16,16.59
新北產業園區,辛亥,45,18,18.18
新北產業園區,萬芳醫院,45,18,18.95
新北產業園區,萬芳社區,50,20,20.09
新北產業園區,木柵,50,20,20.6
新北產業園區,動物園,50,20,21.28
新北產業園區,大安,35,14,13.89
新北產業園區,大安,35,14,13.89
新北產業園區,忠孝復興,35,14,13.38
新北產業園區,忠孝復興,35,14,13.38
新北產業園區,南京復興,35,14,12.61
新北產業園區,南京復興,35,14,12.61
新北產業園區,大直,45,18,17.61
新北產業園區,劍南路,45,18,18.93
新北產業園區,西湖,50,20,20.22
新北產業園區,港墘,50,20,21.05
新北產業園區,文德,50,20,22.06
新北產業園區,內湖,55,22,23.19
新北產業園區,大湖公園,55,22,24.05
新北產業園區,葫洲,55,22,23.83
新北產業園區,東湖,50,20,22.98
新北產業園區,南港軟體園區,50,20,21.94
新北產業園區,南港展覽館,50,20,21.29
新北產業園區,南港展覽館,50,20,21.29
新北產業園區,台大醫院,35,14,11.27
新北產業園區,台北車站,30,12,10.64
新北產業園區,台北車站,30,12,10.64
新北產業園區,中山,30,12,10.32
新北產業園區,中山,30,12,10.32
新北產業園區,民權西路,30,12,9.24
新北產業園區,民權西路,30,12,9.24
新北產業園區,小碧潭,45,18,17.72
新北產業園區,新店,45,18,17.79
新北產業園區,七張,40,16,15.78
新北產業園區,大坪林,40,16,14.93
新北產業園區,大坪林,40,16,14.93
新北產業園區,景美,40,16,16.08
新北產業園區,萬隆,40,16,15.14
新北產業園區,公館,35,14,13.58
新北產業園區,台電大樓,35,14,12.68
新北產業園區,古亭,35,14,11.8
新北產業園區,中正紀念堂,30,12,10.87
新北產業園區,頂溪,35,14,12.91
新北產業園區,永安市場,35,14,11.58
新北產業園區,景安,30,12,10.5
新北產業園區,景安,30,12,10.5
新北產業園區,南勢角,35,14,11.31
新北產業園區,雙連,30,12,9.77
新北產業園區,圓山,30,12,10.27
新北產業園區,劍潭,35,14,11.79
新北產業園區,士林,35,14,12.88
新北產業園區,芝山,35,14,13.98
新北產業園區,明德,40,16,14.86
新北產業園區,石牌,40,16,15.46
新北產業園區,唭哩岸,40,16,16.72
新北產業園區,奇岩,45,18,17.55
新北產業園區,北投,45,18,18.31
新北產業園區,新北投,45,18,19.34
新北產業園區,復興崗,45,18,19.92
新北產業園區,忠義,50,20,21.37
新北產業園區,關渡,50,20,22.24
新北產業園區,竹圍,55,22,24.38
新北產業園區,紅樹林,55,22,26.29
新北產業園區,淡水,60,24,28.38
新北產業園區,西門,30,12,9.29
新北產業園區,象山,40,16,16.6
新北產業園區,台北101/世貿,40,16,15.87
新北產業園區,信義安和,40,16,14.87
新北產業園區,大安森林公園,35,14,13.1
新北產業園區,北門,30,12,10.1
新北產業園區,東門,35,14,12.43
新北產業園區,新店區公所,40,16,16.68
新北產業園區,小南門,30,12,10.11
新北產業園區,松江南京,35,14,11.62
新北產業園區,松江南京,35,14,11.62
新北產業園區,忠孝新生,35,14,12.26
新北產業園區,忠孝新生,35,14,12.26
新北產業園區,頂埔,35,14,13.41
新北產業園區,永寧,35,14,11.46
新北產業園區,土城,30,12,10.35
新北產業園區,海山,30,12,8.89
新北產業園區,亞東醫院,25,10,7.24
新北產業園區,府中,25,10,5.96
新北產業園區,板橋,25,10,5.31
新北產業園區,板橋,25,10,5.31
新北產業園區,新埔,20,8,4.03
新北產業園區,江子翠,20,8,4.9
新北產業園區,龍山寺,25,10,7.98
新北產業園區,善導寺,35,14,11.32
新北產業園區,忠孝敦化,40,16,14.05
新北產業園區,國父紀念館,40,16,14.77
新北產業園區,市政府,40,16,15.62
新北產業園區,永春,40,16,16.6
新北產業園區,後山埤,45,18,17.42
新北產業園區,昆陽,45,18,18.78
新北產業園區,南港,50,20,20.2
新北產業園區,台北小巨蛋,35,14,13.55
新北產業園區,南京三民,40,16,14.75
新北產業園區,松山,40,16,16.1
新北產業園區,輔大,25,10,5.15
新北產業園區,新莊,20,8,3.42
新北產業園區,頭前庄,20,8,2.4
新北產業園區,頭前庄,20,8,2.4
新北產業園區,先嗇宮,20,8,3.67
新北產業園區,三重,25,10,5.39
新北產業園區,菜寮,25,10,6.26
新北產業園區,台北橋,25,10,7.25
新北產業園區,大橋頭,30,12,8.58
新北產業園區,中山國小,30,12,9.95
新北產業園區,行天宮,30,12,10.9
新北產業園區,蘆洲,40,16,14.59
新北產業園區,三民高中,35,14,13.43
新北產業園區,徐匯中學,35,14,12.53
新北產業園區,三和國中,35,14,11.69
新北產業園區,三重國小,30,12,10.46
新北產業園區,迴龍,25,10,7.92
新北產業園區,丹鳳,25,10,6.52
新北產業園區,十四張,35,14,13.38
新北產業園區,秀朗橋,35,14,12.49
新北產業園區,景平,35,14,11.59
新北產業園區,中和,30,12,8.98
新北產業園區,橋和,30,12,8.35
新北產業園區,中原,25,10,7.61
新北產業園區,板新,25,10,6.2
新北產業園區,新埔民生,20,8,4.03
新北產業園區,幸福,20,8,1.24
新北產業園區,新北產業園區,20,8,0
新北產業園區,廣慈/奉天宮,40,16,17.97
廣慈/奉天宮,松山機場,25,10,8.65
廣慈/奉天宮,中山國中,25,10,7.17
廣慈/奉天宮,科技大樓,20,8,4.83
廣慈/奉天宮,六張犁,20,8,5.96
廣慈/奉天宮,麟光,25,10,6.78
廣慈/奉天宮,辛亥,25,10,8.38
廣慈/奉天宮,萬芳醫院,25,10,9.14
廣慈/奉天宮,萬芳社區,30,12,10.28
廣慈/奉天宮,木柵,30,12,10.8
廣慈/奉天宮,動物園,30,12,11.48
廣慈/奉天宮,大安,20,8,4.08
廣慈/奉天宮,大安,20,8,4.08
廣慈/奉天宮,忠孝復興,20,8,4.97
廣慈/奉天宮,忠孝復興,20,8,4.97
廣慈/奉天宮,南京復興,20,8,6.24
廣慈/奉天宮,南京復興,20,8,6.24
廣慈/奉天宮,大直,30,12,11.24
廣慈/奉天宮,劍南路,35,14,12.57
廣慈/奉天宮,西湖,35,14,13.85
廣慈/奉天宮,港墘,35,14,14.68
廣慈/奉天宮,文德,40,16,15.69
廣慈/奉天宮,內湖,40,16,16.82
廣慈/奉天宮,大湖公園,40,16,17.05
廣慈/奉天宮,葫洲,40,16,15.43
廣慈/奉天宮,東湖,35,14,14.57
廣慈/奉天宮,南港軟體園區,35,14,13.53
廣慈/奉天宮,南港展覽館,35,14,12.89
廣慈/奉天宮,南港展覽館,35,14,12.89
廣慈/奉天宮,台大醫院,25,10,8.09
廣慈/奉天宮,台北車站,25,10,7.71
廣慈/奉天宮,台北車站,25,10,7.71
廣慈/奉天宮,中山,25,10,8.37
廣慈/奉天宮,中山,25,10,8.37
廣慈/奉天宮,民權西路,30,12,9.45
廣慈/奉天宮,民權西路,30,12,9.45
廣慈/奉天宮,小碧潭,40,16,15.46
廣慈/奉天宮,新店,40,16,15.52
廣慈/奉天宮,七張,35,14,13.51
廣慈/奉天宮,大坪林,35,14,12.66
廣慈/奉天宮,大坪林,35,14,12.66
廣慈/奉天宮,景美,30,12,11.51
廣慈/奉天宮,萬隆,30,12,10.45
廣慈/奉天宮,公館,25,10,8.89
廣慈/奉天宮,台電大樓,25,10,7.99
廣慈/奉天宮,古亭,25,10,7.11
廣慈/奉天宮,中正紀念堂,25,10,7.1
廣慈/奉天宮,頂溪,25,10,9.25
廣慈/奉天宮,永安市場,30,12,10.58
廣慈/奉天宮,景安,30,12,11.66
廣慈/奉天宮,景安,30,12,11.66
廣慈/奉天宮,南勢角,35,14,12.47
廣慈/奉天宮,雙連,25,10,8.92
廣慈/奉天宮,圓山,30,12,10.48
廣慈/奉天宮,劍潭,30,12,12
廣慈/奉天宮,士林,35,14,13.09
廣慈/奉天宮,芝山,35,14,14.19
廣慈/奉天宮,明德,35,14,15.07
廣慈/奉天宮,石牌,40,16,15.67
廣慈/奉天宮,唭哩岸,40,16,16.93
廣慈/奉天宮,奇岩,40,16,17.76
廣慈/奉天宮,北投,45,18,18.52
廣慈/奉天宮,新北投,45,18,19.55
廣慈/奉天宮,復興崗,45,18,20.13
廣慈/奉天宮,忠義,50,20,21.58
廣慈/奉天宮,關渡,50,20,22.45
廣慈/奉天宮,竹圍,55,22,24.59
廣慈/奉天宮,紅樹林,55,22,26.5
廣慈/奉天宮,淡水,60,24,28.59
廣慈/奉天宮,西門,25,10,8.68
廣慈/奉天宮,象山,0,0,1.36
廣慈/奉天宮,台北101/世貿,20,8,2.1
廣慈/奉天宮,信義安和,20,8,3.09
廣慈/奉天宮,大安森林公園,20,8,4.87
廣慈/奉天宮,北門,30,12,9.49
廣慈/奉天宮,東門,20,8,5.54
廣慈/奉天宮,新店區公所,35,14,14.41
廣慈/奉天宮,小南門,25,10,7.86
廣慈/奉天宮,松江南京,25,10,7.23
廣慈/奉天宮,松江南京,25,10,7.23
廣慈/奉天宮,忠孝新生,20,8,6.09
廣慈/奉天宮,忠孝新生,20,8,6.09
廣慈/奉天宮,頂埔,50,20,23.32
廣慈/奉天宮,永寧,50,20,21.37
廣慈/奉天宮,土城,45,18,20.26
廣慈/奉天宮,海山,45,18,18.79
廣慈/奉天宮,亞東醫院,40,16,17.15
廣慈/奉天宮,府中,40,16,15.87
廣慈/奉天宮,板橋,35,14,15.21
廣慈/奉天宮,板橋,35,14,15.21
廣慈/奉天宮,新埔,35,14,13.94
廣慈/奉天宮,江子翠,35,14,13.07
廣慈/奉天宮,龍山寺,30,12,9.99
廣慈/奉天宮,善導寺,25,10,7.03
廣慈/奉天宮,忠孝敦化,20,8,5.64
廣慈/奉天宮,國父紀念館,25,10,6.37
廣慈/奉天宮,市政府,25,10,7.21
廣慈/奉天宮,永春,25,10,8.2
廣慈/奉天宮,後山埤,25,10,9.01
廣慈/奉天宮,昆陽,30,12,10.37
廣慈/奉天宮,南港,30,12,11.8
廣慈/奉天宮,台北小巨蛋,25,10,7.18
廣慈/奉天宮,南京三民,25,10,8.38
廣慈/奉天宮,松山,30,12,9.73
廣慈/奉天宮,輔大,40,16,18.33
廣慈/奉天宮,新莊,40,16,16.59
廣慈/奉天宮,頭前庄,40,16,15.57
廣慈/奉天宮,頭前庄,40,16,15.57
廣慈/奉天宮,先嗇宮,35,14,15.03
廣慈/奉天宮,三重,35,14,13.3
廣慈/奉天宮,菜寮,35,14,12.44
廣慈/奉天宮,台北橋,30,12,11.45
廣慈/奉天宮,大橋頭,30,12,10.12
廣慈/奉天宮,中山國小,25,10,8.98
廣慈/奉天宮,行天宮,25,10,8.03
廣慈/奉天宮,蘆洲,40,16,16.13
廣慈/奉天宮,三民高中,35,14,14.96
廣慈/奉天宮,徐匯中學,35,14,14.06
廣慈/奉天宮,三和國中,35,14,13.23
廣慈/奉天宮,三重國小,30,12,11.99
廣慈/奉天宮,迴龍,45,18,21.1
廣慈/奉天宮,丹鳳,45,18,19.7
廣慈/奉天宮,十四張,35,14,14.21
廣慈/奉天宮,秀朗橋,35,14,13.65
廣慈/奉天宮,景平,35,14,12.75
廣慈/奉天宮,中和,35,14,13.19
廣慈/奉天宮,橋和,35,14,13.82
廣慈/奉天宮,中原,35,14,14.56
廣慈/奉天宮,板新,40,16,15.96
廣慈/奉天宮,新埔民生,35,14,13.94
廣慈/奉天宮,幸福,40,16,16.73
廣慈/奉天宮,新北產業園區,40,16,17.97
廣慈/奉天宮,廣慈/奉天宮,0,0,0
